fold_id,model,date,y_true,y_pred,y_proba
0,majority,2015-10-19,0,1,0.5708884688090737
0,majority,2015-10-20,0,1,0.5708884688090737
0,majority,2015-10-21,1,1,0.5708884688090737
0,majority,2015-10-22,1,1,0.5708884688090737
0,majority,2015-10-23,0,1,0.5708884688090737
0,majority,2015-10-26,0,1,0.5708884688090737
0,majority,2015-10-27,1,1,0.5708884688090737
0,majority,2015-10-28,0,1,0.5708884688090737
0,majority,2015-10-29,0,1,0.5708884688090737
0,majority,2015-10-30,1,1,0.5708884688090737
0,majority,2015-11-02,1,1,0.5708884688090737
0,majority,2015-11-03,0,1,0.5708884688090737
0,majority,2015-11-04,0,1,0.5708884688090737
0,majority,2015-11-05,0,1,0.5708884688090737
0,majority,2015-11-06,0,1,0.5708884688090737
0,majority,2015-11-09,1,1,0.5708884688090737
0,majority,2015-11-10,0,1,0.5708884688090737
0,majority,2015-11-11,0,1,0.5708884688090737
0,majority,2015-11-12,0,1,0.5708884688090737
0,majority,2015-11-13,1,1,0.5708884688090737
0,majority,2015-11-16,0,1,0.5708884688090737
0,majority,2015-11-17,1,1,0.5708884688090737
0,majority,2015-11-18,0,1,0.5708884688090737
0,majority,2015-11-19,1,1,0.5708884688090737
0,majority,2015-11-20,0,1,0.5708884688090737
0,majority,2015-11-23,1,1,0.5708884688090737
0,majority,2015-11-24,0,1,0.5708884688090737
0,majority,2015-11-25,1,1,0.5708884688090737
0,majority,2015-11-27,0,1,0.5708884688090737
0,majority,2015-11-30,1,1,0.5708884688090737
0,majority,2015-12-01,0,1,0.5708884688090737
0,majority,2015-12-02,0,1,0.5708884688090737
0,majority,2015-12-03,1,1,0.5708884688090737
0,majority,2015-12-04,0,1,0.5708884688090737
0,majority,2015-12-07,0,1,0.5708884688090737
0,majority,2015-12-08,0,1,0.5708884688090737
0,majority,2015-12-09,1,1,0.5708884688090737
0,majority,2015-12-10,0,1,0.5708884688090737
0,majority,2015-12-11,1,1,0.5708884688090737
0,majority,2015-12-14,1,1,0.5708884688090737
0,majority,2015-12-15,1,1,0.5708884688090737
0,majority,2015-12-16,0,1,0.5708884688090737
0,majority,2015-12-17,0,1,0.5708884688090737
0,majority,2015-12-18,1,1,0.5708884688090737
0,majority,2015-12-21,1,1,0.5708884688090737
0,majority,2015-12-22,1,1,0.5708884688090737
0,majority,2015-12-23,0,1,0.5708884688090737
0,majority,2015-12-24,0,1,0.5708884688090737
0,majority,2015-12-28,1,1,0.5708884688090737
0,majority,2015-12-29,0,1,0.5708884688090737
0,majority,2015-12-30,0,1,0.5708884688090737
0,majority,2015-12-31,0,1,0.5708884688090737
0,majority,2016-01-04,1,1,0.5708884688090737
0,majority,2016-01-05,0,1,0.5708884688090737
0,majority,2016-01-06,0,1,0.5708884688090737
0,majority,2016-01-07,0,1,0.5708884688090737
0,majority,2016-01-08,1,1,0.5708884688090737
0,majority,2016-01-11,1,1,0.5708884688090737
0,majority,2016-01-12,0,1,0.5708884688090737
0,majority,2016-01-13,1,1,0.5708884688090737
0,majority,2016-01-14,0,1,0.5708884688090737
0,majority,2016-01-15,1,1,0.5708884688090737
0,majority,2016-01-19,0,1,0.5708884688090737
0,majority,2016-01-20,1,1,0.5708884688090737
0,majority,2016-01-21,1,1,0.5708884688090737
0,majority,2016-01-22,0,1,0.5708884688090737
0,majority,2016-01-25,1,1,0.5708884688090737
0,majority,2016-01-26,0,1,0.5708884688090737
0,majority,2016-01-27,1,1,0.5708884688090737
0,majority,2016-01-28,1,1,0.5708884688090737
0,majority,2016-01-29,0,1,0.5708884688090737
0,majority,2016-02-01,0,1,0.5708884688090737
0,majority,2016-02-02,1,1,0.5708884688090737
0,majority,2016-02-03,1,1,0.5708884688090737
0,majority,2016-02-04,0,1,0.5708884688090737
0,majority,2016-02-05,0,1,0.5708884688090737
0,majority,2016-02-08,1,1,0.5708884688090737
0,majority,2016-02-09,0,1,0.5708884688090737
0,majority,2016-02-10,0,1,0.5708884688090737
0,majority,2016-02-11,1,1,0.5708884688090737
0,majority,2016-02-12,1,1,0.5708884688090737
0,majority,2016-02-16,1,1,0.5708884688090737
0,majority,2016-02-17,0,1,0.5708884688090737
0,majority,2016-02-18,0,1,0.5708884688090737
0,majority,2016-02-19,1,1,0.5708884688090737
0,majority,2016-02-22,0,1,0.5708884688090737
0,majority,2016-02-23,1,1,0.5708884688090737
0,majority,2016-02-24,1,1,0.5708884688090737
0,majority,2016-02-25,0,1,0.5708884688090737
0,majority,2016-02-26,0,1,0.5708884688090737
0,majority,2016-02-29,1,1,0.5708884688090737
0,majority,2016-03-01,1,1,0.5708884688090737
0,majority,2016-03-02,1,1,0.5708884688090737
0,majority,2016-03-03,1,1,0.5708884688090737
0,majority,2016-03-04,1,1,0.5708884688090737
0,majority,2016-03-07,0,1,0.5708884688090737
0,majority,2016-03-08,1,1,0.5708884688090737
0,majority,2016-03-09,1,1,0.5708884688090737
0,majority,2016-03-10,1,1,0.5708884688090737
0,majority,2016-03-11,0,1,0.5708884688090737
0,majority,2016-03-14,0,1,0.5708884688090737
0,majority,2016-03-15,1,1,0.5708884688090737
0,majority,2016-03-16,1,1,0.5708884688090737
0,majority,2016-03-17,1,1,0.5708884688090737
0,majority,2016-03-18,1,1,0.5708884688090737
0,majority,2016-03-21,0,1,0.5708884688090737
0,majority,2016-03-22,0,1,0.5708884688090737
0,majority,2016-03-23,0,1,0.5708884688090737
0,majority,2016-03-24,1,1,0.5708884688090737
0,majority,2016-03-28,1,1,0.5708884688090737
0,majority,2016-03-29,1,1,0.5708884688090737
0,majority,2016-03-30,0,1,0.5708884688090737
0,majority,2016-03-31,1,1,0.5708884688090737
0,majority,2016-04-01,0,1,0.5708884688090737
0,majority,2016-04-04,0,1,0.5708884688090737
0,majority,2016-04-05,1,1,0.5708884688090737
0,majority,2016-04-06,0,1,0.5708884688090737
0,majority,2016-04-07,1,1,0.5708884688090737
0,majority,2016-04-08,0,1,0.5708884688090737
0,majority,2016-04-11,1,1,0.5708884688090737
0,majority,2016-04-12,1,1,0.5708884688090737
0,majority,2016-04-13,1,1,0.5708884688090737
0,majority,2016-04-14,0,1,0.5708884688090737
0,majority,2016-04-15,1,1,0.5708884688090737
0,majority,2016-04-18,1,1,0.5708884688090737
0,majority,2016-04-19,1,1,0.5708884688090737
0,naive,2015-10-19,0,1,0.5
0,naive,2015-10-20,0,0,0.5
0,naive,2015-10-21,1,0,0.5
0,naive,2015-10-22,1,1,0.5
0,naive,2015-10-23,0,1,0.5
0,naive,2015-10-26,0,0,0.5
0,naive,2015-10-27,1,0,0.5
0,naive,2015-10-28,0,1,0.5
0,naive,2015-10-29,0,0,0.5
0,naive,2015-10-30,1,0,0.5
0,naive,2015-11-02,1,1,0.5
0,naive,2015-11-03,0,1,0.5
0,naive,2015-11-04,0,0,0.5
0,naive,2015-11-05,0,0,0.5
0,naive,2015-11-06,0,0,0.5
0,naive,2015-11-09,1,0,0.5
0,naive,2015-11-10,0,1,0.5
0,naive,2015-11-11,0,0,0.5
0,naive,2015-11-12,0,0,0.5
0,naive,2015-11-13,1,0,0.5
0,naive,2015-11-16,0,1,0.5
0,naive,2015-11-17,1,0,0.5
0,naive,2015-11-18,0,1,0.5
0,naive,2015-11-19,1,0,0.5
0,naive,2015-11-20,0,1,0.5
0,naive,2015-11-23,1,0,0.5
0,naive,2015-11-24,0,1,0.5
0,naive,2015-11-25,1,0,0.5
0,naive,2015-11-27,0,1,0.5
0,naive,2015-11-30,1,0,0.5
0,naive,2015-12-01,0,1,0.5
0,naive,2015-12-02,0,0,0.5
0,naive,2015-12-03,1,0,0.5
0,naive,2015-12-04,0,1,0.5
0,naive,2015-12-07,0,0,0.5
0,naive,2015-12-08,0,0,0.5
0,naive,2015-12-09,1,0,0.5
0,naive,2015-12-10,0,1,0.5
0,naive,2015-12-11,1,0,0.5
0,naive,2015-12-14,1,1,0.5
0,naive,2015-12-15,1,1,0.5
0,naive,2015-12-16,0,1,0.5
0,naive,2015-12-17,0,0,0.5
0,naive,2015-12-18,1,0,0.5
0,naive,2015-12-21,1,1,0.5
0,naive,2015-12-22,1,1,0.5
0,naive,2015-12-23,0,1,0.5
0,naive,2015-12-24,0,0,0.5
0,naive,2015-12-28,1,0,0.5
0,naive,2015-12-29,0,1,0.5
0,naive,2015-12-30,0,0,0.5
0,naive,2015-12-31,0,0,0.5
0,naive,2016-01-04,1,0,0.5
0,naive,2016-01-05,0,1,0.5
0,naive,2016-01-06,0,0,0.5
0,naive,2016-01-07,0,0,0.5
0,naive,2016-01-08,1,0,0.5
0,naive,2016-01-11,1,1,0.5
0,naive,2016-01-12,0,1,0.5
0,naive,2016-01-13,1,0,0.5
0,naive,2016-01-14,0,1,0.5
0,naive,2016-01-15,1,0,0.5
0,naive,2016-01-19,0,1,0.5
0,naive,2016-01-20,1,0,0.5
0,naive,2016-01-21,1,1,0.5
0,naive,2016-01-22,0,1,0.5
0,naive,2016-01-25,1,0,0.5
0,naive,2016-01-26,0,1,0.5
0,naive,2016-01-27,1,0,0.5
0,naive,2016-01-28,1,1,0.5
0,naive,2016-01-29,0,1,0.5
0,naive,2016-02-01,0,0,0.5
0,naive,2016-02-02,1,0,0.5
0,naive,2016-02-03,1,1,0.5
0,naive,2016-02-04,0,1,0.5
0,naive,2016-02-05,0,0,0.5
0,naive,2016-02-08,1,0,0.5
0,naive,2016-02-09,0,1,0.5
0,naive,2016-02-10,0,0,0.5
0,naive,2016-02-11,1,0,0.5
0,naive,2016-02-12,1,1,0.5
0,naive,2016-02-16,1,1,0.5
0,naive,2016-02-17,0,1,0.5
0,naive,2016-02-18,0,0,0.5
0,naive,2016-02-19,1,0,0.5
0,naive,2016-02-22,0,1,0.5
0,naive,2016-02-23,1,0,0.5
0,naive,2016-02-24,1,1,0.5
0,naive,2016-02-25,0,1,0.5
0,naive,2016-02-26,0,0,0.5
0,naive,2016-02-29,1,0,0.5
0,naive,2016-03-01,1,1,0.5
0,naive,2016-03-02,1,1,0.5
0,naive,2016-03-03,1,1,0.5
0,naive,2016-03-04,1,1,0.5
0,naive,2016-03-07,0,1,0.5
0,naive,2016-03-08,1,0,0.5
0,naive,2016-03-09,1,1,0.5
0,naive,2016-03-10,1,1,0.5
0,naive,2016-03-11,0,1,0.5
0,naive,2016-03-14,0,0,0.5
0,naive,2016-03-15,1,0,0.5
0,naive,2016-03-16,1,1,0.5
0,naive,2016-03-17,1,1,0.5
0,naive,2016-03-18,1,1,0.5
0,naive,2016-03-21,0,1,0.5
0,naive,2016-03-22,0,0,0.5
0,naive,2016-03-23,0,0,0.5
0,naive,2016-03-24,1,0,0.5
0,naive,2016-03-28,1,1,0.5
0,naive,2016-03-29,1,1,0.5
0,naive,2016-03-30,0,1,0.5
0,naive,2016-03-31,1,0,0.5
0,naive,2016-04-01,0,1,0.5
0,naive,2016-04-04,0,0,0.5
0,naive,2016-04-05,1,0,0.5
0,naive,2016-04-06,0,1,0.5
0,naive,2016-04-07,1,0,0.5
0,naive,2016-04-08,0,1,0.5
0,naive,2016-04-11,1,0,0.5
0,naive,2016-04-12,1,1,0.5
0,naive,2016-04-13,1,1,0.5
0,naive,2016-04-14,0,1,0.5
0,naive,2016-04-15,1,0,0.5
0,naive,2016-04-18,1,1,0.5
0,naive,2016-04-19,1,1,0.5
0,logistic,2015-10-19,0,1,0.6478892391225418
0,logistic,2015-10-20,0,1,0.607745034816638
0,logistic,2015-10-21,1,1,0.5402062139044711
0,logistic,2015-10-22,1,1,0.5997480441271146
0,logistic,2015-10-23,0,1,0.6115385605550104
0,logistic,2015-10-26,0,1,0.5782387558156854
0,logistic,2015-10-27,1,1,0.5640235112748696
0,logistic,2015-10-28,0,0,0.4972446833461198
0,logistic,2015-10-29,0,1,0.5243318142037351
0,logistic,2015-10-30,1,1,0.5451345398636485
0,logistic,2015-11-02,1,1,0.5135606570706428
0,logistic,2015-11-03,0,0,0.46309700472071175
0,logistic,2015-11-04,0,0,0.48466796717488597
0,logistic,2015-11-05,0,0,0.4641158612337726
0,logistic,2015-11-06,0,0,0.38488582125595744
0,logistic,2015-11-09,1,0,0.46905608446998054
0,logistic,2015-11-10,0,0,0.4682696562833277
0,logistic,2015-11-11,0,0,0.42147427317679614
0,logistic,2015-11-12,0,0,0.4002464886402123
0,logistic,2015-11-13,1,0,0.38317765393747516
0,logistic,2015-11-16,0,0,0.31975171388567514
0,logistic,2015-11-17,1,0,0.39977721250353865
0,logistic,2015-11-18,0,0,0.44897166308359165
0,logistic,2015-11-19,1,0,0.45612697187143286
0,logistic,2015-11-20,0,0,0.4007979188690519
0,logistic,2015-11-23,1,1,0.5151369319673799
0,logistic,2015-11-24,0,0,0.4836453779706062
0,logistic,2015-11-25,1,1,0.5695880181095082
0,logistic,2015-11-27,0,1,0.5585404088527323
0,logistic,2015-11-30,1,1,0.5837535989483079
0,logistic,2015-12-01,0,1,0.5619377279704704
0,logistic,2015-12-02,0,1,0.5992859945751486
0,logistic,2015-12-03,1,1,0.568941606516169
0,logistic,2015-12-04,0,1,0.5593613197526703
0,logistic,2015-12-07,0,1,0.5266044156359185
0,logistic,2015-12-08,0,1,0.5832056913520525
0,logistic,2015-12-09,1,1,0.5545567265378395
0,logistic,2015-12-10,0,0,0.423037153415433
0,logistic,2015-12-11,1,1,0.5801912958153459
0,logistic,2015-12-14,1,1,0.5946489930772536
0,logistic,2015-12-15,1,1,0.6275883260268721
0,logistic,2015-12-16,0,1,0.6144446624183715
0,logistic,2015-12-17,0,1,0.7173442621910526
0,logistic,2015-12-18,1,1,0.5623141546137425
0,logistic,2015-12-21,1,1,0.59021017793191
0,logistic,2015-12-22,1,1,0.610258850626371
0,logistic,2015-12-23,0,1,0.7195962338080331
0,logistic,2015-12-24,0,1,0.7195238042786137
0,logistic,2015-12-28,1,1,0.6289373420943305
0,logistic,2015-12-29,0,1,0.6819094685697326
0,logistic,2015-12-30,0,1,0.6953612183830825
0,logistic,2015-12-31,0,1,0.7241969365762179
0,logistic,2016-01-04,1,1,0.6894239519513392
0,logistic,2016-01-05,0,1,0.6447476826101488
0,logistic,2016-01-06,0,1,0.7036539965240345
0,logistic,2016-01-07,0,1,0.6904484733354709
0,logistic,2016-01-08,1,1,0.6800395556463302
0,logistic,2016-01-11,1,1,0.7055978644916637
0,logistic,2016-01-12,0,1,0.7768680457198628
0,logistic,2016-01-13,1,1,0.7956360790239198
0,logistic,2016-01-14,0,1,0.7422165942049618
0,logistic,2016-01-15,1,1,0.7623521663959482
0,logistic,2016-01-19,0,1,0.7883110971870121
0,logistic,2016-01-20,1,1,0.8980334902500104
0,logistic,2016-01-21,1,1,0.8345511058264657
0,logistic,2016-01-22,0,1,0.9152972020407182
0,logistic,2016-01-25,1,1,0.8651595877943938
0,logistic,2016-01-26,0,1,0.8848013583421562
0,logistic,2016-01-27,1,1,0.8656438612823469
0,logistic,2016-01-28,1,1,0.8492060905267472
0,logistic,2016-01-29,0,1,0.9182467482543073
0,logistic,2016-02-01,0,1,0.8614598194798605
0,logistic,2016-02-02,1,1,0.9101757786091083
0,logistic,2016-02-03,1,1,0.8749819721906029
0,logistic,2016-02-04,0,1,0.8608209679995871
0,logistic,2016-02-05,0,1,0.8910324945079071
0,logistic,2016-02-08,1,1,0.8897518505362381
0,logistic,2016-02-09,0,1,0.8358708196699061
0,logistic,2016-02-10,0,1,0.814140495123152
0,logistic,2016-02-11,1,1,0.8579562069676537
0,logistic,2016-02-12,1,1,0.7993648200836935
0,logistic,2016-02-16,1,1,0.7958615111443672
0,logistic,2016-02-17,0,1,0.7969926612239788
0,logistic,2016-02-18,0,1,0.827178491447587
0,logistic,2016-02-19,1,1,0.725459643811493
0,logistic,2016-02-22,0,1,0.7852865319827175
0,logistic,2016-02-23,1,1,0.7937517098908712
0,logistic,2016-02-24,1,1,0.8331387396977533
0,logistic,2016-02-25,0,1,0.7983088832695601
0,logistic,2016-02-26,0,1,0.6990135860167704
0,logistic,2016-02-29,1,1,0.7690414982566337
0,logistic,2016-03-01,1,1,0.650002885884954
0,logistic,2016-03-02,1,1,0.6663546551158434
0,logistic,2016-03-03,1,1,0.6603925893759127
0,logistic,2016-03-04,1,1,0.6595030978519563
0,logistic,2016-03-07,0,1,0.5343918601022788
0,logistic,2016-03-08,1,1,0.6266122104905119
0,logistic,2016-03-09,1,1,0.5799782143462335
0,logistic,2016-03-10,1,1,0.6076825262126674
0,logistic,2016-03-11,0,1,0.5781041557808724
0,logistic,2016-03-14,0,1,0.5906046659092561
0,logistic,2016-03-15,1,0,0.4749041198525281
0,logistic,2016-03-16,1,1,0.5370594323619678
0,logistic,2016-03-17,1,0,0.4658080499093627
0,logistic,2016-03-18,1,1,0.5230993950775379
0,logistic,2016-03-21,0,0,0.4909648515222736
0,logistic,2016-03-22,0,0,0.43371801327293386
0,logistic,2016-03-23,0,0,0.4531305714834081
0,logistic,2016-03-24,1,0,0.43046249021859234
0,logistic,2016-03-28,1,0,0.44767210058836815
0,logistic,2016-03-29,1,0,0.4434942275453328
0,logistic,2016-03-30,0,0,0.4776676587577108
0,logistic,2016-03-31,1,0,0.4145880710001448
0,logistic,2016-04-01,0,0,0.43460482988848587
0,logistic,2016-04-04,0,0,0.4089907580066073
0,logistic,2016-04-05,1,0,0.4516385857423182
0,logistic,2016-04-06,0,0,0.46969521057223873
0,logistic,2016-04-07,1,0,0.44951264815972863
0,logistic,2016-04-08,0,0,0.46553294154749614
0,logistic,2016-04-11,1,0,0.4499158094791807
0,logistic,2016-04-12,1,0,0.38298182005882164
0,logistic,2016-04-13,1,1,0.5241646963579366
0,logistic,2016-04-14,0,0,0.47205250278443983
0,logistic,2016-04-15,1,0,0.48430360337314027
0,logistic,2016-04-18,1,0,0.4626908221730823
0,logistic,2016-04-19,1,0,0.48983805816308357
0,rf,2015-10-19,0,0,0.4487149594244154
0,rf,2015-10-20,0,1,0.5517251297139125
0,rf,2015-10-21,1,1,0.5184759528422908
0,rf,2015-10-22,1,1,0.5947919581961072
0,rf,2015-10-23,0,1,0.5834970837961254
0,rf,2015-10-26,0,1,0.5637046216678279
0,rf,2015-10-27,1,1,0.5100164253140744
0,rf,2015-10-28,0,0,0.45116496798031913
0,rf,2015-10-29,0,1,0.5423467571372749
0,rf,2015-10-30,1,1,0.5235902332994103
0,rf,2015-11-02,1,0,0.4751867132366337
0,rf,2015-11-03,0,0,0.4747494684172661
0,rf,2015-11-04,0,1,0.5088009876479829
0,rf,2015-11-05,0,0,0.48421893429570473
0,rf,2015-11-06,0,1,0.5295972498634418
0,rf,2015-11-09,1,1,0.5099432076505924
0,rf,2015-11-10,0,1,0.5043656072480346
0,rf,2015-11-11,0,1,0.5275137289386866
0,rf,2015-11-12,0,1,0.5249457986337066
0,rf,2015-11-13,1,0,0.49718962944225653
0,rf,2015-11-16,0,0,0.4642328114764118
0,rf,2015-11-17,1,0,0.4972342114976655
0,rf,2015-11-18,0,0,0.49485513745275206
0,rf,2015-11-19,1,1,0.5306013221547423
0,rf,2015-11-20,0,0,0.45713416276387137
0,rf,2015-11-23,1,1,0.5151253787495975
0,rf,2015-11-24,0,0,0.487770986103088
0,rf,2015-11-25,1,1,0.5521950960085031
0,rf,2015-11-27,0,1,0.5126745437552642
0,rf,2015-11-30,1,1,0.5377624187161796
0,rf,2015-12-01,0,1,0.5725298051217909
0,rf,2015-12-02,0,1,0.5552174874354273
0,rf,2015-12-03,1,1,0.5165958091951808
0,rf,2015-12-04,0,1,0.5148995739036971
0,rf,2015-12-07,0,1,0.5209443434713841
0,rf,2015-12-08,0,1,0.6063317776691879
0,rf,2015-12-09,1,1,0.5881174872917514
0,rf,2015-12-10,0,1,0.5485036670839218
0,rf,2015-12-11,1,0,0.4957516199259125
0,rf,2015-12-14,1,0,0.454282024697442
0,rf,2015-12-15,1,1,0.5564717235454711
0,rf,2015-12-16,0,1,0.574223756611684
0,rf,2015-12-17,0,1,0.6107904223168819
0,rf,2015-12-18,1,0,0.46880338825672413
0,rf,2015-12-21,1,0,0.46447981326009624
0,rf,2015-12-22,1,1,0.5513646183345403
0,rf,2015-12-23,0,1,0.6185747518042536
0,rf,2015-12-24,0,1,0.6435854564496508
0,rf,2015-12-28,1,1,0.5789466220729336
0,rf,2015-12-29,0,1,0.6495288541852188
0,rf,2015-12-30,0,1,0.5874311476299952
0,rf,2015-12-31,0,1,0.5412571259925716
0,rf,2016-01-04,1,0,0.46130114475777206
0,rf,2016-01-05,0,0,0.4671345401691983
0,rf,2016-01-06,0,0,0.4067348536035116
0,rf,2016-01-07,0,0,0.4851564230498726
0,rf,2016-01-08,1,1,0.5300813564319614
0,rf,2016-01-11,1,0,0.4696510695496878
0,rf,2016-01-12,0,1,0.5433877324202677
0,rf,2016-01-13,1,1,0.5341747209597933
0,rf,2016-01-14,0,1,0.6065804401206311
0,rf,2016-01-15,1,1,0.5227133069821879
0,rf,2016-01-19,0,1,0.5766674403915273
0,rf,2016-01-20,1,1,0.6353405107845472
0,rf,2016-01-21,1,1,0.5757862645922481
0,rf,2016-01-22,0,1,0.5533827841474305
0,rf,2016-01-25,1,1,0.6233608788184846
0,rf,2016-01-26,0,1,0.5788363383337928
0,rf,2016-01-27,1,1,0.5494160988930269
0,rf,2016-01-28,1,1,0.5405328338926433
0,rf,2016-01-29,0,1,0.5651893994776153
0,rf,2016-02-01,0,0,0.4957094117701959
0,rf,2016-02-02,1,1,0.525677878920388
0,rf,2016-02-03,1,0,0.4614143589478875
0,rf,2016-02-04,0,1,0.5051603970521542
0,rf,2016-02-05,0,1,0.5211819179604329
0,rf,2016-02-08,1,1,0.6030807913765376
0,rf,2016-02-09,0,1,0.6201967102948324
0,rf,2016-02-10,0,1,0.5767539884504086
0,rf,2016-02-11,1,1,0.5703011009711393
0,rf,2016-02-12,1,1,0.6469150958924942
0,rf,2016-02-16,1,1,0.5495017659763506
0,rf,2016-02-17,0,1,0.5032013565389143
0,rf,2016-02-18,0,1,0.5156999682276027
0,rf,2016-02-19,1,0,0.4611682109983487
0,rf,2016-02-22,0,1,0.534985360222447
0,rf,2016-02-23,1,0,0.4903345767493614
0,rf,2016-02-24,1,0,0.4869452953684986
0,rf,2016-02-25,0,1,0.5258460427544813
0,rf,2016-02-26,0,1,0.5322302188666211
0,rf,2016-02-29,1,1,0.5663963213397087
0,rf,2016-03-01,1,1,0.514819718092064
0,rf,2016-03-02,1,0,0.4704302994602787
0,rf,2016-03-03,1,0,0.4236017659219082
0,rf,2016-03-04,1,1,0.5121918269181439
0,rf,2016-03-07,0,1,0.5016742844817951
0,rf,2016-03-08,1,1,0.55085548497933
0,rf,2016-03-09,1,1,0.5569064102228017
0,rf,2016-03-10,1,1,0.5714377965974581
0,rf,2016-03-11,0,0,0.4963148163994103
0,rf,2016-03-14,0,1,0.6081330543613154
0,rf,2016-03-15,1,1,0.5153684857141974
0,rf,2016-03-16,1,1,0.5788837173683661
0,rf,2016-03-17,1,0,0.48296148172513265
0,rf,2016-03-18,1,0,0.48605945119294647
0,rf,2016-03-21,0,0,0.49610575242324456
0,rf,2016-03-22,0,1,0.5002857256347673
0,rf,2016-03-23,0,1,0.5364022792040202
0,rf,2016-03-24,1,1,0.536169620024235
0,rf,2016-03-28,1,1,0.5249082987067413
0,rf,2016-03-29,1,1,0.5080093675635141
0,rf,2016-03-30,0,1,0.5067006223155834
0,rf,2016-03-31,1,0,0.49999140160086064
0,rf,2016-04-01,0,0,0.49165556604606353
0,rf,2016-04-04,0,1,0.525154969529947
0,rf,2016-04-05,1,1,0.5298398960018073
0,rf,2016-04-06,0,1,0.5326247243403046
0,rf,2016-04-07,1,1,0.5131974954326466
0,rf,2016-04-08,0,0,0.4902003416275786
0,rf,2016-04-11,1,0,0.4869837938626576
0,rf,2016-04-12,1,0,0.4416532719477383
0,rf,2016-04-13,1,1,0.6267796819152561
0,rf,2016-04-14,0,0,0.4718139254412048
0,rf,2016-04-15,1,0,0.4923164743144953
0,rf,2016-04-18,1,1,0.5184377448709973
0,rf,2016-04-19,1,1,0.5728775119964916
0,xgb,2015-10-19,0,0,0.37977463006973267
0,xgb,2015-10-20,0,1,0.6339440941810608
0,xgb,2015-10-21,1,1,0.6207634210586548
0,xgb,2015-10-22,1,1,0.6088709831237793
0,xgb,2015-10-23,0,1,0.7253147959709167
0,xgb,2015-10-26,0,1,0.645709753036499
0,xgb,2015-10-27,1,0,0.3999868631362915
0,xgb,2015-10-28,0,0,0.20121915638446808
0,xgb,2015-10-29,0,0,0.39027678966522217
0,xgb,2015-10-30,1,0,0.38040176033973694
0,xgb,2015-11-02,1,0,0.15857289731502533
0,xgb,2015-11-03,0,0,0.4845043122768402
0,xgb,2015-11-04,0,0,0.44502171874046326
0,xgb,2015-11-05,0,0,0.25376126170158386
0,xgb,2015-11-06,0,0,0.4837207496166229
0,xgb,2015-11-09,1,1,0.7095796465873718
0,xgb,2015-11-10,0,0,0.37616676092147827
0,xgb,2015-11-11,0,1,0.5504383444786072
0,xgb,2015-11-12,0,1,0.6197706460952759
0,xgb,2015-11-13,1,1,0.5965716242790222
0,xgb,2015-11-16,0,0,0.4558507800102234
0,xgb,2015-11-17,1,0,0.40350043773651123
0,xgb,2015-11-18,0,0,0.44257619976997375
0,xgb,2015-11-19,1,1,0.6728146076202393
0,xgb,2015-11-20,0,0,0.3266898989677429
0,xgb,2015-11-23,1,1,0.5775160789489746
0,xgb,2015-11-24,0,0,0.40480831265449524
0,xgb,2015-11-25,1,1,0.6787312030792236
0,xgb,2015-11-27,0,1,0.5748201608657837
0,xgb,2015-11-30,1,1,0.5478978157043457
0,xgb,2015-12-01,0,1,0.5972680449485779
0,xgb,2015-12-02,0,0,0.467769056558609
0,xgb,2015-12-03,1,1,0.5574766993522644
0,xgb,2015-12-04,0,1,0.6239432096481323
0,xgb,2015-12-07,0,0,0.46578577160835266
0,xgb,2015-12-08,0,1,0.8079567551612854
0,xgb,2015-12-09,1,1,0.6781303882598877
0,xgb,2015-12-10,0,1,0.5531585812568665
0,xgb,2015-12-11,1,1,0.6515102386474609
0,xgb,2015-12-14,1,0,0.3723776638507843
0,xgb,2015-12-15,1,0,0.45324814319610596
0,xgb,2015-12-16,0,1,0.5620185136795044
0,xgb,2015-12-17,0,1,0.6400921940803528
0,xgb,2015-12-18,1,0,0.34262222051620483
0,xgb,2015-12-21,1,0,0.2782287001609802
0,xgb,2015-12-22,1,0,0.27109792828559875
0,xgb,2015-12-23,0,1,0.5685723423957825
0,xgb,2015-12-24,0,1,0.5218291282653809
0,xgb,2015-12-28,1,0,0.4806978404521942
0,xgb,2015-12-29,0,1,0.7770270109176636
0,xgb,2015-12-30,0,0,0.47185903787612915
0,xgb,2015-12-31,0,1,0.5645531415939331
0,xgb,2016-01-04,1,1,0.533489465713501
0,xgb,2016-01-05,0,0,0.4621617794036865
0,xgb,2016-01-06,0,0,0.3742077052593231
0,xgb,2016-01-07,0,0,0.36900341510772705
0,xgb,2016-01-08,1,0,0.3887167274951935
0,xgb,2016-01-11,1,0,0.34870535135269165
0,xgb,2016-01-12,0,1,0.6161283850669861
0,xgb,2016-01-13,1,1,0.6024227738380432
0,xgb,2016-01-14,0,1,0.8062633872032166
0,xgb,2016-01-15,1,1,0.534079909324646
0,xgb,2016-01-19,0,1,0.6621507406234741
0,xgb,2016-01-20,1,1,0.8013256788253784
0,xgb,2016-01-21,1,1,0.6068087816238403
0,xgb,2016-01-22,0,1,0.7435286641120911
0,xgb,2016-01-25,1,1,0.7542055249214172
0,xgb,2016-01-26,0,1,0.6462010145187378
0,xgb,2016-01-27,1,1,0.7023880481719971
0,xgb,2016-01-28,1,1,0.557289719581604
0,xgb,2016-01-29,0,1,0.870428204536438
0,xgb,2016-02-01,0,1,0.7254393696784973
0,xgb,2016-02-02,1,0,0.4755118787288666
0,xgb,2016-02-03,1,0,0.27542492747306824
0,xgb,2016-02-04,0,0,0.38116320967674255
0,xgb,2016-02-05,0,1,0.6443397998809814
0,xgb,2016-02-08,1,0,0.41928204894065857
0,xgb,2016-02-09,0,0,0.46270930767059326
0,xgb,2016-02-10,0,1,0.6186075806617737
0,xgb,2016-02-11,1,0,0.37102624773979187
0,xgb,2016-02-12,1,1,0.7196740508079529
0,xgb,2016-02-16,1,0,0.4669007658958435
0,xgb,2016-02-17,0,0,0.3900308907032013
0,xgb,2016-02-18,0,1,0.550719141960144
0,xgb,2016-02-19,1,0,0.23596835136413574
0,xgb,2016-02-22,0,0,0.4410717487335205
0,xgb,2016-02-23,1,0,0.49101343750953674
0,xgb,2016-02-24,1,0,0.442322313785553
0,xgb,2016-02-25,0,0,0.37560415267944336
0,xgb,2016-02-26,0,0,0.3197096288204193
0,xgb,2016-02-29,1,1,0.6818349957466125
0,xgb,2016-03-01,1,0,0.3928528130054474
0,xgb,2016-03-02,1,1,0.5710116624832153
0,xgb,2016-03-03,1,0,0.1279865950345993
0,xgb,2016-03-04,1,0,0.2237250953912735
0,xgb,2016-03-07,0,1,0.5024906396865845
0,xgb,2016-03-08,1,1,0.5926862955093384
0,xgb,2016-03-09,1,0,0.3874623477458954
0,xgb,2016-03-10,1,1,0.6941781044006348
0,xgb,2016-03-11,0,0,0.48237404227256775
0,xgb,2016-03-14,0,1,0.8237267732620239
0,xgb,2016-03-15,1,1,0.7297297120094299
0,xgb,2016-03-16,1,1,0.7921010255813599
0,xgb,2016-03-17,1,0,0.4430612623691559
0,xgb,2016-03-18,1,1,0.5041258931159973
0,xgb,2016-03-21,0,1,0.5934317111968994
0,xgb,2016-03-22,0,0,0.47866347432136536
0,xgb,2016-03-23,0,0,0.47901761531829834
0,xgb,2016-03-24,1,0,0.4480624496936798
0,xgb,2016-03-28,1,1,0.6881117820739746
0,xgb,2016-03-29,1,1,0.5353705883026123
0,xgb,2016-03-30,0,0,0.19452592730522156
0,xgb,2016-03-31,1,0,0.35247939825057983
0,xgb,2016-04-01,0,0,0.34595057368278503
0,xgb,2016-04-04,0,0,0.4724748730659485
0,xgb,2016-04-05,1,1,0.6290411353111267
0,xgb,2016-04-06,0,1,0.5300227999687195
0,xgb,2016-04-07,1,0,0.45570260286331177
0,xgb,2016-04-08,0,0,0.45277002453804016
0,xgb,2016-04-11,1,0,0.4403952360153198
0,xgb,2016-04-12,1,0,0.4180988073348999
0,xgb,2016-04-13,1,1,0.8237044215202332
0,xgb,2016-04-14,0,0,0.4593963325023651
0,xgb,2016-04-15,1,1,0.6312722563743591
0,xgb,2016-04-18,1,1,0.6320255994796753
0,xgb,2016-04-19,1,1,0.8061770796775818
1,majority,2016-04-29,1,1,0.5533522190745986
1,majority,2016-05-02,0,1,0.5533522190745986
1,majority,2016-05-03,0,1,0.5533522190745986
1,majority,2016-05-04,0,1,0.5533522190745986
1,majority,2016-05-05,1,1,0.5533522190745986
1,majority,2016-05-06,1,1,0.5533522190745986
1,majority,2016-05-09,1,1,0.5533522190745986
1,majority,2016-05-10,0,1,0.5533522190745986
1,majority,2016-05-11,1,1,0.5533522190745986
1,majority,2016-05-12,0,1,0.5533522190745986
1,majority,2016-05-13,1,1,0.5533522190745986
1,majority,2016-05-16,0,1,0.5533522190745986
1,majority,2016-05-17,1,1,0.5533522190745986
1,majority,2016-05-18,0,1,0.5533522190745986
1,majority,2016-05-19,1,1,0.5533522190745986
1,majority,2016-05-20,0,1,0.5533522190745986
1,majority,2016-05-23,1,1,0.5533522190745986
1,majority,2016-05-24,1,1,0.5533522190745986
1,majority,2016-05-25,1,1,0.5533522190745986
1,majority,2016-05-26,1,1,0.5533522190745986
1,majority,2016-05-27,0,1,0.5533522190745986
1,majority,2016-05-31,1,1,0.5533522190745986
1,majority,2016-06-01,1,1,0.5533522190745986
1,majority,2016-06-02,0,1,0.5533522190745986
1,majority,2016-06-03,1,1,0.5533522190745986
1,majority,2016-06-06,1,1,0.5533522190745986
1,majority,2016-06-07,1,1,0.5533522190745986
1,majority,2016-06-08,0,1,0.5533522190745986
1,majority,2016-06-09,0,1,0.5533522190745986
1,majority,2016-06-10,0,1,0.5533522190745986
1,majority,2016-06-13,0,1,0.5533522190745986
1,majority,2016-06-14,0,1,0.5533522190745986
1,majority,2016-06-15,1,1,0.5533522190745986
1,majority,2016-06-16,0,1,0.5533522190745986
1,majority,2016-06-17,1,1,0.5533522190745986
1,majority,2016-06-20,1,1,0.5533522190745986
1,majority,2016-06-21,0,1,0.5533522190745986
1,majority,2016-06-22,1,1,0.5533522190745986
1,majority,2016-06-23,0,1,0.5533522190745986
1,majority,2016-06-24,0,1,0.5533522190745986
1,majority,2016-06-27,1,1,0.5533522190745986
1,majority,2016-06-28,1,1,0.5533522190745986
1,majority,2016-06-29,1,1,0.5533522190745986
1,majority,2016-06-30,1,1,0.5533522190745986
1,majority,2016-07-01,0,1,0.5533522190745986
1,majority,2016-07-05,1,1,0.5533522190745986
1,majority,2016-07-06,0,1,0.5533522190745986
1,majority,2016-07-07,1,1,0.5533522190745986
1,majority,2016-07-08,1,1,0.5533522190745986
1,majority,2016-07-11,1,1,0.5533522190745986
1,majority,2016-07-12,0,1,0.5533522190745986
1,majority,2016-07-13,1,1,0.5533522190745986
1,majority,2016-07-14,0,1,0.5533522190745986
1,majority,2016-07-15,1,1,0.5533522190745986
1,majority,2016-07-18,0,1,0.5533522190745986
1,majority,2016-07-19,1,1,0.5533522190745986
1,majority,2016-07-20,0,1,0.5533522190745986
1,majority,2016-07-21,1,1,0.5533522190745986
1,majority,2016-07-22,0,1,0.5533522190745986
1,majority,2016-07-25,1,1,0.5533522190745986
1,majority,2016-07-26,0,1,0.5533522190745986
1,majority,2016-07-27,1,1,0.5533522190745986
1,majority,2016-07-28,1,1,0.5533522190745986
1,majority,2016-07-29,0,1,0.5533522190745986
1,majority,2016-08-01,0,1,0.5533522190745986
1,majority,2016-08-02,1,1,0.5533522190745986
1,majority,2016-08-03,1,1,0.5533522190745986
1,majority,2016-08-04,1,1,0.5533522190745986
1,majority,2016-08-05,0,1,0.5533522190745986
1,majority,2016-08-08,1,1,0.5533522190745986
1,majority,2016-08-09,0,1,0.5533522190745986
1,majority,2016-08-10,1,1,0.5533522190745986
1,majority,2016-08-11,0,1,0.5533522190745986
1,majority,2016-08-12,1,1,0.5533522190745986
1,majority,2016-08-15,0,1,0.5533522190745986
1,majority,2016-08-16,1,1,0.5533522190745986
1,majority,2016-08-17,1,1,0.5533522190745986
1,majority,2016-08-18,0,1,0.5533522190745986
1,majority,2016-08-19,0,1,0.5533522190745986
1,majority,2016-08-22,1,1,0.5533522190745986
1,majority,2016-08-23,0,1,0.5533522190745986
1,majority,2016-08-24,0,1,0.5533522190745986
1,majority,2016-08-25,0,1,0.5533522190745986
1,majority,2016-08-26,1,1,0.5533522190745986
1,majority,2016-08-29,0,1,0.5533522190745986
1,majority,2016-08-30,0,1,0.5533522190745986
1,majority,2016-08-31,1,1,0.5533522190745986
1,majority,2016-09-01,1,1,0.5533522190745986
1,majority,2016-09-02,1,1,0.5533522190745986
1,majority,2016-09-06,0,1,0.5533522190745986
1,majority,2016-09-07,0,1,0.5533522190745986
1,majority,2016-09-08,0,1,0.5533522190745986
1,majority,2016-09-09,1,1,0.5533522190745986
1,majority,2016-09-12,0,1,0.5533522190745986
1,majority,2016-09-13,0,1,0.5533522190745986
1,majority,2016-09-14,1,1,0.5533522190745986
1,majority,2016-09-15,0,1,0.5533522190745986
1,majority,2016-09-16,1,1,0.5533522190745986
1,majority,2016-09-19,1,1,0.5533522190745986
1,majority,2016-09-20,1,1,0.5533522190745986
1,majority,2016-09-21,1,1,0.5533522190745986
1,majority,2016-09-22,0,1,0.5533522190745986
1,majority,2016-09-23,0,1,0.5533522190745986
1,majority,2016-09-26,1,1,0.5533522190745986
1,majority,2016-09-27,1,1,0.5533522190745986
1,majority,2016-09-28,0,1,0.5533522190745986
1,majority,2016-09-29,1,1,0.5533522190745986
1,majority,2016-09-30,0,1,0.5533522190745986
1,majority,2016-10-03,0,1,0.5533522190745986
1,majority,2016-10-04,1,1,0.5533522190745986
1,majority,2016-10-05,1,1,0.5533522190745986
1,majority,2016-10-06,0,1,0.5533522190745986
1,majority,2016-10-07,1,1,0.5533522190745986
1,majority,2016-10-10,0,1,0.5533522190745986
1,majority,2016-10-11,1,1,0.5533522190745986
1,majority,2016-10-12,0,1,0.5533522190745986
1,majority,2016-10-13,1,1,0.5533522190745986
1,majority,2016-10-14,0,1,0.5533522190745986
1,majority,2016-10-17,1,1,0.5533522190745986
1,majority,2016-10-18,1,1,0.5533522190745986
1,majority,2016-10-19,0,1,0.5533522190745986
1,majority,2016-10-20,1,1,0.5533522190745986
1,majority,2016-10-21,1,1,0.5533522190745986
1,majority,2016-10-24,0,1,0.5533522190745986
1,majority,2016-10-25,0,1,0.5533522190745986
1,majority,2016-10-26,0,1,0.5533522190745986
1,naive,2016-04-29,1,0,0.5
1,naive,2016-05-02,0,1,0.5
1,naive,2016-05-03,0,0,0.5
1,naive,2016-05-04,0,0,0.5
1,naive,2016-05-05,1,0,0.5
1,naive,2016-05-06,1,1,0.5
1,naive,2016-05-09,1,1,0.5
1,naive,2016-05-10,0,1,0.5
1,naive,2016-05-11,1,0,0.5
1,naive,2016-05-12,0,1,0.5
1,naive,2016-05-13,1,0,0.5
1,naive,2016-05-16,0,1,0.5
1,naive,2016-05-17,1,0,0.5
1,naive,2016-05-18,0,1,0.5
1,naive,2016-05-19,1,0,0.5
1,naive,2016-05-20,0,1,0.5
1,naive,2016-05-23,1,0,0.5
1,naive,2016-05-24,1,1,0.5
1,naive,2016-05-25,1,1,0.5
1,naive,2016-05-26,1,1,0.5
1,naive,2016-05-27,0,1,0.5
1,naive,2016-05-31,1,0,0.5
1,naive,2016-06-01,1,1,0.5
1,naive,2016-06-02,0,1,0.5
1,naive,2016-06-03,1,0,0.5
1,naive,2016-06-06,1,1,0.5
1,naive,2016-06-07,1,1,0.5
1,naive,2016-06-08,0,1,0.5
1,naive,2016-06-09,0,0,0.5
1,naive,2016-06-10,0,0,0.5
1,naive,2016-06-13,0,0,0.5
1,naive,2016-06-14,0,0,0.5
1,naive,2016-06-15,1,0,0.5
1,naive,2016-06-16,0,1,0.5
1,naive,2016-06-17,1,0,0.5
1,naive,2016-06-20,1,1,0.5
1,naive,2016-06-21,0,1,0.5
1,naive,2016-06-22,1,0,0.5
1,naive,2016-06-23,0,1,0.5
1,naive,2016-06-24,0,0,0.5
1,naive,2016-06-27,1,0,0.5
1,naive,2016-06-28,1,1,0.5
1,naive,2016-06-29,1,1,0.5
1,naive,2016-06-30,1,1,0.5
1,naive,2016-07-01,0,1,0.5
1,naive,2016-07-05,1,0,0.5
1,naive,2016-07-06,0,1,0.5
1,naive,2016-07-07,1,0,0.5
1,naive,2016-07-08,1,1,0.5
1,naive,2016-07-11,1,1,0.5
1,naive,2016-07-12,0,1,0.5
1,naive,2016-07-13,1,0,0.5
1,naive,2016-07-14,0,1,0.5
1,naive,2016-07-15,1,0,0.5
1,naive,2016-07-18,0,1,0.5
1,naive,2016-07-19,1,0,0.5
1,naive,2016-07-20,0,1,0.5
1,naive,2016-07-21,1,0,0.5
1,naive,2016-07-22,0,1,0.5
1,naive,2016-07-25,1,0,0.5
1,naive,2016-07-26,0,1,0.5
1,naive,2016-07-27,1,0,0.5
1,naive,2016-07-28,1,1,0.5
1,naive,2016-07-29,0,1,0.5
1,naive,2016-08-01,0,0,0.5
1,naive,2016-08-02,1,0,0.5
1,naive,2016-08-03,1,1,0.5
1,naive,2016-08-04,1,1,0.5
1,naive,2016-08-05,0,1,0.5
1,naive,2016-08-08,1,0,0.5
1,naive,2016-08-09,0,1,0.5
1,naive,2016-08-10,1,0,0.5
1,naive,2016-08-11,0,1,0.5
1,naive,2016-08-12,1,0,0.5
1,naive,2016-08-15,0,1,0.5
1,naive,2016-08-16,1,0,0.5
1,naive,2016-08-17,1,1,0.5
1,naive,2016-08-18,0,1,0.5
1,naive,2016-08-19,0,0,0.5
1,naive,2016-08-22,1,0,0.5
1,naive,2016-08-23,0,1,0.5
1,naive,2016-08-24,0,0,0.5
1,naive,2016-08-25,0,0,0.5
1,naive,2016-08-26,1,0,0.5
1,naive,2016-08-29,0,1,0.5
1,naive,2016-08-30,0,0,0.5
1,naive,2016-08-31,1,0,0.5
1,naive,2016-09-01,1,1,0.5
1,naive,2016-09-02,1,1,0.5
1,naive,2016-09-06,0,1,0.5
1,naive,2016-09-07,0,0,0.5
1,naive,2016-09-08,0,0,0.5
1,naive,2016-09-09,1,0,0.5
1,naive,2016-09-12,0,1,0.5
1,naive,2016-09-13,0,0,0.5
1,naive,2016-09-14,1,0,0.5
1,naive,2016-09-15,0,1,0.5
1,naive,2016-09-16,1,0,0.5
1,naive,2016-09-19,1,1,0.5
1,naive,2016-09-20,1,1,0.5
1,naive,2016-09-21,1,1,0.5
1,naive,2016-09-22,0,1,0.5
1,naive,2016-09-23,0,0,0.5
1,naive,2016-09-26,1,0,0.5
1,naive,2016-09-27,1,1,0.5
1,naive,2016-09-28,0,1,0.5
1,naive,2016-09-29,1,0,0.5
1,naive,2016-09-30,0,1,0.5
1,naive,2016-10-03,0,0,0.5
1,naive,2016-10-04,1,0,0.5
1,naive,2016-10-05,1,1,0.5
1,naive,2016-10-06,0,1,0.5
1,naive,2016-10-07,1,0,0.5
1,naive,2016-10-10,0,1,0.5
1,naive,2016-10-11,1,0,0.5
1,naive,2016-10-12,0,1,0.5
1,naive,2016-10-13,1,0,0.5
1,naive,2016-10-14,0,1,0.5
1,naive,2016-10-17,1,0,0.5
1,naive,2016-10-18,1,1,0.5
1,naive,2016-10-19,0,1,0.5
1,naive,2016-10-20,1,0,0.5
1,naive,2016-10-21,1,1,0.5
1,naive,2016-10-24,0,1,0.5
1,naive,2016-10-25,0,0,0.5
1,naive,2016-10-26,0,0,0.5
1,logistic,2016-04-29,1,0,0.4682351008497858
1,logistic,2016-05-02,0,0,0.4577217443829512
1,logistic,2016-05-03,0,0,0.48624203989767867
1,logistic,2016-05-04,0,0,0.4973605510083193
1,logistic,2016-05-05,1,0,0.4697285711426073
1,logistic,2016-05-06,1,0,0.47141800818640384
1,logistic,2016-05-09,1,1,0.5186941585931422
1,logistic,2016-05-10,0,0,0.48031389681320796
1,logistic,2016-05-11,1,0,0.4922546531016152
1,logistic,2016-05-12,0,0,0.48726668889887187
1,logistic,2016-05-13,1,0,0.4995863254619017
1,logistic,2016-05-16,0,0,0.4810626310192752
1,logistic,2016-05-17,1,1,0.5422477109860867
1,logistic,2016-05-18,0,0,0.4984981314734108
1,logistic,2016-05-19,1,1,0.5181540557896098
1,logistic,2016-05-20,0,0,0.48827003322545715
1,logistic,2016-05-23,1,1,0.5414917683128038
1,logistic,2016-05-24,1,0,0.493774464906657
1,logistic,2016-05-25,1,1,0.5134573442828944
1,logistic,2016-05-26,1,0,0.4997600168028863
1,logistic,2016-05-27,0,1,0.5086558221458911
1,logistic,2016-05-31,1,0,0.48304591331638436
1,logistic,2016-06-01,1,1,0.512975606142042
1,logistic,2016-06-02,0,1,0.512878863150383
1,logistic,2016-06-03,1,1,0.5030147369386526
1,logistic,2016-06-06,1,1,0.5086714456269367
1,logistic,2016-06-07,1,0,0.49464239555147815
1,logistic,2016-06-08,0,0,0.4963686167588286
1,logistic,2016-06-09,0,1,0.5016459252490537
1,logistic,2016-06-10,0,0,0.4899155293813854
1,logistic,2016-06-13,0,1,0.5007513821628915
1,logistic,2016-06-14,0,0,0.49440227317192825
1,logistic,2016-06-15,1,1,0.5109060149900726
1,logistic,2016-06-16,0,1,0.5190982843470128
1,logistic,2016-06-17,1,1,0.5038416778686104
1,logistic,2016-06-20,1,0,0.4891764336295347
1,logistic,2016-06-21,0,0,0.4960017316554233
1,logistic,2016-06-22,1,0,0.4939652886371509
1,logistic,2016-06-23,0,0,0.49412865640594217
1,logistic,2016-06-24,0,1,0.5095300047935213
1,logistic,2016-06-27,1,1,0.5150023246460902
1,logistic,2016-06-28,1,1,0.5119193657694131
1,logistic,2016-06-29,1,1,0.5365824076888017
1,logistic,2016-06-30,1,1,0.6177206822314721
1,logistic,2016-07-01,0,1,0.500151854482759
1,logistic,2016-07-05,1,0,0.4603163985764008
1,logistic,2016-07-06,0,1,0.504122517290586
1,logistic,2016-07-07,1,1,0.5215243226438135
1,logistic,2016-07-08,1,1,0.5337940005098872
1,logistic,2016-07-11,1,1,0.5329156738945595
1,logistic,2016-07-12,0,0,0.4943544720012872
1,logistic,2016-07-13,1,1,0.5076746143481953
1,logistic,2016-07-14,0,0,0.477808727218655
1,logistic,2016-07-15,1,1,0.5077890814929455
1,logistic,2016-07-18,0,0,0.48414803757669
1,logistic,2016-07-19,1,0,0.4962306480085164
1,logistic,2016-07-20,0,0,0.47783010502068796
1,logistic,2016-07-21,1,0,0.49654051332589083
1,logistic,2016-07-22,0,0,0.47543887180592487
1,logistic,2016-07-25,1,0,0.49017318611080096
1,logistic,2016-07-26,0,0,0.4751721315613501
1,logistic,2016-07-27,1,0,0.4821128341345176
1,logistic,2016-07-28,1,0,0.4620660581914088
1,logistic,2016-07-29,0,0,0.48023728839770985
1,logistic,2016-08-01,0,0,0.4641194622586883
1,logistic,2016-08-02,1,0,0.4705855523793946
1,logistic,2016-08-03,1,0,0.45403981399859156
1,logistic,2016-08-04,1,0,0.45830579980146086
1,logistic,2016-08-05,0,0,0.4628678763756998
1,logistic,2016-08-08,1,0,0.4684612788004628
1,logistic,2016-08-09,0,0,0.4454496100739226
1,logistic,2016-08-10,1,0,0.4559723532733863
1,logistic,2016-08-11,0,0,0.44582785831199206
1,logistic,2016-08-12,1,0,0.47309550257512106
1,logistic,2016-08-15,0,0,0.4596351128780868
1,logistic,2016-08-16,1,0,0.4682925435316098
1,logistic,2016-08-17,1,0,0.45114868812351067
1,logistic,2016-08-18,0,0,0.46821114161119476
1,logistic,2016-08-19,0,0,0.4628049629857789
1,logistic,2016-08-22,1,0,0.4733068568691781
1,logistic,2016-08-23,0,0,0.45205251974233474
1,logistic,2016-08-24,0,0,0.4706863791876235
1,logistic,2016-08-25,0,0,0.46943295059384277
1,logistic,2016-08-26,1,0,0.463297813122453
1,logistic,2016-08-29,0,0,0.4643325447593051
1,logistic,2016-08-30,0,0,0.4839965534751352
1,logistic,2016-08-31,1,0,0.471151716813134
1,logistic,2016-09-01,1,0,0.4761138996754885
1,logistic,2016-09-02,1,0,0.46436545294385645
1,logistic,2016-09-06,0,0,0.48792409133426967
1,logistic,2016-09-07,0,0,0.4817182689576524
1,logistic,2016-09-08,0,0,0.47701849227013154
1,logistic,2016-09-09,1,1,0.5021130700602354
1,logistic,2016-09-12,0,0,0.4859315815380763
1,logistic,2016-09-13,0,1,0.5258695840957847
1,logistic,2016-09-14,1,1,0.5282613753989585
1,logistic,2016-09-15,0,1,0.5384127340513662
1,logistic,2016-09-16,1,0,0.4787415861531935
1,logistic,2016-09-19,1,1,0.562723044950768
1,logistic,2016-09-20,1,0,0.49938832549770235
1,logistic,2016-09-21,1,1,0.5020816950685394
1,logistic,2016-09-22,0,1,0.5410671380366198
1,logistic,2016-09-23,0,1,0.5205590726484861
1,logistic,2016-09-26,1,1,0.5169107669448679
1,logistic,2016-09-27,1,0,0.4946676084463043
1,logistic,2016-09-28,0,1,0.530855823414838
1,logistic,2016-09-29,1,1,0.5484075053356362
1,logistic,2016-09-30,0,1,0.5153539763709467
1,logistic,2016-10-03,0,0,0.49538851018838587
1,logistic,2016-10-04,1,1,0.5213245685531818
1,logistic,2016-10-05,1,1,0.524448993033459
1,logistic,2016-10-06,0,0,0.489845015010754
1,logistic,2016-10-07,1,1,0.5290249849788006
1,logistic,2016-10-10,0,1,0.5070743319675501
1,logistic,2016-10-11,1,1,0.5061112437733466
1,logistic,2016-10-12,0,1,0.5159425263454575
1,logistic,2016-10-13,1,1,0.5194878586012667
1,logistic,2016-10-14,0,1,0.513601778958031
1,logistic,2016-10-17,1,1,0.5480422314795759
1,logistic,2016-10-18,1,0,0.49997332016691154
1,logistic,2016-10-19,0,1,0.526841192145406
1,logistic,2016-10-20,1,1,0.5181006884073392
1,logistic,2016-10-21,1,1,0.5239186643133548
1,logistic,2016-10-24,0,1,0.502374242622676
1,logistic,2016-10-25,0,1,0.5283640027331833
1,logistic,2016-10-26,0,1,0.5256651273771821
1,rf,2016-04-29,1,0,0.48415772443729443
1,rf,2016-05-02,0,0,0.4735344666380745
1,rf,2016-05-03,0,0,0.4960718041499179
1,rf,2016-05-04,0,1,0.5133088835991281
1,rf,2016-05-05,1,0,0.4836182804003881
1,rf,2016-05-06,1,0,0.4873128796311262
1,rf,2016-05-09,1,1,0.5173617042461385
1,rf,2016-05-10,0,0,0.4719039612893429
1,rf,2016-05-11,1,0,0.4772001347784276
1,rf,2016-05-12,0,0,0.48107309196195314
1,rf,2016-05-13,1,0,0.47861231539119625
1,rf,2016-05-16,0,0,0.49220236287221897
1,rf,2016-05-17,1,1,0.5269031019391125
1,rf,2016-05-18,0,1,0.5008491023701241
1,rf,2016-05-19,1,1,0.5113021519472519
1,rf,2016-05-20,0,1,0.5100474086343841
1,rf,2016-05-23,1,1,0.5297532341411822
1,rf,2016-05-24,1,0,0.49510410294899004
1,rf,2016-05-25,1,0,0.4982631210548342
1,rf,2016-05-26,1,1,0.5026182283862255
1,rf,2016-05-27,0,0,0.4846595417164599
1,rf,2016-05-31,1,0,0.4890183618518258
1,rf,2016-06-01,1,1,0.5097742610914168
1,rf,2016-06-02,0,1,0.5050687096046822
1,rf,2016-06-03,1,0,0.48701804728157366
1,rf,2016-06-06,1,0,0.4934525980847755
1,rf,2016-06-07,1,0,0.49335842008481656
1,rf,2016-06-08,0,1,0.5019447539459055
1,rf,2016-06-09,0,0,0.48940249838359684
1,rf,2016-06-10,0,0,0.4866316363689466
1,rf,2016-06-13,0,0,0.49644047551128995
1,rf,2016-06-14,0,0,0.48606232582178666
1,rf,2016-06-15,1,1,0.504078082183004
1,rf,2016-06-16,0,1,0.526265114828435
1,rf,2016-06-17,1,0,0.48884918350646295
1,rf,2016-06-20,1,0,0.4787412619471784
1,rf,2016-06-21,0,0,0.4802604099944877
1,rf,2016-06-22,1,0,0.47548737375157846
1,rf,2016-06-23,0,0,0.4794652880891425
1,rf,2016-06-24,0,1,0.5330995098753888
1,rf,2016-06-27,1,1,0.5330743444871275
1,rf,2016-06-28,1,1,0.5177778221011362
1,rf,2016-06-29,1,1,0.5038048048668113
1,rf,2016-06-30,1,1,0.5452013325454204
1,rf,2016-07-01,0,1,0.5234294829222343
1,rf,2016-07-05,1,1,0.5075107500747297
1,rf,2016-07-06,0,1,0.5069425442004601
1,rf,2016-07-07,1,1,0.5143761218884595
1,rf,2016-07-08,1,1,0.5620810839446779
1,rf,2016-07-11,1,1,0.5523031360324553
1,rf,2016-07-12,0,1,0.5375447707173209
1,rf,2016-07-13,1,1,0.5526072734516696
1,rf,2016-07-14,0,1,0.5297096228018553
1,rf,2016-07-15,1,1,0.5624502050205787
1,rf,2016-07-18,0,1,0.5386209646329615
1,rf,2016-07-19,1,1,0.5489205978065665
1,rf,2016-07-20,0,1,0.5338356168326925
1,rf,2016-07-21,1,1,0.5288570803751041
1,rf,2016-07-22,0,1,0.5329711547200963
1,rf,2016-07-25,1,1,0.5333588100557599
1,rf,2016-07-26,0,1,0.5177210513760103
1,rf,2016-07-27,1,0,0.49857276336054035
1,rf,2016-07-28,1,0,0.4992503710017431
1,rf,2016-07-29,0,0,0.49012424253498826
1,rf,2016-08-01,0,0,0.49048077809140683
1,rf,2016-08-02,1,1,0.5021178739210761
1,rf,2016-08-03,1,0,0.476994322658578
1,rf,2016-08-04,1,0,0.4749334132515442
1,rf,2016-08-05,0,0,0.49455624863580844
1,rf,2016-08-08,1,0,0.4688499641468297
1,rf,2016-08-09,0,0,0.4633830617980458
1,rf,2016-08-10,1,0,0.4727095744848093
1,rf,2016-08-11,0,0,0.4693520735525814
1,rf,2016-08-12,1,0,0.4871498599720794
1,rf,2016-08-15,0,0,0.4691484725497697
1,rf,2016-08-16,1,0,0.4677704104301487
1,rf,2016-08-17,1,0,0.46564412759660995
1,rf,2016-08-18,0,0,0.47133296354365994
1,rf,2016-08-19,0,0,0.4811306679858026
1,rf,2016-08-22,1,0,0.4693339391284249
1,rf,2016-08-23,0,0,0.46867937244838664
1,rf,2016-08-24,0,0,0.4665168137268569
1,rf,2016-08-25,0,0,0.4651526431574681
1,rf,2016-08-26,1,0,0.4651920151346074
1,rf,2016-08-29,0,0,0.4784962966956636
1,rf,2016-08-30,0,0,0.4608661709448791
1,rf,2016-08-31,1,0,0.4633835607126509
1,rf,2016-09-01,1,0,0.4620349065137147
1,rf,2016-09-02,1,0,0.4607822837793801
1,rf,2016-09-06,0,0,0.48010323592915255
1,rf,2016-09-07,0,0,0.4577141876321483
1,rf,2016-09-08,0,0,0.4580551921199151
1,rf,2016-09-09,1,0,0.484308662284156
1,rf,2016-09-12,0,0,0.49123154293546295
1,rf,2016-09-13,0,0,0.49284910910073193
1,rf,2016-09-14,1,1,0.5335896919947474
1,rf,2016-09-15,0,1,0.5019631706007913
1,rf,2016-09-16,1,1,0.5233180692277909
1,rf,2016-09-19,1,1,0.5279802803026304
1,rf,2016-09-20,1,1,0.5114024708214453
1,rf,2016-09-21,1,1,0.5213811995853838
1,rf,2016-09-22,0,1,0.5245733720151242
1,rf,2016-09-23,0,1,0.5136462120781767
1,rf,2016-09-26,1,1,0.5040326420369696
1,rf,2016-09-27,1,1,0.5003593081752441
1,rf,2016-09-28,0,1,0.5143385882596049
1,rf,2016-09-29,1,1,0.5142025839962924
1,rf,2016-09-30,0,1,0.5119259437403785
1,rf,2016-10-03,0,1,0.5128482431751772
1,rf,2016-10-04,1,1,0.5124328065292864
1,rf,2016-10-05,1,1,0.5197226085462684
1,rf,2016-10-06,0,1,0.5037423793856203
1,rf,2016-10-07,1,1,0.5048061625446447
1,rf,2016-10-10,0,1,0.5006816997523578
1,rf,2016-10-11,1,1,0.5006411760097144
1,rf,2016-10-12,0,1,0.5090500400348577
1,rf,2016-10-13,1,0,0.49869586972014623
1,rf,2016-10-14,0,1,0.5310078078833311
1,rf,2016-10-17,1,1,0.5554367441646988
1,rf,2016-10-18,1,1,0.5216720979467186
1,rf,2016-10-19,0,1,0.512676189167578
1,rf,2016-10-20,1,1,0.5129754259000098
1,rf,2016-10-21,1,1,0.5103684645004514
1,rf,2016-10-24,0,0,0.4956964278115755
1,rf,2016-10-25,0,1,0.5029668807612704
1,rf,2016-10-26,0,1,0.5068928756261102
1,xgb,2016-04-29,1,0,0.3647199273109436
1,xgb,2016-05-02,0,0,0.34186655282974243
1,xgb,2016-05-03,0,1,0.6497071385383606
1,xgb,2016-05-04,0,1,0.9104191064834595
1,xgb,2016-05-05,1,1,0.5737133026123047
1,xgb,2016-05-06,1,0,0.4623609781265259
1,xgb,2016-05-09,1,0,0.4458331763744354
1,xgb,2016-05-10,0,0,0.19635088741779327
1,xgb,2016-05-11,1,1,0.5991160869598389
1,xgb,2016-05-12,0,1,0.5897831320762634
1,xgb,2016-05-13,1,1,0.536937952041626
1,xgb,2016-05-16,0,0,0.3381774127483368
1,xgb,2016-05-17,1,1,0.5611844658851624
1,xgb,2016-05-18,0,0,0.3517743945121765
1,xgb,2016-05-19,1,1,0.6258559226989746
1,xgb,2016-05-20,0,1,0.712158739566803
1,xgb,2016-05-23,1,0,0.4730295240879059
1,xgb,2016-05-24,1,1,0.8041268587112427
1,xgb,2016-05-25,1,1,0.8122357726097107
1,xgb,2016-05-26,1,1,0.6075690984725952
1,xgb,2016-05-27,0,0,0.385702908039093
1,xgb,2016-05-31,1,0,0.4500499963760376
1,xgb,2016-06-01,1,1,0.8049948215484619
1,xgb,2016-06-02,0,0,0.42112213373184204
1,xgb,2016-06-03,1,0,0.3391738533973694
1,xgb,2016-06-06,1,1,0.5118042230606079
1,xgb,2016-06-07,1,0,0.20981204509735107
1,xgb,2016-06-08,0,0,0.12646257877349854
1,xgb,2016-06-09,0,1,0.5698757171630859
1,xgb,2016-06-10,0,1,0.5730633735656738
1,xgb,2016-06-13,0,1,0.6049440503120422
1,xgb,2016-06-14,0,1,0.6530476808547974
1,xgb,2016-06-15,1,1,0.7008610963821411
1,xgb,2016-06-16,0,1,0.6928701400756836
1,xgb,2016-06-17,1,0,0.38964593410491943
1,xgb,2016-06-20,1,1,0.5066710114479065
1,xgb,2016-06-21,0,0,0.24572600424289703
1,xgb,2016-06-22,1,1,0.6336970925331116
1,xgb,2016-06-23,0,0,0.44468918442726135
1,xgb,2016-06-24,0,0,0.43254658579826355
1,xgb,2016-06-27,1,0,0.4659528434276581
1,xgb,2016-06-28,1,0,0.28108903765678406
1,xgb,2016-06-29,1,0,0.15176169574260712
1,xgb,2016-06-30,1,1,0.7522825598716736
1,xgb,2016-07-01,0,0,0.268667608499527
1,xgb,2016-07-05,1,1,0.5009133815765381
1,xgb,2016-07-06,0,0,0.2164151519536972
1,xgb,2016-07-07,1,1,0.8217409253120422
1,xgb,2016-07-08,1,1,0.9225491881370544
1,xgb,2016-07-11,1,1,0.8336928486824036
1,xgb,2016-07-12,0,0,0.38670074939727783
1,xgb,2016-07-13,1,1,0.9784983992576599
1,xgb,2016-07-14,0,0,0.491674542427063
1,xgb,2016-07-15,1,1,0.9633597135543823
1,xgb,2016-07-18,0,1,0.527025580406189
1,xgb,2016-07-19,1,1,0.7624053359031677
1,xgb,2016-07-20,0,0,0.3984116017818451
1,xgb,2016-07-21,1,1,0.5906870365142822
1,xgb,2016-07-22,0,1,0.5689259767532349
1,xgb,2016-07-25,1,1,0.6455146074295044
1,xgb,2016-07-26,0,1,0.8674477934837341
1,xgb,2016-07-27,1,1,0.7496673464775085
1,xgb,2016-07-28,1,0,0.24859926104545593
1,xgb,2016-07-29,0,0,0.23529860377311707
1,xgb,2016-08-01,0,0,0.0726858600974083
1,xgb,2016-08-02,1,1,0.9316747784614563
1,xgb,2016-08-03,1,0,0.466700941324234
1,xgb,2016-08-04,1,0,0.12661410868167877
1,xgb,2016-08-05,0,0,0.3194345533847809
1,xgb,2016-08-08,1,0,0.3567661941051483
1,xgb,2016-08-09,0,0,0.2178487628698349
1,xgb,2016-08-10,1,0,0.1747758984565735
1,xgb,2016-08-11,0,0,0.4018753170967102
1,xgb,2016-08-12,1,1,0.6431700587272644
1,xgb,2016-08-15,0,0,0.13611459732055664
1,xgb,2016-08-16,1,0,0.37606775760650635
1,xgb,2016-08-17,1,0,0.2705703377723694
1,xgb,2016-08-18,0,0,0.3076476752758026
1,xgb,2016-08-19,0,1,0.7093586921691895
1,xgb,2016-08-22,1,0,0.49274423718452454
1,xgb,2016-08-23,0,0,0.3358638286590576
1,xgb,2016-08-24,0,0,0.09356818348169327
1,xgb,2016-08-25,0,1,0.7495860457420349
1,xgb,2016-08-26,1,0,0.3544885516166687
1,xgb,2016-08-29,0,1,0.5619339942932129
1,xgb,2016-08-30,0,0,0.13657185435295105
1,xgb,2016-08-31,1,1,0.5384162664413452
1,xgb,2016-09-01,1,0,0.12961921095848083
1,xgb,2016-09-02,1,0,0.27878549695014954
1,xgb,2016-09-06,0,1,0.7267414331436157
1,xgb,2016-09-07,0,1,0.5172221064567566
1,xgb,2016-09-08,0,1,0.8141553401947021
1,xgb,2016-09-09,1,0,0.23387202620506287
1,xgb,2016-09-12,0,0,0.14850012958049774
1,xgb,2016-09-13,0,0,0.09016621112823486
1,xgb,2016-09-14,1,1,0.6930183172225952
1,xgb,2016-09-15,0,0,0.15480835735797882
1,xgb,2016-09-16,1,0,0.2528298795223236
1,xgb,2016-09-19,1,1,0.5702990293502808
1,xgb,2016-09-20,1,0,0.17798717319965363
1,xgb,2016-09-21,1,1,0.6895400881767273
1,xgb,2016-09-22,0,0,0.39188992977142334
1,xgb,2016-09-23,0,1,0.7941556572914124
1,xgb,2016-09-26,1,0,0.2784307301044464
1,xgb,2016-09-27,1,0,0.2547173798084259
1,xgb,2016-09-28,0,0,0.32766634225845337
1,xgb,2016-09-29,1,0,0.4658266305923462
1,xgb,2016-09-30,0,0,0.4276297688484192
1,xgb,2016-10-03,0,1,0.7687087655067444
1,xgb,2016-10-04,1,1,0.7314355969429016
1,xgb,2016-10-05,1,0,0.4692933261394501
1,xgb,2016-10-06,0,1,0.6043867468833923
1,xgb,2016-10-07,1,0,0.43119850754737854
1,xgb,2016-10-10,0,1,0.6693747639656067
1,xgb,2016-10-11,1,1,0.512432336807251
1,xgb,2016-10-12,0,1,0.6598000526428223
1,xgb,2016-10-13,1,0,0.17615394294261932
1,xgb,2016-10-14,0,1,0.8679265379905701
1,xgb,2016-10-17,1,1,0.5397036075592041
1,xgb,2016-10-18,1,1,0.6854246854782104
1,xgb,2016-10-19,0,1,0.5100662112236023
1,xgb,2016-10-20,1,0,0.3235601782798767
1,xgb,2016-10-21,1,1,0.5901814103126526
1,xgb,2016-10-24,0,0,0.45238253474235535
1,xgb,2016-10-25,0,0,0.31673189997673035
1,xgb,2016-10-26,0,0,0.24662216007709503
2,majority,2016-11-08,1,1,0.5476864966949953
2,majority,2016-11-09,1,1,0.5476864966949953
2,majority,2016-11-10,0,1,0.5476864966949953
2,majority,2016-11-11,1,1,0.5476864966949953
2,majority,2016-11-14,1,1,0.5476864966949953
2,majority,2016-11-15,0,1,0.5476864966949953
2,majority,2016-11-16,1,1,0.5476864966949953
2,majority,2016-11-17,0,1,0.5476864966949953
2,majority,2016-11-18,1,1,0.5476864966949953
2,majority,2016-11-21,1,1,0.5476864966949953
2,majority,2016-11-22,1,1,0.5476864966949953
2,majority,2016-11-23,1,1,0.5476864966949953
2,majority,2016-11-25,0,1,0.5476864966949953
2,majority,2016-11-28,1,1,0.5476864966949953
2,majority,2016-11-29,0,1,0.5476864966949953
2,majority,2016-11-30,0,1,0.5476864966949953
2,majority,2016-12-01,1,1,0.5476864966949953
2,majority,2016-12-02,1,1,0.5476864966949953
2,majority,2016-12-05,1,1,0.5476864966949953
2,majority,2016-12-06,1,1,0.5476864966949953
2,majority,2016-12-07,1,1,0.5476864966949953
2,majority,2016-12-08,1,1,0.5476864966949953
2,majority,2016-12-09,0,1,0.5476864966949953
2,majority,2016-12-12,1,1,0.5476864966949953
2,majority,2016-12-13,0,1,0.5476864966949953
2,majority,2016-12-14,1,1,0.5476864966949953
2,majority,2016-12-15,0,1,0.5476864966949953
2,majority,2016-12-16,1,1,0.5476864966949953
2,majority,2016-12-19,1,1,0.5476864966949953
2,majority,2016-12-20,0,1,0.5476864966949953
2,majority,2016-12-21,0,1,0.5476864966949953
2,majority,2016-12-22,1,1,0.5476864966949953
2,majority,2016-12-23,1,1,0.5476864966949953
2,majority,2016-12-27,0,1,0.5476864966949953
2,majority,2016-12-28,0,1,0.5476864966949953
2,majority,2016-12-29,0,1,0.5476864966949953
2,majority,2016-12-30,1,1,0.5476864966949953
2,majority,2017-01-03,1,1,0.5476864966949953
2,majority,2017-01-04,0,1,0.5476864966949953
2,majority,2017-01-05,1,1,0.5476864966949953
2,majority,2017-01-06,0,1,0.5476864966949953
2,majority,2017-01-09,0,1,0.5476864966949953
2,majority,2017-01-10,1,1,0.5476864966949953
2,majority,2017-01-11,0,1,0.5476864966949953
2,majority,2017-01-12,1,1,0.5476864966949953
2,majority,2017-01-13,0,1,0.5476864966949953
2,majority,2017-01-17,1,1,0.5476864966949953
2,majority,2017-01-18,0,1,0.5476864966949953
2,majority,2017-01-19,1,1,0.5476864966949953
2,majority,2017-01-20,0,1,0.5476864966949953
2,majority,2017-01-23,1,1,0.5476864966949953
2,majority,2017-01-24,1,1,0.5476864966949953
2,majority,2017-01-25,0,1,0.5476864966949953
2,majority,2017-01-26,0,1,0.5476864966949953
2,majority,2017-01-27,0,1,0.5476864966949953
2,majority,2017-01-30,0,1,0.5476864966949953
2,majority,2017-01-31,1,1,0.5476864966949953
2,majority,2017-02-01,1,1,0.5476864966949953
2,majority,2017-02-02,1,1,0.5476864966949953
2,majority,2017-02-03,0,1,0.5476864966949953
2,majority,2017-02-06,1,1,0.5476864966949953
2,majority,2017-02-07,1,1,0.5476864966949953
2,majority,2017-02-08,1,1,0.5476864966949953
2,majority,2017-02-09,1,1,0.5476864966949953
2,majority,2017-02-10,1,1,0.5476864966949953
2,majority,2017-02-13,1,1,0.5476864966949953
2,majority,2017-02-14,1,1,0.5476864966949953
2,majority,2017-02-15,0,1,0.5476864966949953
2,majority,2017-02-16,1,1,0.5476864966949953
2,majority,2017-02-17,1,1,0.5476864966949953
2,majority,2017-02-21,0,1,0.5476864966949953
2,majority,2017-02-22,1,1,0.5476864966949953
2,majority,2017-02-23,1,1,0.5476864966949953
2,majority,2017-02-24,1,1,0.5476864966949953
2,majority,2017-02-27,0,1,0.5476864966949953
2,majority,2017-02-28,1,1,0.5476864966949953
2,majority,2017-03-01,0,1,0.5476864966949953
2,majority,2017-03-02,1,1,0.5476864966949953
2,majority,2017-03-03,0,1,0.5476864966949953
2,majority,2017-03-06,0,1,0.5476864966949953
2,majority,2017-03-07,0,1,0.5476864966949953
2,majority,2017-03-08,1,1,0.5476864966949953
2,majority,2017-03-09,1,1,0.5476864966949953
2,majority,2017-03-10,1,1,0.5476864966949953
2,majority,2017-03-13,0,1,0.5476864966949953
2,majority,2017-03-14,1,1,0.5476864966949953
2,majority,2017-03-15,0,1,0.5476864966949953
2,majority,2017-03-16,0,1,0.5476864966949953
2,majority,2017-03-17,0,1,0.5476864966949953
2,majority,2017-03-20,0,1,0.5476864966949953
2,majority,2017-03-21,1,1,0.5476864966949953
2,majority,2017-03-22,0,1,0.5476864966949953
2,majority,2017-03-23,0,1,0.5476864966949953
2,majority,2017-03-24,0,1,0.5476864966949953
2,majority,2017-03-27,1,1,0.5476864966949953
2,majority,2017-03-28,1,1,0.5476864966949953
2,majority,2017-03-29,1,1,0.5476864966949953
2,majority,2017-03-30,0,1,0.5476864966949953
2,majority,2017-03-31,0,1,0.5476864966949953
2,majority,2017-04-03,1,1,0.5476864966949953
2,majority,2017-04-04,0,1,0.5476864966949953
2,majority,2017-04-05,1,1,0.5476864966949953
2,majority,2017-04-06,0,1,0.5476864966949953
2,majority,2017-04-07,1,1,0.5476864966949953
2,majority,2017-04-10,0,1,0.5476864966949953
2,majority,2017-04-11,0,1,0.5476864966949953
2,majority,2017-04-12,0,1,0.5476864966949953
2,majority,2017-04-13,1,1,0.5476864966949953
2,majority,2017-04-17,0,1,0.5476864966949953
2,majority,2017-04-18,0,1,0.5476864966949953
2,majority,2017-04-19,1,1,0.5476864966949953
2,majority,2017-04-20,0,1,0.5476864966949953
2,majority,2017-04-21,1,1,0.5476864966949953
2,majority,2017-04-24,1,1,0.5476864966949953
2,majority,2017-04-25,0,1,0.5476864966949953
2,majority,2017-04-26,1,1,0.5476864966949953
2,majority,2017-04-27,0,1,0.5476864966949953
2,majority,2017-04-28,1,1,0.5476864966949953
2,majority,2017-05-01,1,1,0.5476864966949953
2,majority,2017-05-02,0,1,0.5476864966949953
2,majority,2017-05-03,1,1,0.5476864966949953
2,majority,2017-05-04,1,1,0.5476864966949953
2,majority,2017-05-05,0,1,0.5476864966949953
2,majority,2017-05-08,0,1,0.5476864966949953
2,majority,2017-05-09,1,1,0.5476864966949953
2,majority,2017-05-10,0,1,0.5476864966949953
2,naive,2016-11-08,1,1,0.5
2,naive,2016-11-09,1,1,0.5
2,naive,2016-11-10,0,1,0.5
2,naive,2016-11-11,1,0,0.5
2,naive,2016-11-14,1,1,0.5
2,naive,2016-11-15,0,1,0.5
2,naive,2016-11-16,1,0,0.5
2,naive,2016-11-17,0,1,0.5
2,naive,2016-11-18,1,0,0.5
2,naive,2016-11-21,1,1,0.5
2,naive,2016-11-22,1,1,0.5
2,naive,2016-11-23,1,1,0.5
2,naive,2016-11-25,0,1,0.5
2,naive,2016-11-28,1,0,0.5
2,naive,2016-11-29,0,1,0.5
2,naive,2016-11-30,0,0,0.5
2,naive,2016-12-01,1,0,0.5
2,naive,2016-12-02,1,1,0.5
2,naive,2016-12-05,1,1,0.5
2,naive,2016-12-06,1,1,0.5
2,naive,2016-12-07,1,1,0.5
2,naive,2016-12-08,1,1,0.5
2,naive,2016-12-09,0,1,0.5
2,naive,2016-12-12,1,0,0.5
2,naive,2016-12-13,0,1,0.5
2,naive,2016-12-14,1,0,0.5
2,naive,2016-12-15,0,1,0.5
2,naive,2016-12-16,1,0,0.5
2,naive,2016-12-19,1,1,0.5
2,naive,2016-12-20,0,1,0.5
2,naive,2016-12-21,0,0,0.5
2,naive,2016-12-22,1,0,0.5
2,naive,2016-12-23,1,1,0.5
2,naive,2016-12-27,0,1,0.5
2,naive,2016-12-28,0,0,0.5
2,naive,2016-12-29,0,0,0.5
2,naive,2016-12-30,1,0,0.5
2,naive,2017-01-03,1,1,0.5
2,naive,2017-01-04,0,1,0.5
2,naive,2017-01-05,1,0,0.5
2,naive,2017-01-06,0,1,0.5
2,naive,2017-01-09,0,0,0.5
2,naive,2017-01-10,1,0,0.5
2,naive,2017-01-11,0,1,0.5
2,naive,2017-01-12,1,0,0.5
2,naive,2017-01-13,0,1,0.5
2,naive,2017-01-17,1,0,0.5
2,naive,2017-01-18,0,1,0.5
2,naive,2017-01-19,1,0,0.5
2,naive,2017-01-20,0,1,0.5
2,naive,2017-01-23,1,0,0.5
2,naive,2017-01-24,1,1,0.5
2,naive,2017-01-25,0,1,0.5
2,naive,2017-01-26,0,0,0.5
2,naive,2017-01-27,0,0,0.5
2,naive,2017-01-30,0,0,0.5
2,naive,2017-01-31,1,0,0.5
2,naive,2017-02-01,1,1,0.5
2,naive,2017-02-02,1,1,0.5
2,naive,2017-02-03,0,1,0.5
2,naive,2017-02-06,1,0,0.5
2,naive,2017-02-07,1,1,0.5
2,naive,2017-02-08,1,1,0.5
2,naive,2017-02-09,1,1,0.5
2,naive,2017-02-10,1,1,0.5
2,naive,2017-02-13,1,1,0.5
2,naive,2017-02-14,1,1,0.5
2,naive,2017-02-15,0,1,0.5
2,naive,2017-02-16,1,0,0.5
2,naive,2017-02-17,1,1,0.5
2,naive,2017-02-21,0,1,0.5
2,naive,2017-02-22,1,0,0.5
2,naive,2017-02-23,1,1,0.5
2,naive,2017-02-24,1,1,0.5
2,naive,2017-02-27,0,1,0.5
2,naive,2017-02-28,1,0,0.5
2,naive,2017-03-01,0,1,0.5
2,naive,2017-03-02,1,0,0.5
2,naive,2017-03-03,0,1,0.5
2,naive,2017-03-06,0,0,0.5
2,naive,2017-03-07,0,0,0.5
2,naive,2017-03-08,1,0,0.5
2,naive,2017-03-09,1,1,0.5
2,naive,2017-03-10,1,1,0.5
2,naive,2017-03-13,0,1,0.5
2,naive,2017-03-14,1,0,0.5
2,naive,2017-03-15,0,1,0.5
2,naive,2017-03-16,0,0,0.5
2,naive,2017-03-17,0,0,0.5
2,naive,2017-03-20,0,0,0.5
2,naive,2017-03-21,1,0,0.5
2,naive,2017-03-22,0,1,0.5
2,naive,2017-03-23,0,0,0.5
2,naive,2017-03-24,0,0,0.5
2,naive,2017-03-27,1,0,0.5
2,naive,2017-03-28,1,1,0.5
2,naive,2017-03-29,1,1,0.5
2,naive,2017-03-30,0,1,0.5
2,naive,2017-03-31,0,0,0.5
2,naive,2017-04-03,1,0,0.5
2,naive,2017-04-04,0,1,0.5
2,naive,2017-04-05,1,0,0.5
2,naive,2017-04-06,0,1,0.5
2,naive,2017-04-07,1,0,0.5
2,naive,2017-04-10,0,1,0.5
2,naive,2017-04-11,0,0,0.5
2,naive,2017-04-12,0,0,0.5
2,naive,2017-04-13,1,0,0.5
2,naive,2017-04-17,0,1,0.5
2,naive,2017-04-18,0,0,0.5
2,naive,2017-04-19,1,0,0.5
2,naive,2017-04-20,0,1,0.5
2,naive,2017-04-21,1,0,0.5
2,naive,2017-04-24,1,1,0.5
2,naive,2017-04-25,0,1,0.5
2,naive,2017-04-26,1,0,0.5
2,naive,2017-04-27,0,1,0.5
2,naive,2017-04-28,1,0,0.5
2,naive,2017-05-01,1,1,0.5
2,naive,2017-05-02,0,1,0.5
2,naive,2017-05-03,1,0,0.5
2,naive,2017-05-04,1,1,0.5
2,naive,2017-05-05,0,1,0.5
2,naive,2017-05-08,0,0,0.5
2,naive,2017-05-09,1,0,0.5
2,naive,2017-05-10,0,1,0.5
2,logistic,2016-11-08,1,0,0.4877493642559014
2,logistic,2016-11-09,1,0,0.4800882814604706
2,logistic,2016-11-10,0,0,0.4482363916195869
2,logistic,2016-11-11,1,1,0.5020734834767193
2,logistic,2016-11-14,1,1,0.5096538871803675
2,logistic,2016-11-15,0,0,0.4836165424496617
2,logistic,2016-11-16,1,1,0.5065764953589682
2,logistic,2016-11-17,0,0,0.47755141174408167
2,logistic,2016-11-18,1,0,0.46512634267075065
2,logistic,2016-11-21,1,0,0.48025143126346376
2,logistic,2016-11-22,1,0,0.4769884083400831
2,logistic,2016-11-23,1,0,0.47534213120569
2,logistic,2016-11-25,0,0,0.4636936848548374
2,logistic,2016-11-28,1,0,0.48162441126700317
2,logistic,2016-11-29,0,0,0.49009575607172634
2,logistic,2016-11-30,0,0,0.4781985227303023
2,logistic,2016-12-01,1,0,0.4899705616376309
2,logistic,2016-12-02,1,0,0.46216018285746635
2,logistic,2016-12-05,1,0,0.43322417896137483
2,logistic,2016-12-06,1,0,0.44165126633991286
2,logistic,2016-12-07,1,0,0.41738222994227375
2,logistic,2016-12-08,1,0,0.4189559859548409
2,logistic,2016-12-09,0,0,0.4332658940198162
2,logistic,2016-12-12,1,0,0.429660461340953
2,logistic,2016-12-13,0,0,0.4365707240194989
2,logistic,2016-12-14,1,0,0.45530713326182526
2,logistic,2016-12-15,0,0,0.43472507302583996
2,logistic,2016-12-16,1,0,0.42595863320978955
2,logistic,2016-12-19,1,0,0.43687285157949635
2,logistic,2016-12-20,0,0,0.418623951035342
2,logistic,2016-12-21,0,0,0.4175252815237144
2,logistic,2016-12-22,1,0,0.43095211211720097
2,logistic,2016-12-23,1,0,0.41805321105712956
2,logistic,2016-12-27,0,0,0.4360698030808411
2,logistic,2016-12-28,0,0,0.46182712327892966
2,logistic,2016-12-29,0,0,0.44471351096378703
2,logistic,2016-12-30,1,0,0.4492257299943712
2,logistic,2017-01-03,1,0,0.449384431093403
2,logistic,2017-01-04,0,0,0.42497988281536153
2,logistic,2017-01-05,1,0,0.41540291890459585
2,logistic,2017-01-06,0,0,0.4048795070314602
2,logistic,2017-01-09,0,0,0.41593608980221863
2,logistic,2017-01-10,1,0,0.4430634563907159
2,logistic,2017-01-11,0,0,0.4258592519733687
2,logistic,2017-01-12,1,0,0.43738017795666567
2,logistic,2017-01-13,0,0,0.4308330676486017
2,logistic,2017-01-17,1,0,0.4294674484150935
2,logistic,2017-01-18,0,0,0.4433681147642518
2,logistic,2017-01-19,1,0,0.4470256574358089
2,logistic,2017-01-20,0,0,0.44100342647230023
2,logistic,2017-01-23,1,0,0.44983587683892334
2,logistic,2017-01-24,1,0,0.4434144789922116
2,logistic,2017-01-25,0,0,0.43982410548343936
2,logistic,2017-01-26,0,0,0.45852214589706125
2,logistic,2017-01-27,0,0,0.45652216652589883
2,logistic,2017-01-30,0,0,0.45168295797258684
2,logistic,2017-01-31,1,0,0.475914411567317
2,logistic,2017-02-01,1,0,0.4718293222634748
2,logistic,2017-02-02,1,0,0.4639224818831451
2,logistic,2017-02-03,0,0,0.44056778245897016
2,logistic,2017-02-06,1,0,0.4470294021915287
2,logistic,2017-02-07,1,0,0.4569503936337015
2,logistic,2017-02-08,1,0,0.44205672473675806
2,logistic,2017-02-09,1,0,0.45644437112752073
2,logistic,2017-02-10,1,0,0.46073350293970267
2,logistic,2017-02-13,1,0,0.4485766968449867
2,logistic,2017-02-14,1,0,0.44921612563051655
2,logistic,2017-02-15,0,0,0.4574648672074136
2,logistic,2017-02-16,1,0,0.4644918727096086
2,logistic,2017-02-17,1,0,0.45361662217027043
2,logistic,2017-02-21,0,0,0.4465337612225819
2,logistic,2017-02-22,1,0,0.46041278751479026
2,logistic,2017-02-23,1,0,0.45054511084095483
2,logistic,2017-02-24,1,0,0.4321538345787369
2,logistic,2017-02-27,0,0,0.4486697556266314
2,logistic,2017-02-28,1,0,0.4557278231534081
2,logistic,2017-03-01,0,0,0.42694652596741484
2,logistic,2017-03-02,1,0,0.45272554523577085
2,logistic,2017-03-03,0,0,0.4530131611285636
2,logistic,2017-03-06,0,0,0.4257961321922081
2,logistic,2017-03-07,0,0,0.4633812590883708
2,logistic,2017-03-08,1,0,0.46863280314008754
2,logistic,2017-03-09,1,0,0.4312026437798867
2,logistic,2017-03-10,1,0,0.43742513380172665
2,logistic,2017-03-13,0,0,0.43172650978183436
2,logistic,2017-03-14,1,0,0.43699930755453864
2,logistic,2017-03-15,0,0,0.4139199644600381
2,logistic,2017-03-16,0,0,0.4381948244424846
2,logistic,2017-03-17,0,0,0.4508699900478568
2,logistic,2017-03-20,0,0,0.4195179589154599
2,logistic,2017-03-21,1,0,0.4683598775479123
2,logistic,2017-03-22,0,0,0.4701118342952781
2,logistic,2017-03-23,0,0,0.46233756999925174
2,logistic,2017-03-24,0,0,0.49302516203132446
2,logistic,2017-03-27,1,0,0.465872005084454
2,logistic,2017-03-28,1,0,0.44617787203361925
2,logistic,2017-03-29,1,0,0.47705490906907816
2,logistic,2017-03-30,0,0,0.47123455999225744
2,logistic,2017-03-31,0,0,0.46594282188801117
2,logistic,2017-04-03,1,0,0.480159577187941
2,logistic,2017-04-04,0,0,0.48717216519432094
2,logistic,2017-04-05,1,0,0.4933963626962653
2,logistic,2017-04-06,0,0,0.4841388270867595
2,logistic,2017-04-07,1,0,0.4773071251360183
2,logistic,2017-04-10,0,0,0.4782987557216386
2,logistic,2017-04-11,0,0,0.47721918516296974
2,logistic,2017-04-12,0,0,0.4884916925634985
2,logistic,2017-04-13,1,1,0.5050787792713932
2,logistic,2017-04-17,0,0,0.4767119931806856
2,logistic,2017-04-18,0,1,0.5030130443831095
2,logistic,2017-04-19,1,1,0.5086537160168246
2,logistic,2017-04-20,0,0,0.45585055781479705
2,logistic,2017-04-21,1,0,0.4965546403652625
2,logistic,2017-04-24,1,0,0.4900432607894286
2,logistic,2017-04-25,0,0,0.45584431054199165
2,logistic,2017-04-26,1,0,0.4901511914423884
2,logistic,2017-04-27,0,0,0.4730107377311863
2,logistic,2017-04-28,1,0,0.4698384211426266
2,logistic,2017-05-01,1,0,0.4948890577907625
2,logistic,2017-05-02,0,0,0.4786158213319381
2,logistic,2017-05-03,1,0,0.4753462170539404
2,logistic,2017-05-04,1,0,0.4611290614064526
2,logistic,2017-05-05,0,0,0.4605350881149836
2,logistic,2017-05-08,0,0,0.4745725720952523
2,logistic,2017-05-09,1,0,0.4669049661873684
2,logistic,2017-05-10,0,0,0.4568500915777404
2,rf,2016-11-08,1,1,0.5349167814546193
2,rf,2016-11-09,1,0,0.4798773364414615
2,rf,2016-11-10,0,0,0.48298495368421307
2,rf,2016-11-11,1,0,0.4885458231784133
2,rf,2016-11-14,1,0,0.49167799458651895
2,rf,2016-11-15,0,0,0.495355856243497
2,rf,2016-11-16,1,1,0.5030621468998311
2,rf,2016-11-17,0,0,0.4707138649268453
2,rf,2016-11-18,1,0,0.48034606725663737
2,rf,2016-11-21,1,0,0.4608860376515707
2,rf,2016-11-22,1,1,0.5064683852799561
2,rf,2016-11-23,1,0,0.44740616232337654
2,rf,2016-11-25,0,0,0.45666667970405433
2,rf,2016-11-28,1,0,0.47839938986397196
2,rf,2016-11-29,0,1,0.5074653300483718
2,rf,2016-11-30,0,0,0.4711029753293539
2,rf,2016-12-01,1,0,0.48274662966363313
2,rf,2016-12-02,1,0,0.4823357577587503
2,rf,2016-12-05,1,0,0.4552660796165262
2,rf,2016-12-06,1,0,0.46921547514263784
2,rf,2016-12-07,1,0,0.43796552975385966
2,rf,2016-12-08,1,0,0.43813848699636854
2,rf,2016-12-09,0,0,0.4221718115718741
2,rf,2016-12-12,1,0,0.4834270050200126
2,rf,2016-12-13,0,0,0.4347315604605895
2,rf,2016-12-14,1,1,0.5215157110683752
2,rf,2016-12-15,0,0,0.4458469332498859
2,rf,2016-12-16,1,1,0.5014345588965331
2,rf,2016-12-19,1,0,0.4834835151544284
2,rf,2016-12-20,0,0,0.4792437410798228
2,rf,2016-12-21,0,0,0.45330934276653373
2,rf,2016-12-22,1,0,0.4865017334981584
2,rf,2016-12-23,1,0,0.4789122341298275
2,rf,2016-12-27,0,0,0.4842566519844028
2,rf,2016-12-28,0,0,0.4877770054952386
2,rf,2016-12-29,0,0,0.48139447869787694
2,rf,2016-12-30,1,0,0.46313601627963064
2,rf,2017-01-03,1,0,0.49163152495548973
2,rf,2017-01-04,0,0,0.48005508128501834
2,rf,2017-01-05,1,0,0.47196016400884555
2,rf,2017-01-06,0,0,0.4665808890582723
2,rf,2017-01-09,0,0,0.461966705126964
2,rf,2017-01-10,1,0,0.48614568179379897
2,rf,2017-01-11,0,0,0.4947241480172396
2,rf,2017-01-12,1,0,0.476378296808969
2,rf,2017-01-13,0,0,0.4756029812180384
2,rf,2017-01-17,1,0,0.46330641531245725
2,rf,2017-01-18,0,0,0.45883196530236336
2,rf,2017-01-19,1,0,0.4635564016825776
2,rf,2017-01-20,0,0,0.4620407716666531
2,rf,2017-01-23,1,0,0.46118895439572244
2,rf,2017-01-24,1,0,0.4721759945283037
2,rf,2017-01-25,0,0,0.46412466841595157
2,rf,2017-01-26,0,0,0.4621160985928047
2,rf,2017-01-27,0,0,0.4737818057000331
2,rf,2017-01-30,0,0,0.4678017344901368
2,rf,2017-01-31,1,0,0.48911410219699464
2,rf,2017-02-01,1,0,0.488791392578713
2,rf,2017-02-02,1,0,0.47351546440777575
2,rf,2017-02-03,0,0,0.46525361274379845
2,rf,2017-02-06,1,0,0.461456417672307
2,rf,2017-02-07,1,0,0.4691258747639145
2,rf,2017-02-08,1,0,0.47309195371252216
2,rf,2017-02-09,1,0,0.4663348479934381
2,rf,2017-02-10,1,0,0.4770354994077507
2,rf,2017-02-13,1,0,0.454725211111371
2,rf,2017-02-14,1,0,0.4441527292351646
2,rf,2017-02-15,0,0,0.459715602946262
2,rf,2017-02-16,1,0,0.4871344804402852
2,rf,2017-02-17,1,0,0.44514865025529393
2,rf,2017-02-21,0,0,0.4585190126436094
2,rf,2017-02-22,1,0,0.4404282618996987
2,rf,2017-02-23,1,0,0.4485855518790105
2,rf,2017-02-24,1,0,0.42872705165584557
2,rf,2017-02-27,0,0,0.42472678229662536
2,rf,2017-02-28,1,0,0.47013659302726357
2,rf,2017-03-01,0,0,0.39721912305805623
2,rf,2017-03-02,1,0,0.46124159713539997
2,rf,2017-03-03,0,0,0.4460344134976567
2,rf,2017-03-06,0,0,0.4863411272794102
2,rf,2017-03-07,0,0,0.4961593379374756
2,rf,2017-03-08,1,1,0.5244130631427565
2,rf,2017-03-09,1,0,0.4793314997976864
2,rf,2017-03-10,1,0,0.48448112370302754
2,rf,2017-03-13,0,0,0.46505351489684127
2,rf,2017-03-14,1,0,0.4688589404619235
2,rf,2017-03-15,0,0,0.46716808173693636
2,rf,2017-03-16,0,0,0.4770964562734408
2,rf,2017-03-17,0,0,0.49548515280151006
2,rf,2017-03-20,0,0,0.4710739852740037
2,rf,2017-03-21,1,0,0.486156400266319
2,rf,2017-03-22,0,1,0.511424100223035
2,rf,2017-03-23,0,0,0.4501805798173807
2,rf,2017-03-24,0,1,0.5098927626998007
2,rf,2017-03-27,1,0,0.49869286006583985
2,rf,2017-03-28,1,0,0.467094109618504
2,rf,2017-03-29,1,0,0.47635286209023014
2,rf,2017-03-30,0,0,0.4638451388624018
2,rf,2017-03-31,0,0,0.46753228281705433
2,rf,2017-04-03,1,0,0.4720709429977437
2,rf,2017-04-04,0,0,0.49034564589371643
2,rf,2017-04-05,1,0,0.4732885907679196
2,rf,2017-04-06,0,0,0.46514689270048865
2,rf,2017-04-07,1,0,0.460402577096744
2,rf,2017-04-10,0,0,0.47270473735869145
2,rf,2017-04-11,0,0,0.4778801658054477
2,rf,2017-04-12,0,0,0.47886880910545454
2,rf,2017-04-13,1,1,0.5015060697569304
2,rf,2017-04-17,0,0,0.4659788773549138
2,rf,2017-04-18,0,0,0.4793325796538751
2,rf,2017-04-19,1,0,0.4846895274886304
2,rf,2017-04-20,0,0,0.4630136893192131
2,rf,2017-04-21,1,0,0.4731124607710452
2,rf,2017-04-24,1,0,0.4881658213551525
2,rf,2017-04-25,0,0,0.4643959570233064
2,rf,2017-04-26,1,0,0.48071244799775137
2,rf,2017-04-27,0,0,0.4950653963648016
2,rf,2017-04-28,1,0,0.465378990513004
2,rf,2017-05-01,1,0,0.4895237735663887
2,rf,2017-05-02,0,0,0.4831019014413339
2,rf,2017-05-03,1,0,0.45474305838106677
2,rf,2017-05-04,1,0,0.46025849803811286
2,rf,2017-05-05,0,0,0.46050284325238444
2,rf,2017-05-08,0,0,0.47835820651192174
2,rf,2017-05-09,1,0,0.47337488985524395
2,rf,2017-05-10,0,0,0.4759455755271915
2,xgb,2016-11-08,1,1,0.6033692955970764
2,xgb,2016-11-09,1,0,0.3776388466358185
2,xgb,2016-11-10,0,0,0.4810735881328583
2,xgb,2016-11-11,1,1,0.5369646549224854
2,xgb,2016-11-14,1,0,0.4432103633880615
2,xgb,2016-11-15,0,1,0.5696436166763306
2,xgb,2016-11-16,1,0,0.2749412953853607
2,xgb,2016-11-17,0,0,0.15761493146419525
2,xgb,2016-11-18,1,0,0.3255020081996918
2,xgb,2016-11-21,1,0,0.0785176083445549
2,xgb,2016-11-22,1,0,0.40142181515693665
2,xgb,2016-11-23,1,0,0.0563742034137249
2,xgb,2016-11-25,0,0,0.1161467507481575
2,xgb,2016-11-28,1,0,0.46719053387641907
2,xgb,2016-11-29,0,0,0.4348892271518707
2,xgb,2016-11-30,0,0,0.3566916286945343
2,xgb,2016-12-01,1,1,0.5007334351539612
2,xgb,2016-12-02,1,0,0.4374583661556244
2,xgb,2016-12-05,1,0,0.2668170630931854
2,xgb,2016-12-06,1,0,0.3840073049068451
2,xgb,2016-12-07,1,0,0.23966564238071442
2,xgb,2016-12-08,1,0,0.36522653698921204
2,xgb,2016-12-09,0,0,0.1860324740409851
2,xgb,2016-12-12,1,0,0.43359553813934326
2,xgb,2016-12-13,0,0,0.28583285212516785
2,xgb,2016-12-14,1,1,0.7194089889526367
2,xgb,2016-12-15,0,0,0.4110499918460846
2,xgb,2016-12-16,1,1,0.5663630366325378
2,xgb,2016-12-19,1,1,0.561502993106842
2,xgb,2016-12-20,0,0,0.42654022574424744
2,xgb,2016-12-21,0,0,0.29378560185432434
2,xgb,2016-12-22,1,0,0.4472208023071289
2,xgb,2016-12-23,1,0,0.39696624875068665
2,xgb,2016-12-27,0,0,0.47277703881263733
2,xgb,2016-12-28,0,0,0.4131292402744293
2,xgb,2016-12-29,0,0,0.4946899712085724
2,xgb,2016-12-30,1,1,0.5771985054016113
2,xgb,2017-01-03,1,0,0.45863011479377747
2,xgb,2017-01-04,0,1,0.5212346911430359
2,xgb,2017-01-05,1,1,0.5599212050437927
2,xgb,2017-01-06,0,0,0.3793894946575165
2,xgb,2017-01-09,0,0,0.430260568857193
2,xgb,2017-01-10,1,0,0.3914524018764496
2,xgb,2017-01-11,0,1,0.5161876678466797
2,xgb,2017-01-12,1,0,0.4342572093009949
2,xgb,2017-01-13,0,0,0.40117064118385315
2,xgb,2017-01-17,1,0,0.4058684706687927
2,xgb,2017-01-18,0,0,0.316420316696167
2,xgb,2017-01-19,1,0,0.4017806053161621
2,xgb,2017-01-20,0,0,0.4170461595058441
2,xgb,2017-01-23,1,0,0.4088042974472046
2,xgb,2017-01-24,1,0,0.4782674312591553
2,xgb,2017-01-25,0,0,0.4802873134613037
2,xgb,2017-01-26,0,0,0.3619302809238434
2,xgb,2017-01-27,0,0,0.4288159906864166
2,xgb,2017-01-30,0,1,0.5093510746955872
2,xgb,2017-01-31,1,0,0.49577879905700684
2,xgb,2017-02-01,1,0,0.3930568993091583
2,xgb,2017-02-02,1,1,0.5137796998023987
2,xgb,2017-02-03,0,0,0.438590943813324
2,xgb,2017-02-06,1,0,0.49046286940574646
2,xgb,2017-02-07,1,1,0.5283014178276062
2,xgb,2017-02-08,1,1,0.5128427743911743
2,xgb,2017-02-09,1,0,0.3832528293132782
2,xgb,2017-02-10,1,0,0.42018038034439087
2,xgb,2017-02-13,1,0,0.3817403316497803
2,xgb,2017-02-14,1,0,0.18423053622245789
2,xgb,2017-02-15,0,0,0.31423431634902954
2,xgb,2017-02-16,1,0,0.43547919392585754
2,xgb,2017-02-17,1,0,0.2016816884279251
2,xgb,2017-02-21,0,0,0.437163770198822
2,xgb,2017-02-22,1,0,0.2329217791557312
2,xgb,2017-02-23,1,0,0.27236542105674744
2,xgb,2017-02-24,1,0,0.322181761264801
2,xgb,2017-02-27,0,0,0.16015119850635529
2,xgb,2017-02-28,1,0,0.342823326587677
2,xgb,2017-03-01,0,0,0.2356303483247757
2,xgb,2017-03-02,1,0,0.3653534948825836
2,xgb,2017-03-03,0,0,0.45837780833244324
2,xgb,2017-03-06,0,1,0.5004932284355164
2,xgb,2017-03-07,0,1,0.5664169788360596
2,xgb,2017-03-08,1,1,0.6008298397064209
2,xgb,2017-03-09,1,1,0.5808854699134827
2,xgb,2017-03-10,1,1,0.5806698799133301
2,xgb,2017-03-13,0,0,0.4157229959964752
2,xgb,2017-03-14,1,0,0.4698582589626312
2,xgb,2017-03-15,0,1,0.5709503889083862
2,xgb,2017-03-16,0,1,0.5716332197189331
2,xgb,2017-03-17,0,1,0.6055266261100769
2,xgb,2017-03-20,0,0,0.4318675696849823
2,xgb,2017-03-21,1,0,0.4917137920856476
2,xgb,2017-03-22,0,1,0.5275211930274963
2,xgb,2017-03-23,0,0,0.3585774600505829
2,xgb,2017-03-24,0,1,0.5711776614189148
2,xgb,2017-03-27,1,1,0.616165816783905
2,xgb,2017-03-28,1,0,0.34710681438446045
2,xgb,2017-03-29,1,0,0.34010565280914307
2,xgb,2017-03-30,0,0,0.33769506216049194
2,xgb,2017-03-31,0,0,0.48428842425346375
2,xgb,2017-04-03,1,0,0.4303204417228699
2,xgb,2017-04-04,0,0,0.4145345091819763
2,xgb,2017-04-05,1,0,0.37046605348587036
2,xgb,2017-04-06,0,0,0.2652278244495392
2,xgb,2017-04-07,1,0,0.4302041828632355
2,xgb,2017-04-10,0,0,0.36029019951820374
2,xgb,2017-04-11,0,0,0.42238274216651917
2,xgb,2017-04-12,0,0,0.3518797755241394
2,xgb,2017-04-13,1,0,0.4434095323085785
2,xgb,2017-04-17,0,0,0.28452014923095703
2,xgb,2017-04-18,0,0,0.44971203804016113
2,xgb,2017-04-19,1,0,0.40742620825767517
2,xgb,2017-04-20,0,1,0.5110991597175598
2,xgb,2017-04-21,1,1,0.559069037437439
2,xgb,2017-04-24,1,1,0.5235111713409424
2,xgb,2017-04-25,0,0,0.4108699560165405
2,xgb,2017-04-26,1,1,0.5004129409790039
2,xgb,2017-04-27,0,0,0.4074113667011261
2,xgb,2017-04-28,1,0,0.3330737352371216
2,xgb,2017-05-01,1,0,0.36907148361206055
2,xgb,2017-05-02,0,0,0.3726663589477539
2,xgb,2017-05-03,1,0,0.33421483635902405
2,xgb,2017-05-04,1,0,0.258629709482193
2,xgb,2017-05-05,0,0,0.34116098284721375
2,xgb,2017-05-08,0,0,0.4151548743247986
2,xgb,2017-05-09,1,0,0.3036153316497803
2,xgb,2017-05-10,0,0,0.3673150837421417
3,majority,2017-05-18,1,1,0.5519848771266541
3,majority,2017-05-19,1,1,0.5519848771266541
3,majority,2017-05-22,1,1,0.5519848771266541
3,majority,2017-05-23,1,1,0.5519848771266541
3,majority,2017-05-24,1,1,0.5519848771266541
3,majority,2017-05-25,0,1,0.5519848771266541
3,majority,2017-05-26,0,1,0.5519848771266541
3,majority,2017-05-30,0,1,0.5519848771266541
3,majority,2017-05-31,1,1,0.5519848771266541
3,majority,2017-06-01,1,1,0.5519848771266541
3,majority,2017-06-02,0,1,0.5519848771266541
3,majority,2017-06-05,0,1,0.5519848771266541
3,majority,2017-06-06,1,1,0.5519848771266541
3,majority,2017-06-07,1,1,0.5519848771266541
3,majority,2017-06-08,0,1,0.5519848771266541
3,majority,2017-06-09,0,1,0.5519848771266541
3,majority,2017-06-12,1,1,0.5519848771266541
3,majority,2017-06-13,0,1,0.5519848771266541
3,majority,2017-06-14,0,1,0.5519848771266541
3,majority,2017-06-15,1,1,0.5519848771266541
3,majority,2017-06-16,1,1,0.5519848771266541
3,majority,2017-06-19,0,1,0.5519848771266541
3,majority,2017-06-20,0,1,0.5519848771266541
3,majority,2017-06-21,0,1,0.5519848771266541
3,majority,2017-06-22,1,1,0.5519848771266541
3,majority,2017-06-23,1,1,0.5519848771266541
3,majority,2017-06-26,0,1,0.5519848771266541
3,majority,2017-06-27,1,1,0.5519848771266541
3,majority,2017-06-28,0,1,0.5519848771266541
3,majority,2017-06-29,1,1,0.5519848771266541
3,majority,2017-06-30,1,1,0.5519848771266541
3,majority,2017-07-03,1,1,0.5519848771266541
3,majority,2017-07-05,0,1,0.5519848771266541
3,majority,2017-07-06,1,1,0.5519848771266541
3,majority,2017-07-07,1,1,0.5519848771266541
3,majority,2017-07-10,0,1,0.5519848771266541
3,majority,2017-07-11,1,1,0.5519848771266541
3,majority,2017-07-12,1,1,0.5519848771266541
3,majority,2017-07-13,1,1,0.5519848771266541
3,majority,2017-07-14,0,1,0.5519848771266541
3,majority,2017-07-17,1,1,0.5519848771266541
3,majority,2017-07-18,1,1,0.5519848771266541
3,majority,2017-07-19,1,1,0.5519848771266541
3,majority,2017-07-20,0,1,0.5519848771266541
3,majority,2017-07-21,0,1,0.5519848771266541
3,majority,2017-07-24,1,1,0.5519848771266541
3,majority,2017-07-25,1,1,0.5519848771266541
3,majority,2017-07-26,0,1,0.5519848771266541
3,majority,2017-07-27,0,1,0.5519848771266541
3,majority,2017-07-28,0,1,0.5519848771266541
3,majority,2017-07-31,1,1,0.5519848771266541
3,majority,2017-08-01,1,1,0.5519848771266541
3,majority,2017-08-02,0,1,0.5519848771266541
3,majority,2017-08-03,1,1,0.5519848771266541
3,majority,2017-08-04,1,1,0.5519848771266541
3,majority,2017-08-07,0,1,0.5519848771266541
3,majority,2017-08-08,0,1,0.5519848771266541
3,majority,2017-08-09,0,1,0.5519848771266541
3,majority,2017-08-10,1,1,0.5519848771266541
3,majority,2017-08-11,1,1,0.5519848771266541
3,majority,2017-08-14,0,1,0.5519848771266541
3,majority,2017-08-15,1,1,0.5519848771266541
3,majority,2017-08-16,0,1,0.5519848771266541
3,majority,2017-08-17,0,1,0.5519848771266541
3,majority,2017-08-18,1,1,0.5519848771266541
3,majority,2017-08-21,1,1,0.5519848771266541
3,majority,2017-08-22,0,1,0.5519848771266541
3,majority,2017-08-23,0,1,0.5519848771266541
3,majority,2017-08-24,1,1,0.5519848771266541
3,majority,2017-08-25,1,1,0.5519848771266541
3,majority,2017-08-28,1,1,0.5519848771266541
3,majority,2017-08-29,1,1,0.5519848771266541
3,majority,2017-08-30,1,1,0.5519848771266541
3,majority,2017-08-31,1,1,0.5519848771266541
3,majority,2017-09-01,0,1,0.5519848771266541
3,majority,2017-09-05,1,1,0.5519848771266541
3,majority,2017-09-06,0,1,0.5519848771266541
3,majority,2017-09-07,0,1,0.5519848771266541
3,majority,2017-09-08,1,1,0.5519848771266541
3,majority,2017-09-11,1,1,0.5519848771266541
3,majority,2017-09-12,1,1,0.5519848771266541
3,majority,2017-09-13,0,1,0.5519848771266541
3,majority,2017-09-14,1,1,0.5519848771266541
3,majority,2017-09-15,1,1,0.5519848771266541
3,majority,2017-09-18,1,1,0.5519848771266541
3,majority,2017-09-19,1,1,0.5519848771266541
3,majority,2017-09-20,0,1,0.5519848771266541
3,majority,2017-09-21,1,1,0.5519848771266541
3,majority,2017-09-22,0,1,0.5519848771266541
3,majority,2017-09-25,1,1,0.5519848771266541
3,majority,2017-09-26,1,1,0.5519848771266541
3,majority,2017-09-27,1,1,0.5519848771266541
3,majority,2017-09-28,1,1,0.5519848771266541
3,majority,2017-09-29,1,1,0.5519848771266541
3,majority,2017-10-02,1,1,0.5519848771266541
3,majority,2017-10-03,1,1,0.5519848771266541
3,majority,2017-10-04,1,1,0.5519848771266541
3,majority,2017-10-05,0,1,0.5519848771266541
3,majority,2017-10-06,0,1,0.5519848771266541
3,majority,2017-10-09,1,1,0.5519848771266541
3,majority,2017-10-10,1,1,0.5519848771266541
3,majority,2017-10-11,0,1,0.5519848771266541
3,majority,2017-10-12,1,1,0.5519848771266541
3,majority,2017-10-13,1,1,0.5519848771266541
3,majority,2017-10-16,1,1,0.5519848771266541
3,majority,2017-10-17,1,1,0.5519848771266541
3,majority,2017-10-18,1,1,0.5519848771266541
3,majority,2017-10-19,1,1,0.5519848771266541
3,majority,2017-10-20,0,1,0.5519848771266541
3,majority,2017-10-23,1,1,0.5519848771266541
3,majority,2017-10-24,0,1,0.5519848771266541
3,majority,2017-10-25,1,1,0.5519848771266541
3,majority,2017-10-26,1,1,0.5519848771266541
3,majority,2017-10-27,0,1,0.5519848771266541
3,majority,2017-10-30,1,1,0.5519848771266541
3,majority,2017-10-31,1,1,0.5519848771266541
3,majority,2017-11-01,1,1,0.5519848771266541
3,majority,2017-11-02,1,1,0.5519848771266541
3,majority,2017-11-03,1,1,0.5519848771266541
3,majority,2017-11-06,0,1,0.5519848771266541
3,majority,2017-11-07,1,1,0.5519848771266541
3,majority,2017-11-08,0,1,0.5519848771266541
3,majority,2017-11-09,0,1,0.5519848771266541
3,majority,2017-11-10,1,1,0.5519848771266541
3,majority,2017-11-13,0,1,0.5519848771266541
3,majority,2017-11-14,0,1,0.5519848771266541
3,naive,2017-05-18,1,1,0.5
3,naive,2017-05-19,1,1,0.5
3,naive,2017-05-22,1,1,0.5
3,naive,2017-05-23,1,1,0.5
3,naive,2017-05-24,1,1,0.5
3,naive,2017-05-25,0,1,0.5
3,naive,2017-05-26,0,0,0.5
3,naive,2017-05-30,0,0,0.5
3,naive,2017-05-31,1,0,0.5
3,naive,2017-06-01,1,1,0.5
3,naive,2017-06-02,0,1,0.5
3,naive,2017-06-05,0,0,0.5
3,naive,2017-06-06,1,0,0.5
3,naive,2017-06-07,1,1,0.5
3,naive,2017-06-08,0,1,0.5
3,naive,2017-06-09,0,0,0.5
3,naive,2017-06-12,1,0,0.5
3,naive,2017-06-13,0,1,0.5
3,naive,2017-06-14,0,0,0.5
3,naive,2017-06-15,1,0,0.5
3,naive,2017-06-16,1,1,0.5
3,naive,2017-06-19,0,1,0.5
3,naive,2017-06-20,0,0,0.5
3,naive,2017-06-21,0,0,0.5
3,naive,2017-06-22,1,0,0.5
3,naive,2017-06-23,1,1,0.5
3,naive,2017-06-26,0,1,0.5
3,naive,2017-06-27,1,0,0.5
3,naive,2017-06-28,0,1,0.5
3,naive,2017-06-29,1,0,0.5
3,naive,2017-06-30,1,1,0.5
3,naive,2017-07-03,1,1,0.5
3,naive,2017-07-05,0,1,0.5
3,naive,2017-07-06,1,0,0.5
3,naive,2017-07-07,1,1,0.5
3,naive,2017-07-10,0,1,0.5
3,naive,2017-07-11,1,0,0.5
3,naive,2017-07-12,1,1,0.5
3,naive,2017-07-13,1,1,0.5
3,naive,2017-07-14,0,1,0.5
3,naive,2017-07-17,1,0,0.5
3,naive,2017-07-18,1,1,0.5
3,naive,2017-07-19,1,1,0.5
3,naive,2017-07-20,0,1,0.5
3,naive,2017-07-21,0,0,0.5
3,naive,2017-07-24,1,0,0.5
3,naive,2017-07-25,1,1,0.5
3,naive,2017-07-26,0,1,0.5
3,naive,2017-07-27,0,0,0.5
3,naive,2017-07-28,0,0,0.5
3,naive,2017-07-31,1,0,0.5
3,naive,2017-08-01,1,1,0.5
3,naive,2017-08-02,0,1,0.5
3,naive,2017-08-03,1,0,0.5
3,naive,2017-08-04,1,1,0.5
3,naive,2017-08-07,0,1,0.5
3,naive,2017-08-08,0,0,0.5
3,naive,2017-08-09,0,0,0.5
3,naive,2017-08-10,1,0,0.5
3,naive,2017-08-11,1,1,0.5
3,naive,2017-08-14,0,1,0.5
3,naive,2017-08-15,1,0,0.5
3,naive,2017-08-16,0,1,0.5
3,naive,2017-08-17,0,0,0.5
3,naive,2017-08-18,1,0,0.5
3,naive,2017-08-21,1,1,0.5
3,naive,2017-08-22,0,1,0.5
3,naive,2017-08-23,0,0,0.5
3,naive,2017-08-24,1,0,0.5
3,naive,2017-08-25,1,1,0.5
3,naive,2017-08-28,1,1,0.5
3,naive,2017-08-29,1,1,0.5
3,naive,2017-08-30,1,1,0.5
3,naive,2017-08-31,1,1,0.5
3,naive,2017-09-01,0,1,0.5
3,naive,2017-09-05,1,0,0.5
3,naive,2017-09-06,0,1,0.5
3,naive,2017-09-07,0,0,0.5
3,naive,2017-09-08,1,0,0.5
3,naive,2017-09-11,1,1,0.5
3,naive,2017-09-12,1,1,0.5
3,naive,2017-09-13,0,1,0.5
3,naive,2017-09-14,1,0,0.5
3,naive,2017-09-15,1,1,0.5
3,naive,2017-09-18,1,1,0.5
3,naive,2017-09-19,1,1,0.5
3,naive,2017-09-20,0,1,0.5
3,naive,2017-09-21,1,0,0.5
3,naive,2017-09-22,0,1,0.5
3,naive,2017-09-25,1,0,0.5
3,naive,2017-09-26,1,1,0.5
3,naive,2017-09-27,1,1,0.5
3,naive,2017-09-28,1,1,0.5
3,naive,2017-09-29,1,1,0.5
3,naive,2017-10-02,1,1,0.5
3,naive,2017-10-03,1,1,0.5
3,naive,2017-10-04,1,1,0.5
3,naive,2017-10-05,0,1,0.5
3,naive,2017-10-06,0,0,0.5
3,naive,2017-10-09,1,0,0.5
3,naive,2017-10-10,1,1,0.5
3,naive,2017-10-11,0,1,0.5
3,naive,2017-10-12,1,0,0.5
3,naive,2017-10-13,1,1,0.5
3,naive,2017-10-16,1,1,0.5
3,naive,2017-10-17,1,1,0.5
3,naive,2017-10-18,1,1,0.5
3,naive,2017-10-19,1,1,0.5
3,naive,2017-10-20,0,1,0.5
3,naive,2017-10-23,1,0,0.5
3,naive,2017-10-24,0,1,0.5
3,naive,2017-10-25,1,0,0.5
3,naive,2017-10-26,1,1,0.5
3,naive,2017-10-27,0,1,0.5
3,naive,2017-10-30,1,0,0.5
3,naive,2017-10-31,1,1,0.5
3,naive,2017-11-01,1,1,0.5
3,naive,2017-11-02,1,1,0.5
3,naive,2017-11-03,1,1,0.5
3,naive,2017-11-06,0,1,0.5
3,naive,2017-11-07,1,0,0.5
3,naive,2017-11-08,0,1,0.5
3,naive,2017-11-09,0,0,0.5
3,naive,2017-11-10,1,0,0.5
3,naive,2017-11-13,0,1,0.5
3,naive,2017-11-14,0,0,0.5
3,logistic,2017-05-18,1,0,0.45043372455272734
3,logistic,2017-05-19,1,0,0.4635201020546604
3,logistic,2017-05-22,1,0,0.48374954683528437
3,logistic,2017-05-23,1,0,0.43550575439931266
3,logistic,2017-05-24,1,0,0.40545972171961975
3,logistic,2017-05-25,0,0,0.44825704084222806
3,logistic,2017-05-26,0,0,0.4697017687333344
3,logistic,2017-05-30,0,0,0.4652710522503776
3,logistic,2017-05-31,1,0,0.4650558462210703
3,logistic,2017-06-01,1,0,0.4509650362023936
3,logistic,2017-06-02,0,0,0.4563620246317487
3,logistic,2017-06-05,0,0,0.45648895894862
3,logistic,2017-06-06,1,0,0.45284264662823354
3,logistic,2017-06-07,1,0,0.4448911226957792
3,logistic,2017-06-08,0,0,0.4650134768708905
3,logistic,2017-06-09,0,0,0.48192768219380583
3,logistic,2017-06-12,1,0,0.4706135720338892
3,logistic,2017-06-13,0,0,0.44968022976867605
3,logistic,2017-06-14,0,0,0.4831645823095615
3,logistic,2017-06-15,1,0,0.47189547632034845
3,logistic,2017-06-16,1,0,0.44620794797466085
3,logistic,2017-06-19,0,0,0.442433864171125
3,logistic,2017-06-20,0,0,0.4844239152968555
3,logistic,2017-06-21,0,0,0.46202212373878754
3,logistic,2017-06-22,1,0,0.4609177575189254
3,logistic,2017-06-23,1,0,0.4708110447095249
3,logistic,2017-06-26,0,0,0.47001890699141474
3,logistic,2017-06-27,1,0,0.4838331116970838
3,logistic,2017-06-28,0,0,0.4533616439882926
3,logistic,2017-06-29,1,1,0.5005579492449663
3,logistic,2017-06-30,1,0,0.47369585527178365
3,logistic,2017-07-03,1,0,0.4637079582939052
3,logistic,2017-07-05,0,0,0.4636086980066175
3,logistic,2017-07-06,1,1,0.5128436180907093
3,logistic,2017-07-07,1,0,0.450471151094397
3,logistic,2017-07-10,0,0,0.4849439973460472
3,logistic,2017-07-11,1,0,0.49483265014360456
3,logistic,2017-07-12,1,0,0.446293662077837
3,logistic,2017-07-13,1,0,0.44088784536214826
3,logistic,2017-07-14,0,0,0.4626451637038537
3,logistic,2017-07-17,1,0,0.4554770565499092
3,logistic,2017-07-18,1,0,0.4487648608616438
3,logistic,2017-07-19,1,0,0.4622701449903049
3,logistic,2017-07-20,0,0,0.46044669383163306
3,logistic,2017-07-21,0,0,0.47913837321242386
3,logistic,2017-07-24,1,0,0.46425508051631875
3,logistic,2017-07-25,1,0,0.4624064493530268
3,logistic,2017-07-26,0,0,0.46956421134393167
3,logistic,2017-07-27,0,0,0.47213568563994157
3,logistic,2017-07-28,0,0,0.4694911380331552
3,logistic,2017-07-31,1,0,0.48113324400504665
3,logistic,2017-08-01,1,0,0.4752857932230659
3,logistic,2017-08-02,0,0,0.4734406347909731
3,logistic,2017-08-03,1,0,0.4823203202010901
3,logistic,2017-08-04,1,0,0.45713799639935054
3,logistic,2017-08-07,0,0,0.45797513431658654
3,logistic,2017-08-08,0,0,0.48128539097443856
3,logistic,2017-08-09,0,0,0.46871271299681927
3,logistic,2017-08-10,1,1,0.5196121977175031
3,logistic,2017-08-11,1,1,0.505373676150131
3,logistic,2017-08-14,0,0,0.4923248064205403
3,logistic,2017-08-15,1,1,0.5123851417527776
3,logistic,2017-08-16,0,0,0.4668469347989525
3,logistic,2017-08-17,0,0,0.49477779217968054
3,logistic,2017-08-18,1,1,0.5337134927657791
3,logistic,2017-08-21,1,1,0.541667905662366
3,logistic,2017-08-22,0,1,0.5231108597310634
3,logistic,2017-08-23,0,1,0.5278690743343784
3,logistic,2017-08-24,1,0,0.49086206750266936
3,logistic,2017-08-25,1,0,0.49830934696040746
3,logistic,2017-08-28,1,1,0.5260188909956701
3,logistic,2017-08-29,1,1,0.5292460362849375
3,logistic,2017-08-30,1,0,0.4799688306486451
3,logistic,2017-08-31,1,0,0.4726702146428045
3,logistic,2017-09-01,0,0,0.4816849167321504
3,logistic,2017-09-05,1,0,0.49669564737063504
3,logistic,2017-09-06,0,0,0.476231895849497
3,logistic,2017-09-07,0,1,0.5018111938661741
3,logistic,2017-09-08,1,1,0.5082259994357923
3,logistic,2017-09-11,1,0,0.4591942356501392
3,logistic,2017-09-12,1,0,0.4592639009390168
3,logistic,2017-09-13,0,0,0.47439994893938825
3,logistic,2017-09-14,1,0,0.46907061641088627
3,logistic,2017-09-15,1,0,0.45762729043955397
3,logistic,2017-09-18,1,0,0.48472461529448707
3,logistic,2017-09-19,1,0,0.46531899852591074
3,logistic,2017-09-20,0,0,0.4541831544137418
3,logistic,2017-09-21,1,0,0.4698068146892962
3,logistic,2017-09-22,0,0,0.4629102330215838
3,logistic,2017-09-25,1,0,0.4841233995750416
3,logistic,2017-09-26,1,0,0.47104170698293274
3,logistic,2017-09-27,1,0,0.4525003326913106
3,logistic,2017-09-28,1,0,0.4485770635395237
3,logistic,2017-09-29,1,0,0.44065527629680784
3,logistic,2017-10-02,1,0,0.4349620240739624
3,logistic,2017-10-03,1,0,0.43698593278238784
3,logistic,2017-10-04,1,0,0.43424134670035686
3,logistic,2017-10-05,0,0,0.41962084644296993
3,logistic,2017-10-06,0,0,0.44021179718337566
3,logistic,2017-10-09,1,0,0.43098061266606286
3,logistic,2017-10-10,1,0,0.40760133400964804
3,logistic,2017-10-11,0,0,0.41110790651062745
3,logistic,2017-10-12,1,0,0.4265746392071856
3,logistic,2017-10-13,1,0,0.39016516719523575
3,logistic,2017-10-16,1,0,0.39116018317895146
3,logistic,2017-10-17,1,0,0.3989946760255016
3,logistic,2017-10-18,1,0,0.3870894368460196
3,logistic,2017-10-19,1,0,0.38167258747225774
3,logistic,2017-10-20,0,0,0.38105587554909964
3,logistic,2017-10-23,1,0,0.41069810245769883
3,logistic,2017-10-24,0,0,0.3867911826174001
3,logistic,2017-10-25,1,0,0.4278674197886617
3,logistic,2017-10-26,1,0,0.41323285589721737
3,logistic,2017-10-27,0,0,0.39722651070042475
3,logistic,2017-10-30,1,0,0.41434589618439616
3,logistic,2017-10-31,1,0,0.3915740662180308
3,logistic,2017-11-01,1,0,0.3759401038818822
3,logistic,2017-11-02,1,0,0.4015575263881279
3,logistic,2017-11-03,1,0,0.3992459349003768
3,logistic,2017-11-06,0,0,0.3810696087931993
3,logistic,2017-11-07,1,0,0.40282657110556075
3,logistic,2017-11-08,0,0,0.3853531351143042
3,logistic,2017-11-09,0,0,0.4214894574249659
3,logistic,2017-11-10,1,0,0.42759745430109397
3,logistic,2017-11-13,0,0,0.4156822802670915
3,logistic,2017-11-14,0,0,0.44358621293490946
3,rf,2017-05-18,1,0,0.44547541867997525
3,rf,2017-05-19,1,0,0.4241640861335772
3,rf,2017-05-22,1,0,0.4691247066470248
3,rf,2017-05-23,1,0,0.468616275731675
3,rf,2017-05-24,1,0,0.44568534357020706
3,rf,2017-05-25,0,0,0.456280223565533
3,rf,2017-05-26,0,0,0.4855035935428097
3,rf,2017-05-30,0,0,0.453880083066544
3,rf,2017-05-31,1,0,0.4546514341401057
3,rf,2017-06-01,1,0,0.4550609722938588
3,rf,2017-06-02,0,0,0.4628424873275524
3,rf,2017-06-05,0,0,0.4290481329332508
3,rf,2017-06-06,1,0,0.42887122319294385
3,rf,2017-06-07,1,0,0.43070254761846977
3,rf,2017-06-08,0,0,0.4655225117278447
3,rf,2017-06-09,0,0,0.47940016914333844
3,rf,2017-06-12,1,0,0.454410627542453
3,rf,2017-06-13,0,0,0.4282804063712422
3,rf,2017-06-14,0,0,0.43405195551550446
3,rf,2017-06-15,1,0,0.4457297433637898
3,rf,2017-06-16,1,0,0.45029653769138595
3,rf,2017-06-19,0,0,0.4448156921976506
3,rf,2017-06-20,0,0,0.46725729173711805
3,rf,2017-06-21,0,0,0.44338499349571986
3,rf,2017-06-22,1,0,0.44302608849436825
3,rf,2017-06-23,1,0,0.4480133142033168
3,rf,2017-06-26,0,0,0.4703158760450548
3,rf,2017-06-27,1,0,0.46069556338570977
3,rf,2017-06-28,0,0,0.43984585202212095
3,rf,2017-06-29,1,0,0.4749791659102923
3,rf,2017-06-30,1,0,0.4410747958366274
3,rf,2017-07-03,1,0,0.45861986172024244
3,rf,2017-07-05,0,0,0.4410989385176837
3,rf,2017-07-06,1,0,0.4985836409443721
3,rf,2017-07-07,1,0,0.44142669092075654
3,rf,2017-07-10,0,0,0.43831805757716696
3,rf,2017-07-11,1,0,0.4410549966135364
3,rf,2017-07-12,1,0,0.47710326351151955
3,rf,2017-07-13,1,0,0.45162376522247993
3,rf,2017-07-14,0,0,0.47192073198761403
3,rf,2017-07-17,1,0,0.44513230047685215
3,rf,2017-07-18,1,0,0.45029838959854523
3,rf,2017-07-19,1,0,0.4857483429699739
3,rf,2017-07-20,0,0,0.4432487966680199
3,rf,2017-07-21,0,0,0.48729836256837644
3,rf,2017-07-24,1,0,0.43229179333557977
3,rf,2017-07-25,1,0,0.43973955487834504
3,rf,2017-07-26,0,0,0.455030090010094
3,rf,2017-07-27,0,0,0.42605049133743456
3,rf,2017-07-28,0,0,0.43609119945288266
3,rf,2017-07-31,1,0,0.44110869833841104
3,rf,2017-08-01,1,0,0.45811463429110955
3,rf,2017-08-02,0,0,0.4435941923649141
3,rf,2017-08-03,1,0,0.44807223576042626
3,rf,2017-08-04,1,0,0.45045097078874013
3,rf,2017-08-07,0,0,0.45262646620248376
3,rf,2017-08-08,0,0,0.44647356084336887
3,rf,2017-08-09,0,0,0.45313817909388426
3,rf,2017-08-10,1,0,0.4827607923007746
3,rf,2017-08-11,1,0,0.45810930491659346
3,rf,2017-08-14,0,0,0.4192460589283667
3,rf,2017-08-15,1,0,0.4506491244470784
3,rf,2017-08-16,0,0,0.466417215150126
3,rf,2017-08-17,0,0,0.4907491030080469
3,rf,2017-08-18,1,1,0.5094575028524205
3,rf,2017-08-21,1,0,0.4754804790254392
3,rf,2017-08-22,0,0,0.4491111189747952
3,rf,2017-08-23,0,0,0.4730203995253433
3,rf,2017-08-24,1,0,0.47915745451359
3,rf,2017-08-25,1,0,0.476954118949742
3,rf,2017-08-28,1,0,0.48407449753646536
3,rf,2017-08-29,1,0,0.4787209073832645
3,rf,2017-08-30,1,0,0.45890038720394294
3,rf,2017-08-31,1,0,0.4566127710185533
3,rf,2017-09-01,0,0,0.46813138780118685
3,rf,2017-09-05,1,0,0.4809855450661063
3,rf,2017-09-06,0,0,0.45805903970963585
3,rf,2017-09-07,0,0,0.4734459331446002
3,rf,2017-09-08,1,0,0.4563133206675109
3,rf,2017-09-11,1,0,0.4589900807969834
3,rf,2017-09-12,1,0,0.4489257587469557
3,rf,2017-09-13,0,0,0.4418388318436993
3,rf,2017-09-14,1,0,0.46377108189564825
3,rf,2017-09-15,1,0,0.4394738741290114
3,rf,2017-09-18,1,0,0.48384313387933653
3,rf,2017-09-19,1,0,0.43125043161496707
3,rf,2017-09-20,0,0,0.43111538081484374
3,rf,2017-09-21,1,0,0.4286698271980989
3,rf,2017-09-22,0,0,0.4408317120309716
3,rf,2017-09-25,1,0,0.4348436713886649
3,rf,2017-09-26,1,0,0.4398608125956009
3,rf,2017-09-27,1,0,0.4368943048581903
3,rf,2017-09-28,1,0,0.4393896279683794
3,rf,2017-09-29,1,0,0.43124204694294604
3,rf,2017-10-02,1,0,0.42977334356998625
3,rf,2017-10-03,1,0,0.43495141906177376
3,rf,2017-10-04,1,0,0.44239521616504296
3,rf,2017-10-05,0,0,0.42251509955981187
3,rf,2017-10-06,0,0,0.4703337042642071
3,rf,2017-10-09,1,0,0.4428380998876217
3,rf,2017-10-10,1,0,0.42666232743066146
3,rf,2017-10-11,0,0,0.4247835168062256
3,rf,2017-10-12,1,0,0.44652426625117336
3,rf,2017-10-13,1,0,0.4125914293069726
3,rf,2017-10-16,1,0,0.4166129536137935
3,rf,2017-10-17,1,0,0.4091254204091116
3,rf,2017-10-18,1,0,0.40682745757363104
3,rf,2017-10-19,1,0,0.4176524127915429
3,rf,2017-10-20,0,0,0.40165514828364807
3,rf,2017-10-23,1,0,0.4315567815402641
3,rf,2017-10-24,0,0,0.4258698777375512
3,rf,2017-10-25,1,0,0.47279952555793187
3,rf,2017-10-26,1,0,0.4424844812441077
3,rf,2017-10-27,0,0,0.45933386054783415
3,rf,2017-10-30,1,0,0.4338250172520602
3,rf,2017-10-31,1,0,0.4253371308649459
3,rf,2017-11-01,1,0,0.42019004476152166
3,rf,2017-11-02,1,0,0.43103761775641336
3,rf,2017-11-03,1,0,0.4392916583221168
3,rf,2017-11-06,0,0,0.4125733765838722
3,rf,2017-11-07,1,0,0.40811057968483694
3,rf,2017-11-08,0,0,0.40661819957319084
3,rf,2017-11-09,0,0,0.46795763767752957
3,rf,2017-11-10,1,0,0.44543287681941174
3,rf,2017-11-13,0,0,0.44133968383392574
3,rf,2017-11-14,0,0,0.4455036767021206
3,xgb,2017-05-18,1,0,0.2477155327796936
3,xgb,2017-05-19,1,0,0.1785702258348465
3,xgb,2017-05-22,1,0,0.38442152738571167
3,xgb,2017-05-23,1,0,0.49304044246673584
3,xgb,2017-05-24,1,0,0.3520709276199341
3,xgb,2017-05-25,0,1,0.5269264578819275
3,xgb,2017-05-26,0,1,0.6611972451210022
3,xgb,2017-05-30,0,0,0.4323441684246063
3,xgb,2017-05-31,1,0,0.3988966643810272
3,xgb,2017-06-01,1,0,0.42354029417037964
3,xgb,2017-06-02,0,1,0.7328196167945862
3,xgb,2017-06-05,0,0,0.18459399044513702
3,xgb,2017-06-06,1,0,0.29826876521110535
3,xgb,2017-06-07,1,0,0.3412940502166748
3,xgb,2017-06-08,0,0,0.20970916748046875
3,xgb,2017-06-09,0,0,0.4772152602672577
3,xgb,2017-06-12,1,0,0.43679746985435486
3,xgb,2017-06-13,0,0,0.2882803678512573
3,xgb,2017-06-14,0,0,0.21233434975147247
3,xgb,2017-06-15,1,0,0.29139894247055054
3,xgb,2017-06-16,1,1,0.5459345579147339
3,xgb,2017-06-19,0,0,0.43958741426467896
3,xgb,2017-06-20,0,0,0.2746161222457886
3,xgb,2017-06-21,0,0,0.3387781083583832
3,xgb,2017-06-22,1,0,0.36395031213760376
3,xgb,2017-06-23,1,0,0.44136369228363037
3,xgb,2017-06-26,0,0,0.36710429191589355
3,xgb,2017-06-27,1,1,0.6348657608032227
3,xgb,2017-06-28,0,0,0.40653523802757263
3,xgb,2017-06-29,1,1,0.6632634997367859
3,xgb,2017-06-30,1,0,0.3534402847290039
3,xgb,2017-07-03,1,0,0.36584794521331787
3,xgb,2017-07-05,0,0,0.3288293778896332
3,xgb,2017-07-06,1,1,0.5459215044975281
3,xgb,2017-07-07,1,0,0.4643647074699402
3,xgb,2017-07-10,0,0,0.3545425832271576
3,xgb,2017-07-11,1,0,0.24417352676391602
3,xgb,2017-07-12,1,1,0.647793173789978
3,xgb,2017-07-13,1,1,0.5462833046913147
3,xgb,2017-07-14,0,0,0.38064900040626526
3,xgb,2017-07-17,1,0,0.41684702038764954
3,xgb,2017-07-18,1,1,0.5634292960166931
3,xgb,2017-07-19,1,0,0.4167460501194
3,xgb,2017-07-20,0,1,0.5431913137435913
3,xgb,2017-07-21,0,1,0.7517894506454468
3,xgb,2017-07-24,1,0,0.40242666006088257
3,xgb,2017-07-25,1,0,0.44046998023986816
3,xgb,2017-07-26,0,0,0.23221980035305023
3,xgb,2017-07-27,0,0,0.24497012794017792
3,xgb,2017-07-28,0,0,0.3231741189956665
3,xgb,2017-07-31,1,0,0.31298381090164185
3,xgb,2017-08-01,1,0,0.3726845681667328
3,xgb,2017-08-02,0,0,0.24797123670578003
3,xgb,2017-08-03,1,0,0.2959566116333008
3,xgb,2017-08-04,1,0,0.4081479609012604
3,xgb,2017-08-07,0,0,0.33210888504981995
3,xgb,2017-08-08,0,0,0.20651403069496155
3,xgb,2017-08-09,0,0,0.437274307012558
3,xgb,2017-08-10,1,1,0.6373826265335083
3,xgb,2017-08-11,1,0,0.33741626143455505
3,xgb,2017-08-14,0,0,0.11249672621488571
3,xgb,2017-08-15,1,0,0.4003208875656128
3,xgb,2017-08-16,0,1,0.5593191385269165
3,xgb,2017-08-17,0,1,0.6516952514648438
3,xgb,2017-08-18,1,1,0.5067764520645142
3,xgb,2017-08-21,1,0,0.37956181168556213
3,xgb,2017-08-22,0,0,0.3729264736175537
3,xgb,2017-08-23,0,0,0.36657145619392395
3,xgb,2017-08-24,1,1,0.6522083282470703
3,xgb,2017-08-25,1,1,0.6925929188728333
3,xgb,2017-08-28,1,1,0.6268948316574097
3,xgb,2017-08-29,1,1,0.5507357120513916
3,xgb,2017-08-30,1,0,0.42571359872817993
3,xgb,2017-08-31,1,1,0.5797277688980103
3,xgb,2017-09-01,0,0,0.4139866530895233
3,xgb,2017-09-05,1,1,0.6467875242233276
3,xgb,2017-09-06,0,0,0.4391433596611023
3,xgb,2017-09-07,0,0,0.39635980129241943
3,xgb,2017-09-08,1,0,0.42313656210899353
3,xgb,2017-09-11,1,0,0.3980218172073364
3,xgb,2017-09-12,1,0,0.23470309376716614
3,xgb,2017-09-13,0,0,0.18716710805892944
3,xgb,2017-09-14,1,1,0.5816760659217834
3,xgb,2017-09-15,1,0,0.3667963147163391
3,xgb,2017-09-18,1,0,0.4946456849575043
3,xgb,2017-09-19,1,0,0.2704959213733673
3,xgb,2017-09-20,0,0,0.3426611125469208
3,xgb,2017-09-21,1,0,0.22697904706001282
3,xgb,2017-09-22,0,0,0.25586485862731934
3,xgb,2017-09-25,1,0,0.19769681990146637
3,xgb,2017-09-26,1,0,0.23418071866035461
3,xgb,2017-09-27,1,0,0.2227952480316162
3,xgb,2017-09-28,1,0,0.18215662240982056
3,xgb,2017-09-29,1,1,0.556065022945404
3,xgb,2017-10-02,1,0,0.2870677709579468
3,xgb,2017-10-03,1,0,0.41421470046043396
3,xgb,2017-10-04,1,1,0.5629332065582275
3,xgb,2017-10-05,0,0,0.31553515791893005
3,xgb,2017-10-06,0,1,0.7690318822860718
3,xgb,2017-10-09,1,1,0.638982892036438
3,xgb,2017-10-10,1,1,0.5761833786964417
3,xgb,2017-10-11,0,0,0.2468549758195877
3,xgb,2017-10-12,1,0,0.33765679597854614
3,xgb,2017-10-13,1,0,0.3905985951423645
3,xgb,2017-10-16,1,0,0.34809163212776184
3,xgb,2017-10-17,1,0,0.17121711373329163
3,xgb,2017-10-18,1,0,0.21997958421707153
3,xgb,2017-10-19,1,0,0.31840625405311584
3,xgb,2017-10-20,0,0,0.39984166622161865
3,xgb,2017-10-23,1,0,0.3159712851047516
3,xgb,2017-10-24,0,0,0.3757189214229584
3,xgb,2017-10-25,1,1,0.6352567076683044
3,xgb,2017-10-26,1,0,0.4171920716762543
3,xgb,2017-10-27,0,1,0.5643283724784851
3,xgb,2017-10-30,1,0,0.39532795548439026
3,xgb,2017-10-31,1,0,0.3310563266277313
3,xgb,2017-11-01,1,0,0.22709186375141144
3,xgb,2017-11-02,1,0,0.44946953654289246
3,xgb,2017-11-03,1,0,0.3668421804904938
3,xgb,2017-11-06,0,0,0.33957526087760925
3,xgb,2017-11-07,1,0,0.29958418011665344
3,xgb,2017-11-08,0,0,0.35752439498901367
3,xgb,2017-11-09,0,1,0.7002696990966797
3,xgb,2017-11-10,1,0,0.32297176122665405
3,xgb,2017-11-13,0,0,0.4414093494415283
3,xgb,2017-11-14,0,0,0.40883323550224304
4,majority,2017-11-28,0,1,0.55
4,majority,2017-11-29,1,1,0.55
4,majority,2017-11-30,0,1,0.55
4,majority,2017-12-01,0,1,0.55
4,majority,2017-12-04,0,1,0.55
4,majority,2017-12-05,1,1,0.55
4,majority,2017-12-06,1,1,0.55
4,majority,2017-12-07,1,1,0.55
4,majority,2017-12-08,1,1,0.55
4,majority,2017-12-11,1,1,0.55
4,majority,2017-12-12,0,1,0.55
4,majority,2017-12-13,0,1,0.55
4,majority,2017-12-14,1,1,0.55
4,majority,2017-12-15,1,1,0.55
4,majority,2017-12-18,0,1,0.55
4,majority,2017-12-19,0,1,0.55
4,majority,2017-12-20,1,1,0.55
4,majority,2017-12-21,0,1,0.55
4,majority,2017-12-22,0,1,0.55
4,majority,2017-12-26,1,1,0.55
4,majority,2017-12-27,1,1,0.55
4,majority,2017-12-28,0,1,0.55
4,majority,2017-12-29,1,1,0.55
4,majority,2018-01-02,1,1,0.55
4,majority,2018-01-03,1,1,0.55
4,majority,2018-01-04,1,1,0.55
4,majority,2018-01-05,1,1,0.55
4,majority,2018-01-08,1,1,0.55
4,majority,2018-01-09,0,1,0.55
4,majority,2018-01-10,1,1,0.55
4,majority,2018-01-11,1,1,0.55
4,majority,2018-01-12,0,1,0.55
4,majority,2018-01-16,1,1,0.55
4,majority,2018-01-17,0,1,0.55
4,majority,2018-01-18,1,1,0.55
4,majority,2018-01-19,1,1,0.55
4,majority,2018-01-22,1,1,0.55
4,majority,2018-01-23,0,1,0.55
4,majority,2018-01-24,1,1,0.55
4,majority,2018-01-25,1,1,0.55
4,majority,2018-01-26,0,1,0.55
4,majority,2018-01-29,0,1,0.55
4,majority,2018-01-30,1,1,0.55
4,majority,2018-01-31,0,1,0.55
4,majority,2018-02-01,0,1,0.55
4,majority,2018-02-02,0,1,0.55
4,majority,2018-02-05,1,1,0.55
4,majority,2018-02-06,0,1,0.55
4,majority,2018-02-07,0,1,0.55
4,majority,2018-02-08,1,1,0.55
4,majority,2018-02-09,1,1,0.55
4,majority,2018-02-12,1,1,0.55
4,majority,2018-02-13,1,1,0.55
4,majority,2018-02-14,1,1,0.55
4,majority,2018-02-15,1,1,0.55
4,majority,2018-02-16,0,1,0.55
4,majority,2018-02-20,0,1,0.55
4,majority,2018-02-21,1,1,0.55
4,majority,2018-02-22,1,1,0.55
4,majority,2018-02-23,1,1,0.55
4,majority,2018-02-26,0,1,0.55
4,majority,2018-02-27,0,1,0.55
4,majority,2018-02-28,0,1,0.55
4,majority,2018-03-01,1,1,0.55
4,majority,2018-03-02,1,1,0.55
4,majority,2018-03-05,1,1,0.55
4,majority,2018-03-06,0,1,0.55
4,majority,2018-03-07,1,1,0.55
4,majority,2018-03-08,1,1,0.55
4,majority,2018-03-09,0,1,0.55
4,majority,2018-03-12,0,1,0.55
4,majority,2018-03-13,0,1,0.55
4,majority,2018-03-14,0,1,0.55
4,majority,2018-03-15,1,1,0.55
4,majority,2018-03-16,0,1,0.55
4,majority,2018-03-19,1,1,0.55
4,majority,2018-03-20,0,1,0.55
4,majority,2018-03-21,0,1,0.55
4,majority,2018-03-22,0,1,0.55
4,majority,2018-03-23,1,1,0.55
4,majority,2018-03-26,0,1,0.55
4,majority,2018-03-27,0,1,0.55
4,majority,2018-03-28,1,1,0.55
4,majority,2018-03-29,0,1,0.55
4,majority,2018-04-02,1,1,0.55
4,majority,2018-04-03,1,1,0.55
4,majority,2018-04-04,1,1,0.55
4,majority,2018-04-05,0,1,0.55
4,majority,2018-04-06,1,1,0.55
4,majority,2018-04-09,1,1,0.55
4,majority,2018-04-10,0,1,0.55
4,majority,2018-04-11,1,1,0.55
4,majority,2018-04-12,0,1,0.55
4,majority,2018-04-13,1,1,0.55
4,majority,2018-04-16,1,1,0.55
4,majority,2018-04-17,1,1,0.55
4,majority,2018-04-18,0,1,0.55
4,majority,2018-04-19,0,1,0.55
4,majority,2018-04-20,0,1,0.55
4,majority,2018-04-23,0,1,0.55
4,majority,2018-04-24,1,1,0.55
4,majority,2018-04-25,1,1,0.55
4,majority,2018-04-26,1,1,0.55
4,majority,2018-04-27,0,1,0.55
4,majority,2018-04-30,1,1,0.55
4,majority,2018-05-01,0,1,0.55
4,majority,2018-05-02,0,1,0.55
4,majority,2018-05-03,1,1,0.55
4,majority,2018-05-04,1,1,0.55
4,majority,2018-05-07,0,1,0.55
4,majority,2018-05-08,1,1,0.55
4,majority,2018-05-09,1,1,0.55
4,majority,2018-05-10,1,1,0.55
4,majority,2018-05-11,1,1,0.55
4,majority,2018-05-14,0,1,0.55
4,majority,2018-05-15,1,1,0.55
4,majority,2018-05-16,0,1,0.55
4,majority,2018-05-17,0,1,0.55
4,majority,2018-05-18,1,1,0.55
4,majority,2018-05-21,0,1,0.55
4,majority,2018-05-22,1,1,0.55
4,majority,2018-05-23,0,1,0.55
4,majority,2018-05-24,0,1,0.55
4,majority,2018-05-25,0,1,0.55
4,majority,2018-05-29,1,1,0.55
4,majority,2018-05-30,0,1,0.55
4,naive,2017-11-28,0,1,0.5
4,naive,2017-11-29,1,0,0.5
4,naive,2017-11-30,0,1,0.5
4,naive,2017-12-01,0,0,0.5
4,naive,2017-12-04,0,0,0.5
4,naive,2017-12-05,1,0,0.5
4,naive,2017-12-06,1,1,0.5
4,naive,2017-12-07,1,1,0.5
4,naive,2017-12-08,1,1,0.5
4,naive,2017-12-11,1,1,0.5
4,naive,2017-12-12,0,1,0.5
4,naive,2017-12-13,0,0,0.5
4,naive,2017-12-14,1,0,0.5
4,naive,2017-12-15,1,1,0.5
4,naive,2017-12-18,0,1,0.5
4,naive,2017-12-19,0,0,0.5
4,naive,2017-12-20,1,0,0.5
4,naive,2017-12-21,0,1,0.5
4,naive,2017-12-22,0,0,0.5
4,naive,2017-12-26,1,0,0.5
4,naive,2017-12-27,1,1,0.5
4,naive,2017-12-28,0,1,0.5
4,naive,2017-12-29,1,0,0.5
4,naive,2018-01-02,1,1,0.5
4,naive,2018-01-03,1,1,0.5
4,naive,2018-01-04,1,1,0.5
4,naive,2018-01-05,1,1,0.5
4,naive,2018-01-08,1,1,0.5
4,naive,2018-01-09,0,1,0.5
4,naive,2018-01-10,1,0,0.5
4,naive,2018-01-11,1,1,0.5
4,naive,2018-01-12,0,1,0.5
4,naive,2018-01-16,1,0,0.5
4,naive,2018-01-17,0,1,0.5
4,naive,2018-01-18,1,0,0.5
4,naive,2018-01-19,1,1,0.5
4,naive,2018-01-22,1,1,0.5
4,naive,2018-01-23,0,1,0.5
4,naive,2018-01-24,1,0,0.5
4,naive,2018-01-25,1,1,0.5
4,naive,2018-01-26,0,1,0.5
4,naive,2018-01-29,0,0,0.5
4,naive,2018-01-30,1,0,0.5
4,naive,2018-01-31,0,1,0.5
4,naive,2018-02-01,0,0,0.5
4,naive,2018-02-02,0,0,0.5
4,naive,2018-02-05,1,0,0.5
4,naive,2018-02-06,0,1,0.5
4,naive,2018-02-07,0,0,0.5
4,naive,2018-02-08,1,0,0.5
4,naive,2018-02-09,1,1,0.5
4,naive,2018-02-12,1,1,0.5
4,naive,2018-02-13,1,1,0.5
4,naive,2018-02-14,1,1,0.5
4,naive,2018-02-15,1,1,0.5
4,naive,2018-02-16,0,1,0.5
4,naive,2018-02-20,0,0,0.5
4,naive,2018-02-21,1,0,0.5
4,naive,2018-02-22,1,1,0.5
4,naive,2018-02-23,1,1,0.5
4,naive,2018-02-26,0,1,0.5
4,naive,2018-02-27,0,0,0.5
4,naive,2018-02-28,0,0,0.5
4,naive,2018-03-01,1,0,0.5
4,naive,2018-03-02,1,1,0.5
4,naive,2018-03-05,1,1,0.5
4,naive,2018-03-06,0,1,0.5
4,naive,2018-03-07,1,0,0.5
4,naive,2018-03-08,1,1,0.5
4,naive,2018-03-09,0,1,0.5
4,naive,2018-03-12,0,0,0.5
4,naive,2018-03-13,0,0,0.5
4,naive,2018-03-14,0,0,0.5
4,naive,2018-03-15,1,0,0.5
4,naive,2018-03-16,0,1,0.5
4,naive,2018-03-19,1,0,0.5
4,naive,2018-03-20,0,1,0.5
4,naive,2018-03-21,0,0,0.5
4,naive,2018-03-22,0,0,0.5
4,naive,2018-03-23,1,0,0.5
4,naive,2018-03-26,0,1,0.5
4,naive,2018-03-27,0,0,0.5
4,naive,2018-03-28,1,0,0.5
4,naive,2018-03-29,0,1,0.5
4,naive,2018-04-02,1,0,0.5
4,naive,2018-04-03,1,1,0.5
4,naive,2018-04-04,1,1,0.5
4,naive,2018-04-05,0,1,0.5
4,naive,2018-04-06,1,0,0.5
4,naive,2018-04-09,1,1,0.5
4,naive,2018-04-10,0,1,0.5
4,naive,2018-04-11,1,0,0.5
4,naive,2018-04-12,0,1,0.5
4,naive,2018-04-13,1,0,0.5
4,naive,2018-04-16,1,1,0.5
4,naive,2018-04-17,1,1,0.5
4,naive,2018-04-18,0,1,0.5
4,naive,2018-04-19,0,0,0.5
4,naive,2018-04-20,0,0,0.5
4,naive,2018-04-23,0,0,0.5
4,naive,2018-04-24,1,0,0.5
4,naive,2018-04-25,1,1,0.5
4,naive,2018-04-26,1,1,0.5
4,naive,2018-04-27,0,1,0.5
4,naive,2018-04-30,1,0,0.5
4,naive,2018-05-01,0,1,0.5
4,naive,2018-05-02,0,0,0.5
4,naive,2018-05-03,1,0,0.5
4,naive,2018-05-04,1,1,0.5
4,naive,2018-05-07,0,1,0.5
4,naive,2018-05-08,1,0,0.5
4,naive,2018-05-09,1,1,0.5
4,naive,2018-05-10,1,1,0.5
4,naive,2018-05-11,1,1,0.5
4,naive,2018-05-14,0,1,0.5
4,naive,2018-05-15,1,0,0.5
4,naive,2018-05-16,0,1,0.5
4,naive,2018-05-17,0,0,0.5
4,naive,2018-05-18,1,0,0.5
4,naive,2018-05-21,0,1,0.5
4,naive,2018-05-22,1,0,0.5
4,naive,2018-05-23,0,1,0.5
4,naive,2018-05-24,0,0,0.5
4,naive,2018-05-25,0,0,0.5
4,naive,2018-05-29,1,0,0.5
4,naive,2018-05-30,0,1,0.5
4,logistic,2017-11-28,0,0,0.4244830354725418
4,logistic,2017-11-29,1,0,0.4716006540283325
4,logistic,2017-11-30,0,0,0.4142407174689251
4,logistic,2017-12-01,0,0,0.4763122206786397
4,logistic,2017-12-04,0,0,0.4670648244363318
4,logistic,2017-12-05,1,0,0.48021300006317175
4,logistic,2017-12-06,1,0,0.442882320548881
4,logistic,2017-12-07,1,0,0.45402119478799247
4,logistic,2017-12-08,1,0,0.4233989633253223
4,logistic,2017-12-11,1,0,0.4203285826472516
4,logistic,2017-12-12,0,0,0.4136617892038852
4,logistic,2017-12-13,0,0,0.4478330616338722
4,logistic,2017-12-14,1,0,0.46425978879627394
4,logistic,2017-12-15,1,0,0.40703435047037473
4,logistic,2017-12-18,0,0,0.41585701292972554
4,logistic,2017-12-19,0,0,0.44967763940362027
4,logistic,2017-12-20,1,0,0.42502827349905203
4,logistic,2017-12-21,0,0,0.39750650155199757
4,logistic,2017-12-22,0,0,0.4559962136215535
4,logistic,2017-12-26,1,0,0.43396469119851894
4,logistic,2017-12-27,1,0,0.388534224248705
4,logistic,2017-12-28,0,0,0.4000748944902324
4,logistic,2017-12-29,1,0,0.4483017299773613
4,logistic,2018-01-02,1,0,0.38640859065995586
4,logistic,2018-01-03,1,0,0.39484624283752456
4,logistic,2018-01-04,1,0,0.40676388203159514
4,logistic,2018-01-05,1,0,0.3961355916782753
4,logistic,2018-01-08,1,0,0.4008205844322419
4,logistic,2018-01-09,0,0,0.4237342380184476
4,logistic,2018-01-10,1,0,0.4419424446144138
4,logistic,2018-01-11,1,0,0.4119093459494432
4,logistic,2018-01-12,0,0,0.4207041407818704
4,logistic,2018-01-16,1,0,0.45746729718609963
4,logistic,2018-01-17,0,0,0.399058073206926
4,logistic,2018-01-18,1,0,0.4471896810485058
4,logistic,2018-01-19,1,0,0.42790773920027547
4,logistic,2018-01-22,1,0,0.4213275060386892
4,logistic,2018-01-23,0,0,0.4237128888467002
4,logistic,2018-01-24,1,0,0.474953148774889
4,logistic,2018-01-25,1,0,0.4079420274026431
4,logistic,2018-01-26,0,0,0.4188385455684146
4,logistic,2018-01-29,0,0,0.4757276926702796
4,logistic,2018-01-30,1,0,0.4689572727603142
4,logistic,2018-01-31,0,0,0.40187311187315267
4,logistic,2018-02-01,0,0,0.462055177026587
4,logistic,2018-02-02,0,1,0.5355106967011545
4,logistic,2018-02-05,1,1,0.5196127009479052
4,logistic,2018-02-06,0,0,0.37735363554090035
4,logistic,2018-02-07,0,1,0.5546507808010194
4,logistic,2018-02-08,1,1,0.6057449203385628
4,logistic,2018-02-09,1,0,0.39395937475307335
4,logistic,2018-02-12,1,0,0.481585704409727
4,logistic,2018-02-13,1,1,0.6685675590145156
4,logistic,2018-02-14,1,1,0.5466533287525033
4,logistic,2018-02-15,1,1,0.5337446728114487
4,logistic,2018-02-16,0,1,0.6584009066220088
4,logistic,2018-02-20,0,1,0.6656511740045798
4,logistic,2018-02-21,1,1,0.6348072693530262
4,logistic,2018-02-22,1,1,0.6199959140340311
4,logistic,2018-02-23,1,1,0.592300317880064
4,logistic,2018-02-26,0,1,0.5486976931002399
4,logistic,2018-02-27,0,1,0.5682355367051377
4,logistic,2018-02-28,0,1,0.5488126136077921
4,logistic,2018-03-01,1,1,0.5633302473003705
4,logistic,2018-03-02,1,1,0.5383173725801675
4,logistic,2018-03-05,1,1,0.521551537868606
4,logistic,2018-03-06,0,0,0.48842057851882675
4,logistic,2018-03-07,1,1,0.5071601361058764
4,logistic,2018-03-08,1,0,0.4886369733905632
4,logistic,2018-03-09,0,1,0.5103091232637557
4,logistic,2018-03-12,0,1,0.5517736427456712
4,logistic,2018-03-13,0,1,0.5137359960614895
4,logistic,2018-03-14,0,0,0.49373804570388913
4,logistic,2018-03-15,1,1,0.5197929386987206
4,logistic,2018-03-16,0,1,0.5050914451821815
4,logistic,2018-03-19,1,1,0.5073427819627822
4,logistic,2018-03-20,0,0,0.4538010797652064
4,logistic,2018-03-21,0,0,0.4922338214123361
4,logistic,2018-03-22,0,1,0.5626098399489421
4,logistic,2018-03-23,1,1,0.5532642834028584
4,logistic,2018-03-26,0,0,0.450733483929289
4,logistic,2018-03-27,0,1,0.6073794167221154
4,logistic,2018-03-28,1,1,0.5778776155825638
4,logistic,2018-03-29,0,0,0.4642569257931581
4,logistic,2018-04-02,1,1,0.6260900210062662
4,logistic,2018-04-03,1,1,0.6153676627921675
4,logistic,2018-04-04,1,1,0.5257993507786389
4,logistic,2018-04-05,0,1,0.6050002793205123
4,logistic,2018-04-06,1,1,0.6484306047634776
4,logistic,2018-04-09,1,1,0.5048849711145141
4,logistic,2018-04-10,0,1,0.5788471563768908
4,logistic,2018-04-11,1,1,0.6231279002616792
4,logistic,2018-04-12,0,1,0.5090976580432309
4,logistic,2018-04-13,1,0,0.4730927569649273
4,logistic,2018-04-16,1,1,0.5164913296811512
4,logistic,2018-04-17,1,1,0.5141045578892592
4,logistic,2018-04-18,0,0,0.48708146872778785
4,logistic,2018-04-19,0,1,0.5261955047365527
4,logistic,2018-04-20,0,1,0.5036953084395865
4,logistic,2018-04-23,0,1,0.5236979998937088
4,logistic,2018-04-24,1,1,0.5436773122567891
4,logistic,2018-04-25,1,0,0.4694247328594582
4,logistic,2018-04-26,1,0,0.4498725957785289
4,logistic,2018-04-27,0,0,0.4752790848000988
4,logistic,2018-04-30,1,0,0.4991486125246442
4,logistic,2018-05-01,0,0,0.43398905008432254
4,logistic,2018-05-02,0,1,0.5244167469110719
4,logistic,2018-05-03,1,1,0.5411289816805294
4,logistic,2018-05-04,1,0,0.4465924584457291
4,logistic,2018-05-07,0,0,0.4561783845091323
4,logistic,2018-05-08,1,0,0.4605353620542316
4,logistic,2018-05-09,1,0,0.4212473908235546
4,logistic,2018-05-10,1,0,0.45567156587456203
4,logistic,2018-05-11,1,0,0.49658439088758555
4,logistic,2018-05-14,0,0,0.4634472387980516
4,logistic,2018-05-15,1,0,0.49243130216100534
4,logistic,2018-05-16,0,0,0.4852675584241479
4,logistic,2018-05-17,0,1,0.5059253599660081
4,logistic,2018-05-18,1,0,0.49651743275392696
4,logistic,2018-05-21,0,0,0.4470404279183174
4,logistic,2018-05-22,1,0,0.4693438812833056
4,logistic,2018-05-23,0,0,0.45932320641908425
4,logistic,2018-05-24,0,0,0.473675878618176
4,logistic,2018-05-25,0,0,0.4852158124921463
4,logistic,2018-05-29,1,1,0.5358913181781929
4,logistic,2018-05-30,0,0,0.4500987202562675
4,rf,2017-11-28,0,0,0.4300522959215516
4,rf,2017-11-29,1,1,0.5415879500351364
4,rf,2017-11-30,0,0,0.4266792097723828
4,rf,2017-12-01,0,1,0.5272249372546297
4,rf,2017-12-04,0,0,0.47423542124734874
4,rf,2017-12-05,1,1,0.5302246119786274
4,rf,2017-12-06,1,0,0.42159816123268373
4,rf,2017-12-07,1,0,0.4997673363907563
4,rf,2017-12-08,1,0,0.4178668336881568
4,rf,2017-12-11,1,0,0.41694218920536896
4,rf,2017-12-12,0,0,0.41304036065931377
4,rf,2017-12-13,0,0,0.4662318814155757
4,rf,2017-12-14,1,0,0.4730474461224238
4,rf,2017-12-15,1,0,0.4533157494016252
4,rf,2017-12-18,0,0,0.41070531325887233
4,rf,2017-12-19,0,0,0.4787687771190942
4,rf,2017-12-20,1,0,0.4312166601434796
4,rf,2017-12-21,0,0,0.4162870024159248
4,rf,2017-12-22,0,1,0.5239954053954007
4,rf,2017-12-26,1,0,0.4856441030716205
4,rf,2017-12-27,1,0,0.4221430111757866
4,rf,2017-12-28,0,0,0.4146918450542311
4,rf,2017-12-29,1,0,0.46670787364750554
4,rf,2018-01-02,1,0,0.4182967835759321
4,rf,2018-01-03,1,0,0.4102240483556355
4,rf,2018-01-04,1,0,0.3998464964632113
4,rf,2018-01-05,1,0,0.3711791904602318
4,rf,2018-01-08,1,0,0.37386291121267057
4,rf,2018-01-09,0,0,0.4236854500196014
4,rf,2018-01-10,1,0,0.42018758425238323
4,rf,2018-01-11,1,0,0.35838329312357653
4,rf,2018-01-12,0,0,0.4346335057849225
4,rf,2018-01-16,1,0,0.40875179301799686
4,rf,2018-01-17,0,0,0.3680826102222355
4,rf,2018-01-18,1,0,0.43320128008236564
4,rf,2018-01-19,1,0,0.4158475634234221
4,rf,2018-01-22,1,0,0.3969049913671008
4,rf,2018-01-23,0,0,0.38540633891298476
4,rf,2018-01-24,1,1,0.5031732944046244
4,rf,2018-01-25,1,0,0.3801808538378721
4,rf,2018-01-26,0,0,0.3884584285759936
4,rf,2018-01-29,0,0,0.4981106775909209
4,rf,2018-01-30,1,0,0.42970147843450945
4,rf,2018-01-31,0,0,0.4061086295561005
4,rf,2018-02-01,0,0,0.44977962224798435
4,rf,2018-02-02,0,1,0.6102082570624364
4,rf,2018-02-05,1,1,0.5665780470332865
4,rf,2018-02-06,0,1,0.5106705209169747
4,rf,2018-02-07,0,1,0.5820629912813
4,rf,2018-02-08,1,1,0.5712779143331609
4,rf,2018-02-09,1,1,0.5557964742454238
4,rf,2018-02-12,1,1,0.5616895947106588
4,rf,2018-02-13,1,1,0.5703564717653671
4,rf,2018-02-14,1,1,0.5177002756163032
4,rf,2018-02-15,1,1,0.5313078639353898
4,rf,2018-02-16,0,1,0.5887934536001239
4,rf,2018-02-20,0,1,0.6213233661966205
4,rf,2018-02-21,1,1,0.593542039149898
4,rf,2018-02-22,1,1,0.6053283330534
4,rf,2018-02-23,1,1,0.6084599061854185
4,rf,2018-02-26,0,1,0.5583403036365772
4,rf,2018-02-27,0,1,0.5449716705431823
4,rf,2018-02-28,0,1,0.561015461093797
4,rf,2018-03-01,1,1,0.5472207326119644
4,rf,2018-03-02,1,1,0.5470686993026626
4,rf,2018-03-05,1,0,0.49282420294712465
4,rf,2018-03-06,0,0,0.49868968842731504
4,rf,2018-03-07,1,1,0.5341479603097107
4,rf,2018-03-08,1,1,0.5063235820636058
4,rf,2018-03-09,0,1,0.5472514153304928
4,rf,2018-03-12,0,1,0.5979899182419576
4,rf,2018-03-13,0,1,0.5300629062286102
4,rf,2018-03-14,0,1,0.5229868803150088
4,rf,2018-03-15,1,1,0.5384871256075084
4,rf,2018-03-16,0,1,0.5900515987523584
4,rf,2018-03-19,1,1,0.5415621719919961
4,rf,2018-03-20,0,1,0.5051024419324279
4,rf,2018-03-21,0,0,0.47575536831977283
4,rf,2018-03-22,0,1,0.6015170419402502
4,rf,2018-03-23,1,1,0.5894665436876134
4,rf,2018-03-26,0,1,0.5912306600499039
4,rf,2018-03-27,0,1,0.5841849105404359
4,rf,2018-03-28,1,1,0.6020780770452917
4,rf,2018-03-29,0,1,0.5833676806349507
4,rf,2018-04-02,1,1,0.6427540616015041
4,rf,2018-04-03,1,1,0.5899317059332438
4,rf,2018-04-04,1,1,0.5924718479407457
4,rf,2018-04-05,0,1,0.5918767983921839
4,rf,2018-04-06,1,1,0.5901935750689266
4,rf,2018-04-09,1,1,0.5961382191439846
4,rf,2018-04-10,0,1,0.5586662425320044
4,rf,2018-04-11,1,1,0.5886740307024834
4,rf,2018-04-12,0,1,0.5589466384492355
4,rf,2018-04-13,1,1,0.5436578387734298
4,rf,2018-04-16,1,1,0.5536510942497149
4,rf,2018-04-17,1,1,0.578273088467618
4,rf,2018-04-18,0,1,0.5315977470079015
4,rf,2018-04-19,0,1,0.5784275834853662
4,rf,2018-04-20,0,1,0.5386709512236524
4,rf,2018-04-23,0,1,0.5444920486153532
4,rf,2018-04-24,1,1,0.5642714394321816
4,rf,2018-04-25,1,1,0.5130268235398454
4,rf,2018-04-26,1,0,0.45745575201833194
4,rf,2018-04-27,0,0,0.4904895194083395
4,rf,2018-04-30,1,1,0.5189730645975454
4,rf,2018-05-01,0,1,0.5099331184084508
4,rf,2018-05-02,0,1,0.5564112494550798
4,rf,2018-05-03,1,1,0.5907161556433866
4,rf,2018-05-04,1,0,0.49093287229581617
4,rf,2018-05-07,0,0,0.4937525768183466
4,rf,2018-05-08,1,0,0.4730572281436903
4,rf,2018-05-09,1,0,0.4794548814300167
4,rf,2018-05-10,1,1,0.5046839297335952
4,rf,2018-05-11,1,1,0.5486958395682594
4,rf,2018-05-14,0,1,0.502271927553315
4,rf,2018-05-15,1,1,0.5138453106099078
4,rf,2018-05-16,0,1,0.5534116161801511
4,rf,2018-05-17,0,1,0.5438344956409045
4,rf,2018-05-18,1,0,0.4724110538269029
4,rf,2018-05-21,0,0,0.4851239314131422
4,rf,2018-05-22,1,0,0.44806795894826457
4,rf,2018-05-23,0,0,0.46250027860198206
4,rf,2018-05-24,0,0,0.4646509807568218
4,rf,2018-05-25,0,0,0.4432311646502614
4,rf,2018-05-29,1,1,0.5533527638155064
4,rf,2018-05-30,0,0,0.4605157257752063
4,xgb,2017-11-28,0,0,0.4109109044075012
4,xgb,2017-11-29,1,1,0.6367378234863281
4,xgb,2017-11-30,0,0,0.3876834809780121
4,xgb,2017-12-01,0,1,0.6871668100357056
4,xgb,2017-12-04,0,0,0.43456482887268066
4,xgb,2017-12-05,1,1,0.5493764281272888
4,xgb,2017-12-06,1,0,0.36027151346206665
4,xgb,2017-12-07,1,0,0.46017953753471375
4,xgb,2017-12-08,1,0,0.3987392485141754
4,xgb,2017-12-11,1,0,0.43440598249435425
4,xgb,2017-12-12,0,0,0.4135258197784424
4,xgb,2017-12-13,0,0,0.4558570086956024
4,xgb,2017-12-14,1,0,0.4750080406665802
4,xgb,2017-12-15,1,0,0.4633716642856598
4,xgb,2017-12-18,0,0,0.3804997205734253
4,xgb,2017-12-19,0,1,0.5106102228164673
4,xgb,2017-12-20,1,0,0.39154252409935
4,xgb,2017-12-21,0,0,0.38402244448661804
4,xgb,2017-12-22,0,1,0.5152880549430847
4,xgb,2017-12-26,1,0,0.43163737654685974
4,xgb,2017-12-27,1,0,0.4039019048213959
4,xgb,2017-12-28,0,0,0.32727763056755066
4,xgb,2017-12-29,1,0,0.39065760374069214
4,xgb,2018-01-02,1,0,0.3946947157382965
4,xgb,2018-01-03,1,0,0.4249602258205414
4,xgb,2018-01-04,1,0,0.37537500262260437
4,xgb,2018-01-05,1,0,0.2587675452232361
4,xgb,2018-01-08,1,0,0.2776643931865692
4,xgb,2018-01-09,0,0,0.3210453391075134
4,xgb,2018-01-10,1,0,0.3182730972766876
4,xgb,2018-01-11,1,0,0.16542071104049683
4,xgb,2018-01-12,0,0,0.3717610538005829
4,xgb,2018-01-16,1,0,0.2833009958267212
4,xgb,2018-01-17,0,0,0.2781873643398285
4,xgb,2018-01-18,1,0,0.3916202783584595
4,xgb,2018-01-19,1,0,0.41341957449913025
4,xgb,2018-01-22,1,0,0.24178509414196014
4,xgb,2018-01-23,0,0,0.3006020188331604
4,xgb,2018-01-24,1,1,0.5719016194343567
4,xgb,2018-01-25,1,0,0.3530796766281128
4,xgb,2018-01-26,0,0,0.2917350232601166
4,xgb,2018-01-29,0,0,0.46552231907844543
4,xgb,2018-01-30,1,0,0.3012067377567291
4,xgb,2018-01-31,0,0,0.3306311070919037
4,xgb,2018-02-01,0,0,0.4119618237018585
4,xgb,2018-02-02,0,1,0.6889758706092834
4,xgb,2018-02-05,1,1,0.5344586968421936
4,xgb,2018-02-06,0,0,0.3466866612434387
4,xgb,2018-02-07,0,1,0.5902813076972961
4,xgb,2018-02-08,1,1,0.5861139297485352
4,xgb,2018-02-09,1,1,0.5060194730758667
4,xgb,2018-02-12,1,1,0.5769374966621399
4,xgb,2018-02-13,1,1,0.5525200963020325
4,xgb,2018-02-14,1,0,0.4615267217159271
4,xgb,2018-02-15,1,0,0.42974764108657837
4,xgb,2018-02-16,0,1,0.5899333357810974
4,xgb,2018-02-20,0,1,0.749053418636322
4,xgb,2018-02-21,1,1,0.6188775897026062
4,xgb,2018-02-22,1,1,0.6649574637413025
4,xgb,2018-02-23,1,1,0.6332955956459045
4,xgb,2018-02-26,0,1,0.6125773191452026
4,xgb,2018-02-27,0,1,0.5107771754264832
4,xgb,2018-02-28,0,1,0.5386390686035156
4,xgb,2018-03-01,1,1,0.5192696452140808
4,xgb,2018-03-02,1,1,0.5806233286857605
4,xgb,2018-03-05,1,0,0.445522665977478
4,xgb,2018-03-06,0,0,0.4647979736328125
4,xgb,2018-03-07,1,1,0.5773742198944092
4,xgb,2018-03-08,1,0,0.4876783490180969
4,xgb,2018-03-09,0,0,0.4562089145183563
4,xgb,2018-03-12,0,1,0.5939931273460388
4,xgb,2018-03-13,0,1,0.5015365481376648
4,xgb,2018-03-14,0,1,0.5062181949615479
4,xgb,2018-03-15,1,1,0.550927996635437
4,xgb,2018-03-16,0,1,0.6179024577140808
4,xgb,2018-03-19,1,1,0.5571621060371399
4,xgb,2018-03-20,0,0,0.48495179414749146
4,xgb,2018-03-21,0,0,0.4864842891693115
4,xgb,2018-03-22,0,1,0.5982403755187988
4,xgb,2018-03-23,1,1,0.5135757327079773
4,xgb,2018-03-26,0,1,0.6273065805435181
4,xgb,2018-03-27,0,1,0.5897038578987122
4,xgb,2018-03-28,1,1,0.5879553556442261
4,xgb,2018-03-29,0,1,0.6109511256217957
4,xgb,2018-04-02,1,1,0.7024691104888916
4,xgb,2018-04-03,1,1,0.6046076416969299
4,xgb,2018-04-04,1,1,0.679085373878479
4,xgb,2018-04-05,0,1,0.6512998342514038
4,xgb,2018-04-06,1,1,0.5796701312065125
4,xgb,2018-04-09,1,1,0.5568647980690002
4,xgb,2018-04-10,0,0,0.4940321147441864
4,xgb,2018-04-11,1,1,0.5556418895721436
4,xgb,2018-04-12,0,1,0.5072993636131287
4,xgb,2018-04-13,1,0,0.47814640402793884
4,xgb,2018-04-16,1,0,0.49940377473831177
4,xgb,2018-04-17,1,1,0.610863983631134
4,xgb,2018-04-18,0,0,0.4727973937988281
4,xgb,2018-04-19,0,1,0.6453981995582581
4,xgb,2018-04-20,0,0,0.48403358459472656
4,xgb,2018-04-23,0,1,0.5371678471565247
4,xgb,2018-04-24,1,1,0.5319015383720398
4,xgb,2018-04-25,1,0,0.494720995426178
4,xgb,2018-04-26,1,0,0.35518357157707214
4,xgb,2018-04-27,0,0,0.4530279040336609
4,xgb,2018-04-30,1,1,0.5424931645393372
4,xgb,2018-05-01,0,1,0.5078238248825073
4,xgb,2018-05-02,0,1,0.5723696351051331
4,xgb,2018-05-03,1,1,0.5693992972373962
4,xgb,2018-05-04,1,0,0.4820743799209595
4,xgb,2018-05-07,0,0,0.46260055899620056
4,xgb,2018-05-08,1,0,0.3812347948551178
4,xgb,2018-05-09,1,0,0.4771326184272766
4,xgb,2018-05-10,1,1,0.550047755241394
4,xgb,2018-05-11,1,0,0.4901689887046814
4,xgb,2018-05-14,0,1,0.5563431978225708
4,xgb,2018-05-15,1,1,0.5122453570365906
4,xgb,2018-05-16,0,1,0.541591227054596
4,xgb,2018-05-17,0,1,0.5803581476211548
4,xgb,2018-05-18,1,0,0.43560031056404114
4,xgb,2018-05-21,0,1,0.5147321820259094
4,xgb,2018-05-22,1,0,0.3799065947532654
4,xgb,2018-05-23,0,0,0.45048388838768005
4,xgb,2018-05-24,0,0,0.4929996430873871
4,xgb,2018-05-25,0,0,0.4349730312824249
4,xgb,2018-05-29,1,1,0.5833194851875305
4,xgb,2018-05-30,0,0,0.4108427166938782
5,majority,2018-06-07,1,1,0.5405660377358491
5,majority,2018-06-08,1,1,0.5405660377358491
5,majority,2018-06-11,1,1,0.5405660377358491
5,majority,2018-06-12,0,1,0.5405660377358491
5,majority,2018-06-13,1,1,0.5405660377358491
5,majority,2018-06-14,0,1,0.5405660377358491
5,majority,2018-06-15,0,1,0.5405660377358491
5,majority,2018-06-18,0,1,0.5405660377358491
5,majority,2018-06-19,1,1,0.5405660377358491
5,majority,2018-06-20,0,1,0.5405660377358491
5,majority,2018-06-21,1,1,0.5405660377358491
5,majority,2018-06-22,0,1,0.5405660377358491
5,majority,2018-06-25,1,1,0.5405660377358491
5,majority,2018-06-26,0,1,0.5405660377358491
5,majority,2018-06-27,1,1,0.5405660377358491
5,majority,2018-06-28,1,1,0.5405660377358491
5,majority,2018-06-29,1,1,0.5405660377358491
5,majority,2018-07-02,0,1,0.5405660377358491
5,majority,2018-07-03,1,1,0.5405660377358491
5,majority,2018-07-05,1,1,0.5405660377358491
5,majority,2018-07-06,1,1,0.5405660377358491
5,majority,2018-07-09,1,1,0.5405660377358491
5,majority,2018-07-10,0,1,0.5405660377358491
5,majority,2018-07-11,1,1,0.5405660377358491
5,majority,2018-07-12,1,1,0.5405660377358491
5,majority,2018-07-13,0,1,0.5405660377358491
5,majority,2018-07-16,1,1,0.5405660377358491
5,majority,2018-07-17,1,1,0.5405660377358491
5,majority,2018-07-18,0,1,0.5405660377358491
5,majority,2018-07-19,0,1,0.5405660377358491
5,majority,2018-07-20,1,1,0.5405660377358491
5,majority,2018-07-23,1,1,0.5405660377358491
5,majority,2018-07-24,1,1,0.5405660377358491
5,majority,2018-07-25,0,1,0.5405660377358491
5,majority,2018-07-26,0,1,0.5405660377358491
5,majority,2018-07-27,0,1,0.5405660377358491
5,majority,2018-07-30,1,1,0.5405660377358491
5,majority,2018-07-31,0,1,0.5405660377358491
5,majority,2018-08-01,1,1,0.5405660377358491
5,majority,2018-08-02,1,1,0.5405660377358491
5,majority,2018-08-03,1,1,0.5405660377358491
5,majority,2018-08-06,1,1,0.5405660377358491
5,majority,2018-08-07,0,1,0.5405660377358491
5,majority,2018-08-08,0,1,0.5405660377358491
5,majority,2018-08-09,0,1,0.5405660377358491
5,majority,2018-08-10,0,1,0.5405660377358491
5,majority,2018-08-13,1,1,0.5405660377358491
5,majority,2018-08-14,0,1,0.5405660377358491
5,majority,2018-08-15,1,1,0.5405660377358491
5,majority,2018-08-16,1,1,0.5405660377358491
5,majority,2018-08-17,1,1,0.5405660377358491
5,majority,2018-08-20,1,1,0.5405660377358491
5,majority,2018-08-21,0,1,0.5405660377358491
5,majority,2018-08-22,0,1,0.5405660377358491
5,majority,2018-08-23,1,1,0.5405660377358491
5,majority,2018-08-24,1,1,0.5405660377358491
5,majority,2018-08-27,1,1,0.5405660377358491
5,majority,2018-08-28,1,1,0.5405660377358491
5,majority,2018-08-29,0,1,0.5405660377358491
5,majority,2018-08-30,1,1,0.5405660377358491
5,majority,2018-08-31,0,1,0.5405660377358491
5,majority,2018-09-04,0,1,0.5405660377358491
5,majority,2018-09-05,0,1,0.5405660377358491
5,majority,2018-09-06,0,1,0.5405660377358491
5,majority,2018-09-07,1,1,0.5405660377358491
5,majority,2018-09-10,1,1,0.5405660377358491
5,majority,2018-09-11,1,1,0.5405660377358491
5,majority,2018-09-12,1,1,0.5405660377358491
5,majority,2018-09-13,1,1,0.5405660377358491
5,majority,2018-09-14,0,1,0.5405660377358491
5,majority,2018-09-17,1,1,0.5405660377358491
5,majority,2018-09-18,1,1,0.5405660377358491
5,majority,2018-09-19,1,1,0.5405660377358491
5,majority,2018-09-20,0,1,0.5405660377358491
5,majority,2018-09-21,0,1,0.5405660377358491
5,majority,2018-09-24,0,1,0.5405660377358491
5,majority,2018-09-25,0,1,0.5405660377358491
5,majority,2018-09-26,1,1,0.5405660377358491
5,majority,2018-09-27,1,1,0.5405660377358491
5,majority,2018-09-28,1,1,0.5405660377358491
5,majority,2018-10-01,0,1,0.5405660377358491
5,majority,2018-10-02,1,1,0.5405660377358491
5,majority,2018-10-03,0,1,0.5405660377358491
5,majority,2018-10-04,0,1,0.5405660377358491
5,majority,2018-10-05,0,1,0.5405660377358491
5,majority,2018-10-08,0,1,0.5405660377358491
5,majority,2018-10-09,0,1,0.5405660377358491
5,majority,2018-10-10,0,1,0.5405660377358491
5,majority,2018-10-11,1,1,0.5405660377358491
5,majority,2018-10-12,0,1,0.5405660377358491
5,majority,2018-10-15,1,1,0.5405660377358491
5,majority,2018-10-16,1,1,0.5405660377358491
5,majority,2018-10-17,0,1,0.5405660377358491
5,majority,2018-10-18,0,1,0.5405660377358491
5,majority,2018-10-19,0,1,0.5405660377358491
5,majority,2018-10-22,0,1,0.5405660377358491
5,majority,2018-10-23,0,1,0.5405660377358491
5,majority,2018-10-24,1,1,0.5405660377358491
5,majority,2018-10-25,0,1,0.5405660377358491
5,majority,2018-10-26,0,1,0.5405660377358491
5,majority,2018-10-29,1,1,0.5405660377358491
5,majority,2018-10-30,1,1,0.5405660377358491
5,majority,2018-10-31,1,1,0.5405660377358491
5,majority,2018-11-01,0,1,0.5405660377358491
5,majority,2018-11-02,1,1,0.5405660377358491
5,majority,2018-11-05,1,1,0.5405660377358491
5,majority,2018-11-06,1,1,0.5405660377358491
5,majority,2018-11-07,0,1,0.5405660377358491
5,majority,2018-11-08,0,1,0.5405660377358491
5,majority,2018-11-09,0,1,0.5405660377358491
5,majority,2018-11-12,0,1,0.5405660377358491
5,majority,2018-11-13,0,1,0.5405660377358491
5,majority,2018-11-14,1,1,0.5405660377358491
5,majority,2018-11-15,1,1,0.5405660377358491
5,majority,2018-11-16,0,1,0.5405660377358491
5,majority,2018-11-19,0,1,0.5405660377358491
5,majority,2018-11-20,1,1,0.5405660377358491
5,majority,2018-11-21,0,1,0.5405660377358491
5,majority,2018-11-23,1,1,0.5405660377358491
5,majority,2018-11-26,1,1,0.5405660377358491
5,majority,2018-11-27,1,1,0.5405660377358491
5,majority,2018-11-28,0,1,0.5405660377358491
5,majority,2018-11-29,1,1,0.5405660377358491
5,majority,2018-11-30,1,1,0.5405660377358491
5,majority,2018-12-03,0,1,0.5405660377358491
5,majority,2018-12-04,0,1,0.5405660377358491
5,naive,2018-06-07,1,0,0.5
5,naive,2018-06-08,1,1,0.5
5,naive,2018-06-11,1,1,0.5
5,naive,2018-06-12,0,1,0.5
5,naive,2018-06-13,1,0,0.5
5,naive,2018-06-14,0,1,0.5
5,naive,2018-06-15,0,0,0.5
5,naive,2018-06-18,0,0,0.5
5,naive,2018-06-19,1,0,0.5
5,naive,2018-06-20,0,1,0.5
5,naive,2018-06-21,1,0,0.5
5,naive,2018-06-22,0,1,0.5
5,naive,2018-06-25,1,0,0.5
5,naive,2018-06-26,0,1,0.5
5,naive,2018-06-27,1,0,0.5
5,naive,2018-06-28,1,1,0.5
5,naive,2018-06-29,1,1,0.5
5,naive,2018-07-02,0,1,0.5
5,naive,2018-07-03,1,0,0.5
5,naive,2018-07-05,1,1,0.5
5,naive,2018-07-06,1,1,0.5
5,naive,2018-07-09,1,1,0.5
5,naive,2018-07-10,0,1,0.5
5,naive,2018-07-11,1,0,0.5
5,naive,2018-07-12,1,1,0.5
5,naive,2018-07-13,0,1,0.5
5,naive,2018-07-16,1,0,0.5
5,naive,2018-07-17,1,1,0.5
5,naive,2018-07-18,0,1,0.5
5,naive,2018-07-19,0,0,0.5
5,naive,2018-07-20,1,0,0.5
5,naive,2018-07-23,1,1,0.5
5,naive,2018-07-24,1,1,0.5
5,naive,2018-07-25,0,1,0.5
5,naive,2018-07-26,0,0,0.5
5,naive,2018-07-27,0,0,0.5
5,naive,2018-07-30,1,0,0.5
5,naive,2018-07-31,0,1,0.5
5,naive,2018-08-01,1,0,0.5
5,naive,2018-08-02,1,1,0.5
5,naive,2018-08-03,1,1,0.5
5,naive,2018-08-06,1,1,0.5
5,naive,2018-08-07,0,1,0.5
5,naive,2018-08-08,0,0,0.5
5,naive,2018-08-09,0,0,0.5
5,naive,2018-08-10,0,0,0.5
5,naive,2018-08-13,1,0,0.5
5,naive,2018-08-14,0,1,0.5
5,naive,2018-08-15,1,0,0.5
5,naive,2018-08-16,1,1,0.5
5,naive,2018-08-17,1,1,0.5
5,naive,2018-08-20,1,1,0.5
5,naive,2018-08-21,0,1,0.5
5,naive,2018-08-22,0,0,0.5
5,naive,2018-08-23,1,0,0.5
5,naive,2018-08-24,1,1,0.5
5,naive,2018-08-27,1,1,0.5
5,naive,2018-08-28,1,1,0.5
5,naive,2018-08-29,0,1,0.5
5,naive,2018-08-30,1,0,0.5
5,naive,2018-08-31,0,1,0.5
5,naive,2018-09-04,0,0,0.5
5,naive,2018-09-05,0,0,0.5
5,naive,2018-09-06,0,0,0.5
5,naive,2018-09-07,1,0,0.5
5,naive,2018-09-10,1,1,0.5
5,naive,2018-09-11,1,1,0.5
5,naive,2018-09-12,1,1,0.5
5,naive,2018-09-13,1,1,0.5
5,naive,2018-09-14,0,1,0.5
5,naive,2018-09-17,1,0,0.5
5,naive,2018-09-18,1,1,0.5
5,naive,2018-09-19,1,1,0.5
5,naive,2018-09-20,0,1,0.5
5,naive,2018-09-21,0,0,0.5
5,naive,2018-09-24,0,0,0.5
5,naive,2018-09-25,0,0,0.5
5,naive,2018-09-26,1,0,0.5
5,naive,2018-09-27,1,1,0.5
5,naive,2018-09-28,1,1,0.5
5,naive,2018-10-01,0,1,0.5
5,naive,2018-10-02,1,0,0.5
5,naive,2018-10-03,0,1,0.5
5,naive,2018-10-04,0,0,0.5
5,naive,2018-10-05,0,0,0.5
5,naive,2018-10-08,0,0,0.5
5,naive,2018-10-09,0,0,0.5
5,naive,2018-10-10,0,0,0.5
5,naive,2018-10-11,1,0,0.5
5,naive,2018-10-12,0,1,0.5
5,naive,2018-10-15,1,0,0.5
5,naive,2018-10-16,1,1,0.5
5,naive,2018-10-17,0,1,0.5
5,naive,2018-10-18,0,0,0.5
5,naive,2018-10-19,0,0,0.5
5,naive,2018-10-22,0,0,0.5
5,naive,2018-10-23,0,0,0.5
5,naive,2018-10-24,1,0,0.5
5,naive,2018-10-25,0,1,0.5
5,naive,2018-10-26,0,0,0.5
5,naive,2018-10-29,1,0,0.5
5,naive,2018-10-30,1,1,0.5
5,naive,2018-10-31,1,1,0.5
5,naive,2018-11-01,0,1,0.5
5,naive,2018-11-02,1,0,0.5
5,naive,2018-11-05,1,1,0.5
5,naive,2018-11-06,1,1,0.5
5,naive,2018-11-07,0,1,0.5
5,naive,2018-11-08,0,0,0.5
5,naive,2018-11-09,0,0,0.5
5,naive,2018-11-12,0,0,0.5
5,naive,2018-11-13,0,0,0.5
5,naive,2018-11-14,1,0,0.5
5,naive,2018-11-15,1,1,0.5
5,naive,2018-11-16,0,1,0.5
5,naive,2018-11-19,0,0,0.5
5,naive,2018-11-20,1,0,0.5
5,naive,2018-11-21,0,1,0.5
5,naive,2018-11-23,1,0,0.5
5,naive,2018-11-26,1,1,0.5
5,naive,2018-11-27,1,1,0.5
5,naive,2018-11-28,0,1,0.5
5,naive,2018-11-29,1,0,0.5
5,naive,2018-11-30,1,1,0.5
5,naive,2018-12-03,0,1,0.5
5,naive,2018-12-04,0,0,0.5
5,logistic,2018-06-07,1,0,0.4689086758471091
5,logistic,2018-06-08,1,0,0.46490600801553833
5,logistic,2018-06-11,1,0,0.4579637884467235
5,logistic,2018-06-12,0,0,0.45529710739852186
5,logistic,2018-06-13,1,0,0.4870461328010807
5,logistic,2018-06-14,0,0,0.4424499847676561
5,logistic,2018-06-15,0,0,0.48094271230322644
5,logistic,2018-06-18,0,0,0.4694303611425467
5,logistic,2018-06-19,1,0,0.4862501339723563
5,logistic,2018-06-20,0,0,0.4609294219037268
5,logistic,2018-06-21,1,1,0.5233917168650359
5,logistic,2018-06-22,0,0,0.49060430981516406
5,logistic,2018-06-25,1,1,0.5418028697995535
5,logistic,2018-06-26,0,0,0.4945037643327471
5,logistic,2018-06-27,1,1,0.5489845194757175
5,logistic,2018-06-28,1,0,0.4960022161090047
5,logistic,2018-06-29,1,0,0.49540214891819134
5,logistic,2018-07-02,0,0,0.48839503455304595
5,logistic,2018-07-03,1,1,0.5350327699158665
5,logistic,2018-07-05,1,0,0.4955123850374927
5,logistic,2018-07-06,1,0,0.49471838416655795
5,logistic,2018-07-09,1,0,0.47338574530762784
5,logistic,2018-07-10,0,0,0.46776677461169547
5,logistic,2018-07-11,1,1,0.5068381266473347
5,logistic,2018-07-12,1,0,0.4910733843732126
5,logistic,2018-07-13,0,1,0.5005621499562181
5,logistic,2018-07-16,1,1,0.5014645053082772
5,logistic,2018-07-17,1,0,0.46194670431974766
5,logistic,2018-07-18,0,0,0.46238860098043405
5,logistic,2018-07-19,0,1,0.5074506499519565
5,logistic,2018-07-20,1,0,0.4917849450104915
5,logistic,2018-07-23,1,0,0.47420943226700923
5,logistic,2018-07-24,1,0,0.4737742684066189
5,logistic,2018-07-25,0,0,0.4586496276497505
5,logistic,2018-07-26,0,0,0.4816320430170859
5,logistic,2018-07-27,0,1,0.5084218752400563
5,logistic,2018-07-30,1,1,0.5277481775108405
5,logistic,2018-07-31,0,0,0.49995558651488287
5,logistic,2018-08-01,1,1,0.5148275683879343
5,logistic,2018-08-02,1,0,0.4436270697105195
5,logistic,2018-08-03,1,0,0.42533926068401806
5,logistic,2018-08-06,1,0,0.4345249011527132
5,logistic,2018-08-07,0,0,0.4428835231603917
5,logistic,2018-08-08,0,0,0.45208605111025274
5,logistic,2018-08-09,0,0,0.46417279471083706
5,logistic,2018-08-10,0,0,0.4901697806619701
5,logistic,2018-08-13,1,0,0.49759132444881143
5,logistic,2018-08-14,0,0,0.46005567150052423
5,logistic,2018-08-15,1,1,0.5031179078939351
5,logistic,2018-08-16,1,0,0.4373311674591674
5,logistic,2018-08-17,1,0,0.42953453540362824
5,logistic,2018-08-20,1,0,0.4387948692504474
5,logistic,2018-08-21,0,0,0.43785028257287917
5,logistic,2018-08-22,0,0,0.4533496780854744
5,logistic,2018-08-23,1,0,0.4833502861906241
5,logistic,2018-08-24,1,0,0.44353894977385355
5,logistic,2018-08-27,1,0,0.441440954058866
5,logistic,2018-08-28,1,0,0.44317364490293215
5,logistic,2018-08-29,0,0,0.43315045673256447
5,logistic,2018-08-30,1,0,0.46935924529508416
5,logistic,2018-08-31,0,0,0.4583927709533574
5,logistic,2018-09-04,0,0,0.47651686032639606
5,logistic,2018-09-05,0,0,0.4802873900552604
5,logistic,2018-09-06,0,0,0.48960620453056225
5,logistic,2018-09-07,1,0,0.4974055618507156
5,logistic,2018-09-10,1,0,0.4832429719081628
5,logistic,2018-09-11,1,0,0.4706609548579423
5,logistic,2018-09-12,1,0,0.4653586704717012
5,logistic,2018-09-13,1,0,0.4396461232964162
5,logistic,2018-09-14,0,0,0.4448659705156261
5,logistic,2018-09-17,1,0,0.4929052727095636
5,logistic,2018-09-18,1,0,0.4469832482889562
5,logistic,2018-09-19,1,0,0.4481226641193938
5,logistic,2018-09-20,0,0,0.4295351178340201
5,logistic,2018-09-21,0,0,0.4502919564705823
5,logistic,2018-09-24,0,0,0.4567945295584394
5,logistic,2018-09-25,0,0,0.4732235949819333
5,logistic,2018-09-26,1,0,0.4899303932739117
5,logistic,2018-09-27,1,0,0.4601275622785662
5,logistic,2018-09-28,1,0,0.44336997026548636
5,logistic,2018-10-01,0,0,0.43353535770605944
5,logistic,2018-10-02,1,0,0.4582893138183453
5,logistic,2018-10-03,0,0,0.44013643725396356
5,logistic,2018-10-04,0,1,0.5138806457690012
5,logistic,2018-10-05,0,1,0.5217810833443468
5,logistic,2018-10-08,0,0,0.49537682981008785
5,logistic,2018-10-09,0,1,0.5209711853021617
5,logistic,2018-10-10,0,1,0.582073656987856
5,logistic,2018-10-11,1,1,0.5948531512219428
5,logistic,2018-10-12,0,1,0.5269678930372884
5,logistic,2018-10-15,1,1,0.6060511568239298
5,logistic,2018-10-16,1,1,0.5142947370010225
5,logistic,2018-10-17,0,1,0.5021475532861137
5,logistic,2018-10-18,0,1,0.6175236677111398
5,logistic,2018-10-19,0,1,0.6583049065009352
5,logistic,2018-10-22,0,1,0.6559504096425561
5,logistic,2018-10-23,0,1,0.6863970807178814
5,logistic,2018-10-24,1,1,0.6580156759900685
5,logistic,2018-10-25,0,1,0.5781638976884556
5,logistic,2018-10-26,0,1,0.675317840811068
5,logistic,2018-10-29,1,1,0.6545678031307295
5,logistic,2018-10-30,1,1,0.5623355513182948
5,logistic,2018-10-31,1,1,0.5671797432949538
5,logistic,2018-11-01,0,1,0.6024242640524383
5,logistic,2018-11-02,1,1,0.5846247988855096
5,logistic,2018-11-05,1,1,0.5815974515039646
5,logistic,2018-11-06,1,1,0.5889732242782888
5,logistic,2018-11-07,0,1,0.5637697778066655
5,logistic,2018-11-08,0,1,0.5859078911175851
5,logistic,2018-11-09,0,1,0.5740726613509279
5,logistic,2018-11-12,0,1,0.600929711353835
5,logistic,2018-11-13,0,1,0.5967864196860392
5,logistic,2018-11-14,1,1,0.5983398465797986
5,logistic,2018-11-15,1,0,0.48872531436464445
5,logistic,2018-11-16,0,0,0.4734804649010003
5,logistic,2018-11-19,0,1,0.5434928543638263
5,logistic,2018-11-20,1,1,0.5813096195830447
5,logistic,2018-11-21,0,1,0.5604698293453373
5,logistic,2018-11-23,1,1,0.6124082307948502
5,logistic,2018-11-26,1,1,0.5389751707497692
5,logistic,2018-11-27,1,1,0.5133700955147681
5,logistic,2018-11-28,0,1,0.5147650186172973
5,logistic,2018-11-29,1,1,0.5874464530420606
5,logistic,2018-11-30,1,1,0.5466176738283738
5,logistic,2018-12-03,0,1,0.5672792784361437
5,logistic,2018-12-04,0,1,0.6319840424358758
5,rf,2018-06-07,1,1,0.5892899821538746
5,rf,2018-06-08,1,1,0.5800805164511994
5,rf,2018-06-11,1,1,0.5464873332407548
5,rf,2018-06-12,0,0,0.4343751209773496
5,rf,2018-06-13,1,1,0.5305976366040597
5,rf,2018-06-14,0,0,0.4493621269912633
5,rf,2018-06-15,0,1,0.5089616516623888
5,rf,2018-06-18,0,0,0.4719699334053174
5,rf,2018-06-19,1,1,0.5880502095485675
5,rf,2018-06-20,0,0,0.48246433572112296
5,rf,2018-06-21,1,0,0.4379003796229613
5,rf,2018-06-22,0,0,0.4100845380245321
5,rf,2018-06-25,1,1,0.6085436927861472
5,rf,2018-06-26,0,1,0.5330289373872161
5,rf,2018-06-27,1,0,0.4852468632439881
5,rf,2018-06-28,1,1,0.5869600696482128
5,rf,2018-06-29,1,1,0.5174888121473495
5,rf,2018-07-02,0,1,0.6145075999006238
5,rf,2018-07-03,1,1,0.5760898854987558
5,rf,2018-07-05,1,0,0.49511060683671
5,rf,2018-07-06,1,0,0.4066109905421207
5,rf,2018-07-09,1,0,0.4985803988169756
5,rf,2018-07-10,0,0,0.43771014845571454
5,rf,2018-07-11,1,0,0.4965228451338389
5,rf,2018-07-12,1,1,0.6404041332659846
5,rf,2018-07-13,0,1,0.690458906557101
5,rf,2018-07-16,1,1,0.5619793765503955
5,rf,2018-07-17,1,1,0.5152426557058679
5,rf,2018-07-18,0,1,0.5839294644714466
5,rf,2018-07-19,0,1,0.5002875731985212
5,rf,2018-07-20,1,1,0.5765128519377095
5,rf,2018-07-23,1,0,0.479362650783196
5,rf,2018-07-24,1,0,0.40734600896139656
5,rf,2018-07-25,0,0,0.46652496384698605
5,rf,2018-07-26,0,1,0.5031652894992361
5,rf,2018-07-27,0,0,0.47709428460328024
5,rf,2018-07-30,1,0,0.4299066310482477
5,rf,2018-07-31,0,0,0.45508642487904316
5,rf,2018-08-01,1,0,0.4947465758004569
5,rf,2018-08-02,1,1,0.5099532603747176
5,rf,2018-08-03,1,0,0.4519027247251862
5,rf,2018-08-06,1,0,0.329535177326335
5,rf,2018-08-07,0,0,0.4800457654961889
5,rf,2018-08-08,0,0,0.4314396668227798
5,rf,2018-08-09,0,0,0.4415805452584647
5,rf,2018-08-10,0,1,0.5586861651494694
5,rf,2018-08-13,1,0,0.3903045023886751
5,rf,2018-08-14,0,0,0.4047105731719648
5,rf,2018-08-15,1,1,0.5423120042872182
5,rf,2018-08-16,1,0,0.4188883938291197
5,rf,2018-08-17,1,0,0.4344539806592969
5,rf,2018-08-20,1,0,0.4731093769095091
5,rf,2018-08-21,0,0,0.4400227624347442
5,rf,2018-08-22,0,0,0.4669418010123173
5,rf,2018-08-23,1,1,0.5221303526603843
5,rf,2018-08-24,1,0,0.43107959821090475
5,rf,2018-08-27,1,0,0.45606227374630964
5,rf,2018-08-28,1,0,0.46052367742209954
5,rf,2018-08-29,0,0,0.4572930603477626
5,rf,2018-08-30,1,1,0.5165763153551108
5,rf,2018-08-31,0,0,0.4648759186229013
5,rf,2018-09-04,0,1,0.5667559589435441
5,rf,2018-09-05,0,0,0.4642213943717408
5,rf,2018-09-06,0,0,0.4831254505549072
5,rf,2018-09-07,1,0,0.44235748535898345
5,rf,2018-09-10,1,0,0.4467139124519398
5,rf,2018-09-11,1,0,0.43981693586714005
5,rf,2018-09-12,1,0,0.35560073671696324
5,rf,2018-09-13,1,0,0.4003956917631921
5,rf,2018-09-14,0,0,0.41691856062366883
5,rf,2018-09-17,1,0,0.46329770142024157
5,rf,2018-09-18,1,0,0.4591099107992955
5,rf,2018-09-19,1,0,0.37689245035099445
5,rf,2018-09-20,0,0,0.4729377139907304
5,rf,2018-09-21,0,1,0.5256576835095498
5,rf,2018-09-24,0,0,0.42493817278869994
5,rf,2018-09-25,0,0,0.470136333853848
5,rf,2018-09-26,1,0,0.47638318352266024
5,rf,2018-09-27,1,0,0.48005318051126317
5,rf,2018-09-28,1,0,0.32743736646698096
5,rf,2018-10-01,0,0,0.4626115840526777
5,rf,2018-10-02,1,0,0.46996496651973935
5,rf,2018-10-03,0,0,0.4121266149339791
5,rf,2018-10-04,0,1,0.5484420104224694
5,rf,2018-10-05,0,0,0.4860938854407995
5,rf,2018-10-08,0,0,0.4878696260426256
5,rf,2018-10-09,0,0,0.47669374753390864
5,rf,2018-10-10,0,1,0.6584464340629966
5,rf,2018-10-11,1,1,0.6206855521884546
5,rf,2018-10-12,0,1,0.5500432491739217
5,rf,2018-10-15,1,1,0.5515593646677
5,rf,2018-10-16,1,1,0.6795605543392843
5,rf,2018-10-17,0,1,0.6755152395883431
5,rf,2018-10-18,0,1,0.6475945570693769
5,rf,2018-10-19,0,1,0.663101324303618
5,rf,2018-10-22,0,1,0.6009226335077427
5,rf,2018-10-23,0,1,0.596738058140266
5,rf,2018-10-24,1,1,0.7306117467096306
5,rf,2018-10-25,0,1,0.6366337788628212
5,rf,2018-10-26,0,1,0.666526015444553
5,rf,2018-10-29,1,1,0.6484376302707617
5,rf,2018-10-30,1,1,0.638863021050143
5,rf,2018-10-31,1,1,0.6687107340560592
5,rf,2018-11-01,0,1,0.5674544652214091
5,rf,2018-11-02,1,1,0.6106820781900306
5,rf,2018-11-05,1,1,0.6596048522215339
5,rf,2018-11-06,1,1,0.5329213581293397
5,rf,2018-11-07,0,1,0.5191225990163453
5,rf,2018-11-08,0,0,0.49997217494762763
5,rf,2018-11-09,0,1,0.5270616860670323
5,rf,2018-11-12,0,1,0.5602597661399055
5,rf,2018-11-13,0,0,0.46732780602186114
5,rf,2018-11-14,1,0,0.4041611053030682
5,rf,2018-11-15,1,1,0.5116281099971813
5,rf,2018-11-16,0,0,0.47975620509386935
5,rf,2018-11-19,0,1,0.516864080921805
5,rf,2018-11-20,1,1,0.6198701017793089
5,rf,2018-11-21,0,1,0.5141669864411955
5,rf,2018-11-23,1,0,0.47591729711711284
5,rf,2018-11-26,1,1,0.5590973316887315
5,rf,2018-11-27,1,1,0.6262033640597315
5,rf,2018-11-28,0,1,0.5957736331903104
5,rf,2018-11-29,1,1,0.5224982250637593
5,rf,2018-11-30,1,1,0.5532539067153984
5,rf,2018-12-03,0,1,0.5019798231106563
5,rf,2018-12-04,0,1,0.52121934185017
5,xgb,2018-06-07,1,0,0.1733161062002182
5,xgb,2018-06-08,1,1,0.873076856136322
5,xgb,2018-06-11,1,1,0.6454977989196777
5,xgb,2018-06-12,0,0,0.28848475217819214
5,xgb,2018-06-13,1,1,0.591942548751831
5,xgb,2018-06-14,0,0,0.31719422340393066
5,xgb,2018-06-15,0,0,0.475044846534729
5,xgb,2018-06-18,0,0,0.47625306248664856
5,xgb,2018-06-19,1,1,0.7812667489051819
5,xgb,2018-06-20,0,1,0.5853529572486877
5,xgb,2018-06-21,1,0,0.27302467823028564
5,xgb,2018-06-22,0,0,0.1940605640411377
5,xgb,2018-06-25,1,1,0.5795315504074097
5,xgb,2018-06-26,0,1,0.6958656907081604
5,xgb,2018-06-27,1,1,0.578865647315979
5,xgb,2018-06-28,1,0,0.4510193467140198
5,xgb,2018-06-29,1,0,0.3236824870109558
5,xgb,2018-07-02,0,1,0.6398715376853943
5,xgb,2018-07-03,1,0,0.2872939705848694
5,xgb,2018-07-05,1,0,0.473274827003479
5,xgb,2018-07-06,1,0,0.3236970901489258
5,xgb,2018-07-09,1,0,0.48363038897514343
5,xgb,2018-07-10,0,0,0.25642794370651245
5,xgb,2018-07-11,1,0,0.33146601915359497
5,xgb,2018-07-12,1,1,0.5390569567680359
5,xgb,2018-07-13,0,1,0.7084774374961853
5,xgb,2018-07-16,1,0,0.44724345207214355
5,xgb,2018-07-17,1,0,0.42221516370773315
5,xgb,2018-07-18,0,1,0.6991719603538513
5,xgb,2018-07-19,0,0,0.19045574963092804
5,xgb,2018-07-20,1,1,0.6877196431159973
5,xgb,2018-07-23,1,1,0.6730139255523682
5,xgb,2018-07-24,1,0,0.12230145931243896
5,xgb,2018-07-25,0,0,0.11977005004882812
5,xgb,2018-07-26,0,1,0.5635551810264587
5,xgb,2018-07-27,0,1,0.6457576155662537
5,xgb,2018-07-30,1,0,0.030786894261837006
5,xgb,2018-07-31,0,0,0.1961401402950287
5,xgb,2018-08-01,1,1,0.7121431827545166
5,xgb,2018-08-02,1,1,0.839606523513794
5,xgb,2018-08-03,1,0,0.272195965051651
5,xgb,2018-08-06,1,0,0.30144020915031433
5,xgb,2018-08-07,0,0,0.2503213584423065
5,xgb,2018-08-08,0,0,0.1269291341304779
5,xgb,2018-08-09,0,0,0.4825773239135742
5,xgb,2018-08-10,0,0,0.3482609987258911
5,xgb,2018-08-13,1,0,0.17862382531166077
5,xgb,2018-08-14,0,0,0.20164906978607178
5,xgb,2018-08-15,1,1,0.5826935768127441
5,xgb,2018-08-16,1,0,0.06687092036008835
5,xgb,2018-08-17,1,0,0.2018594741821289
5,xgb,2018-08-20,1,1,0.752317488193512
5,xgb,2018-08-21,0,0,0.11398402601480484
5,xgb,2018-08-22,0,0,0.06170449033379555
5,xgb,2018-08-23,1,1,0.6378141045570374
5,xgb,2018-08-24,1,0,0.1863822340965271
5,xgb,2018-08-27,1,0,0.15695054829120636
5,xgb,2018-08-28,1,0,0.33302128314971924
5,xgb,2018-08-29,0,0,0.4354792833328247
5,xgb,2018-08-30,1,1,0.6507604718208313
5,xgb,2018-08-31,0,0,0.38535889983177185
5,xgb,2018-09-04,0,1,0.8265600204467773
5,xgb,2018-09-05,0,0,0.3870549201965332
5,xgb,2018-09-06,0,1,0.631622850894928
5,xgb,2018-09-07,1,1,0.5341752171516418
5,xgb,2018-09-10,1,1,0.6635512113571167
5,xgb,2018-09-11,1,0,0.47678259015083313
5,xgb,2018-09-12,1,0,0.4427543580532074
5,xgb,2018-09-13,1,0,0.4823319911956787
5,xgb,2018-09-14,0,0,0.18658749759197235
5,xgb,2018-09-17,1,0,0.29904884099960327
5,xgb,2018-09-18,1,0,0.17626817524433136
5,xgb,2018-09-19,1,0,0.2757248878479004
5,xgb,2018-09-20,0,0,0.09419210255146027
5,xgb,2018-09-21,0,0,0.4229782521724701
5,xgb,2018-09-24,0,0,0.3608980178833008
5,xgb,2018-09-25,0,1,0.5106407403945923
5,xgb,2018-09-26,1,0,0.27692747116088867
5,xgb,2018-09-27,1,1,0.700063169002533
5,xgb,2018-09-28,1,0,0.09293919056653976
5,xgb,2018-10-01,0,0,0.48436808586120605
5,xgb,2018-10-02,1,0,0.37915995717048645
5,xgb,2018-10-03,0,0,0.3210867941379547
5,xgb,2018-10-04,0,1,0.5388656854629517
5,xgb,2018-10-05,0,0,0.07958474010229111
5,xgb,2018-10-08,0,0,0.23579619824886322
5,xgb,2018-10-09,0,0,0.359736829996109
5,xgb,2018-10-10,0,1,0.9570575952529907
5,xgb,2018-10-11,1,1,0.8347764611244202
5,xgb,2018-10-12,0,1,0.5120658278465271
5,xgb,2018-10-15,1,0,0.19838561117649078
5,xgb,2018-10-16,1,1,0.7646114230155945
5,xgb,2018-10-17,0,1,0.862150251865387
5,xgb,2018-10-18,0,1,0.7283806800842285
5,xgb,2018-10-19,0,1,0.8348879218101501
5,xgb,2018-10-22,0,0,0.4941020607948303
5,xgb,2018-10-23,0,1,0.7761990427970886
5,xgb,2018-10-24,1,1,0.776348888874054
5,xgb,2018-10-25,0,1,0.6083031892776489
5,xgb,2018-10-26,0,1,0.7130334973335266
5,xgb,2018-10-29,1,1,0.8191947340965271
5,xgb,2018-10-30,1,1,0.9109265804290771
5,xgb,2018-10-31,1,1,0.8552424311637878
5,xgb,2018-11-01,0,0,0.43064969778060913
5,xgb,2018-11-02,1,1,0.5312365889549255
5,xgb,2018-11-05,1,1,0.9563248157501221
5,xgb,2018-11-06,1,1,0.801436185836792
5,xgb,2018-11-07,0,1,0.6358124017715454
5,xgb,2018-11-08,0,0,0.39495953917503357
5,xgb,2018-11-09,0,1,0.5326886177062988
5,xgb,2018-11-12,0,1,0.8027148842811584
5,xgb,2018-11-13,0,0,0.22820556163787842
5,xgb,2018-11-14,1,0,0.04912470653653145
5,xgb,2018-11-15,1,0,0.3575546145439148
5,xgb,2018-11-16,0,0,0.2417449802160263
5,xgb,2018-11-19,0,0,0.18137328326702118
5,xgb,2018-11-20,1,1,0.7814096808433533
5,xgb,2018-11-21,0,0,0.2332289218902588
5,xgb,2018-11-23,1,0,0.1947440505027771
5,xgb,2018-11-26,1,0,0.21936143934726715
5,xgb,2018-11-27,1,1,0.7290639281272888
5,xgb,2018-11-28,0,1,0.900264322757721
5,xgb,2018-11-29,1,1,0.8815923929214478
5,xgb,2018-11-30,1,1,0.7279177904129028
5,xgb,2018-12-03,0,1,0.7535644173622131
5,xgb,2018-12-04,0,0,0.21765081584453583
6,majority,2018-12-17,0,1,0.5495750708215298
6,majority,2018-12-18,0,1,0.5495750708215298
6,majority,2018-12-19,0,1,0.5495750708215298
6,majority,2018-12-20,0,1,0.5495750708215298
6,majority,2018-12-21,0,1,0.5495750708215298
6,majority,2018-12-24,1,1,0.5495750708215298
6,majority,2018-12-26,1,1,0.5495750708215298
6,majority,2018-12-27,0,1,0.5495750708215298
6,majority,2018-12-28,1,1,0.5495750708215298
6,majority,2018-12-31,1,1,0.5495750708215298
6,majority,2019-01-02,0,1,0.5495750708215298
6,majority,2019-01-03,1,1,0.5495750708215298
6,majority,2019-01-04,1,1,0.5495750708215298
6,majority,2019-01-07,1,1,0.5495750708215298
6,majority,2019-01-08,1,1,0.5495750708215298
6,majority,2019-01-09,1,1,0.5495750708215298
6,majority,2019-01-10,1,1,0.5495750708215298
6,majority,2019-01-11,0,1,0.5495750708215298
6,majority,2019-01-14,1,1,0.5495750708215298
6,majority,2019-01-15,1,1,0.5495750708215298
6,majority,2019-01-16,1,1,0.5495750708215298
6,majority,2019-01-17,1,1,0.5495750708215298
6,majority,2019-01-18,0,1,0.5495750708215298
6,majority,2019-01-22,1,1,0.5495750708215298
6,majority,2019-01-23,1,1,0.5495750708215298
6,majority,2019-01-24,1,1,0.5495750708215298
6,majority,2019-01-25,0,1,0.5495750708215298
6,majority,2019-01-28,0,1,0.5495750708215298
6,majority,2019-01-29,1,1,0.5495750708215298
6,majority,2019-01-30,1,1,0.5495750708215298
6,majority,2019-01-31,1,1,0.5495750708215298
6,majority,2019-02-01,1,1,0.5495750708215298
6,majority,2019-02-04,1,1,0.5495750708215298
6,majority,2019-02-05,0,1,0.5495750708215298
6,majority,2019-02-06,0,1,0.5495750708215298
6,majority,2019-02-07,1,1,0.5495750708215298
6,majority,2019-02-08,1,1,0.5495750708215298
6,majority,2019-02-11,1,1,0.5495750708215298
6,majority,2019-02-12,1,1,0.5495750708215298
6,majority,2019-02-13,0,1,0.5495750708215298
6,majority,2019-02-14,1,1,0.5495750708215298
6,majority,2019-02-15,1,1,0.5495750708215298
6,majority,2019-02-19,1,1,0.5495750708215298
6,majority,2019-02-20,0,1,0.5495750708215298
6,majority,2019-02-21,1,1,0.5495750708215298
6,majority,2019-02-22,1,1,0.5495750708215298
6,majority,2019-02-25,0,1,0.5495750708215298
6,majority,2019-02-26,0,1,0.5495750708215298
6,majority,2019-02-27,0,1,0.5495750708215298
6,majority,2019-02-28,1,1,0.5495750708215298
6,majority,2019-03-01,0,1,0.5495750708215298
6,majority,2019-03-04,0,1,0.5495750708215298
6,majority,2019-03-05,0,1,0.5495750708215298
6,majority,2019-03-06,0,1,0.5495750708215298
6,majority,2019-03-07,0,1,0.5495750708215298
6,majority,2019-03-08,1,1,0.5495750708215298
6,majority,2019-03-11,1,1,0.5495750708215298
6,majority,2019-03-12,1,1,0.5495750708215298
6,majority,2019-03-13,0,1,0.5495750708215298
6,majority,2019-03-14,1,1,0.5495750708215298
6,majority,2019-03-15,1,1,0.5495750708215298
6,majority,2019-03-18,1,1,0.5495750708215298
6,majority,2019-03-19,0,1,0.5495750708215298
6,majority,2019-03-20,1,1,0.5495750708215298
6,majority,2019-03-21,0,1,0.5495750708215298
6,majority,2019-03-22,0,1,0.5495750708215298
6,majority,2019-03-25,1,1,0.5495750708215298
6,majority,2019-03-26,0,1,0.5495750708215298
6,majority,2019-03-27,1,1,0.5495750708215298
6,majority,2019-03-28,1,1,0.5495750708215298
6,majority,2019-03-29,1,1,0.5495750708215298
6,majority,2019-04-01,1,1,0.5495750708215298
6,majority,2019-04-02,1,1,0.5495750708215298
6,majority,2019-04-03,1,1,0.5495750708215298
6,majority,2019-04-04,1,1,0.5495750708215298
6,majority,2019-04-05,1,1,0.5495750708215298
6,majority,2019-04-08,0,1,0.5495750708215298
6,majority,2019-04-09,1,1,0.5495750708215298
6,majority,2019-04-10,0,1,0.5495750708215298
6,majority,2019-04-11,1,1,0.5495750708215298
6,majority,2019-04-12,0,1,0.5495750708215298
6,majority,2019-04-15,1,1,0.5495750708215298
6,majority,2019-04-16,0,1,0.5495750708215298
6,majority,2019-04-17,1,1,0.5495750708215298
6,majority,2019-04-18,1,1,0.5495750708215298
6,majority,2019-04-22,1,1,0.5495750708215298
6,majority,2019-04-23,0,1,0.5495750708215298
6,majority,2019-04-24,0,1,0.5495750708215298
6,majority,2019-04-25,1,1,0.5495750708215298
6,majority,2019-04-26,1,1,0.5495750708215298
6,majority,2019-04-29,1,1,0.5495750708215298
6,majority,2019-04-30,0,1,0.5495750708215298
6,majority,2019-05-01,0,1,0.5495750708215298
6,majority,2019-05-02,1,1,0.5495750708215298
6,majority,2019-05-03,0,1,0.5495750708215298
6,majority,2019-05-06,0,1,0.5495750708215298
6,majority,2019-05-07,0,1,0.5495750708215298
6,majority,2019-05-08,0,1,0.5495750708215298
6,majority,2019-05-09,1,1,0.5495750708215298
6,majority,2019-05-10,0,1,0.5495750708215298
6,majority,2019-05-13,1,1,0.5495750708215298
6,majority,2019-05-14,1,1,0.5495750708215298
6,majority,2019-05-15,1,1,0.5495750708215298
6,majority,2019-05-16,0,1,0.5495750708215298
6,majority,2019-05-17,0,1,0.5495750708215298
6,majority,2019-05-20,1,1,0.5495750708215298
6,majority,2019-05-21,0,1,0.5495750708215298
6,majority,2019-05-22,0,1,0.5495750708215298
6,majority,2019-05-23,1,1,0.5495750708215298
6,majority,2019-05-24,0,1,0.5495750708215298
6,majority,2019-05-28,0,1,0.5495750708215298
6,majority,2019-05-29,1,1,0.5495750708215298
6,majority,2019-05-30,0,1,0.5495750708215298
6,majority,2019-05-31,0,1,0.5495750708215298
6,majority,2019-06-03,1,1,0.5495750708215298
6,majority,2019-06-04,1,1,0.5495750708215298
6,majority,2019-06-05,1,1,0.5495750708215298
6,majority,2019-06-06,1,1,0.5495750708215298
6,majority,2019-06-07,1,1,0.5495750708215298
6,majority,2019-06-10,0,1,0.5495750708215298
6,majority,2019-06-11,0,1,0.5495750708215298
6,majority,2019-06-12,1,1,0.5495750708215298
6,majority,2019-06-13,0,1,0.5495750708215298
6,majority,2019-06-14,1,1,0.5495750708215298
6,majority,2019-06-17,1,1,0.5495750708215298
6,majority,2019-06-18,1,1,0.5495750708215298
6,naive,2018-12-17,0,0,0.5
6,naive,2018-12-18,0,0,0.5
6,naive,2018-12-19,0,0,0.5
6,naive,2018-12-20,0,0,0.5
6,naive,2018-12-21,0,0,0.5
6,naive,2018-12-24,1,0,0.5
6,naive,2018-12-26,1,1,0.5
6,naive,2018-12-27,0,1,0.5
6,naive,2018-12-28,1,0,0.5
6,naive,2018-12-31,1,1,0.5
6,naive,2019-01-02,0,1,0.5
6,naive,2019-01-03,1,0,0.5
6,naive,2019-01-04,1,1,0.5
6,naive,2019-01-07,1,1,0.5
6,naive,2019-01-08,1,1,0.5
6,naive,2019-01-09,1,1,0.5
6,naive,2019-01-10,1,1,0.5
6,naive,2019-01-11,0,1,0.5
6,naive,2019-01-14,1,0,0.5
6,naive,2019-01-15,1,1,0.5
6,naive,2019-01-16,1,1,0.5
6,naive,2019-01-17,1,1,0.5
6,naive,2019-01-18,0,1,0.5
6,naive,2019-01-22,1,0,0.5
6,naive,2019-01-23,1,1,0.5
6,naive,2019-01-24,1,1,0.5
6,naive,2019-01-25,0,1,0.5
6,naive,2019-01-28,0,0,0.5
6,naive,2019-01-29,1,0,0.5
6,naive,2019-01-30,1,1,0.5
6,naive,2019-01-31,1,1,0.5
6,naive,2019-02-01,1,1,0.5
6,naive,2019-02-04,1,1,0.5
6,naive,2019-02-05,0,1,0.5
6,naive,2019-02-06,0,0,0.5
6,naive,2019-02-07,1,0,0.5
6,naive,2019-02-08,1,1,0.5
6,naive,2019-02-11,1,1,0.5
6,naive,2019-02-12,1,1,0.5
6,naive,2019-02-13,0,1,0.5
6,naive,2019-02-14,1,0,0.5
6,naive,2019-02-15,1,1,0.5
6,naive,2019-02-19,1,1,0.5
6,naive,2019-02-20,0,1,0.5
6,naive,2019-02-21,1,0,0.5
6,naive,2019-02-22,1,1,0.5
6,naive,2019-02-25,0,1,0.5
6,naive,2019-02-26,0,0,0.5
6,naive,2019-02-27,0,0,0.5
6,naive,2019-02-28,1,0,0.5
6,naive,2019-03-01,0,1,0.5
6,naive,2019-03-04,0,0,0.5
6,naive,2019-03-05,0,0,0.5
6,naive,2019-03-06,0,0,0.5
6,naive,2019-03-07,0,0,0.5
6,naive,2019-03-08,1,0,0.5
6,naive,2019-03-11,1,1,0.5
6,naive,2019-03-12,1,1,0.5
6,naive,2019-03-13,0,1,0.5
6,naive,2019-03-14,1,0,0.5
6,naive,2019-03-15,1,1,0.5
6,naive,2019-03-18,1,1,0.5
6,naive,2019-03-19,0,1,0.5
6,naive,2019-03-20,1,0,0.5
6,naive,2019-03-21,0,1,0.5
6,naive,2019-03-22,0,0,0.5
6,naive,2019-03-25,1,0,0.5
6,naive,2019-03-26,0,1,0.5
6,naive,2019-03-27,1,0,0.5
6,naive,2019-03-28,1,1,0.5
6,naive,2019-03-29,1,1,0.5
6,naive,2019-04-01,1,1,0.5
6,naive,2019-04-02,1,1,0.5
6,naive,2019-04-03,1,1,0.5
6,naive,2019-04-04,1,1,0.5
6,naive,2019-04-05,1,1,0.5
6,naive,2019-04-08,0,1,0.5
6,naive,2019-04-09,1,0,0.5
6,naive,2019-04-10,0,1,0.5
6,naive,2019-04-11,1,0,0.5
6,naive,2019-04-12,0,1,0.5
6,naive,2019-04-15,1,0,0.5
6,naive,2019-04-16,0,1,0.5
6,naive,2019-04-17,1,0,0.5
6,naive,2019-04-18,1,1,0.5
6,naive,2019-04-22,1,1,0.5
6,naive,2019-04-23,0,1,0.5
6,naive,2019-04-24,0,0,0.5
6,naive,2019-04-25,1,0,0.5
6,naive,2019-04-26,1,1,0.5
6,naive,2019-04-29,1,1,0.5
6,naive,2019-04-30,0,1,0.5
6,naive,2019-05-01,0,0,0.5
6,naive,2019-05-02,1,0,0.5
6,naive,2019-05-03,0,1,0.5
6,naive,2019-05-06,0,0,0.5
6,naive,2019-05-07,0,0,0.5
6,naive,2019-05-08,0,0,0.5
6,naive,2019-05-09,1,0,0.5
6,naive,2019-05-10,0,1,0.5
6,naive,2019-05-13,1,0,0.5
6,naive,2019-05-14,1,1,0.5
6,naive,2019-05-15,1,1,0.5
6,naive,2019-05-16,0,1,0.5
6,naive,2019-05-17,0,0,0.5
6,naive,2019-05-20,1,0,0.5
6,naive,2019-05-21,0,1,0.5
6,naive,2019-05-22,0,0,0.5
6,naive,2019-05-23,1,0,0.5
6,naive,2019-05-24,0,1,0.5
6,naive,2019-05-28,0,0,0.5
6,naive,2019-05-29,1,0,0.5
6,naive,2019-05-30,0,1,0.5
6,naive,2019-05-31,0,0,0.5
6,naive,2019-06-03,1,0,0.5
6,naive,2019-06-04,1,1,0.5
6,naive,2019-06-05,1,1,0.5
6,naive,2019-06-06,1,1,0.5
6,naive,2019-06-07,1,1,0.5
6,naive,2019-06-10,0,1,0.5
6,naive,2019-06-11,0,0,0.5
6,naive,2019-06-12,1,0,0.5
6,naive,2019-06-13,0,1,0.5
6,naive,2019-06-14,1,0,0.5
6,naive,2019-06-17,1,1,0.5
6,naive,2019-06-18,1,1,0.5
6,logistic,2018-12-17,0,1,0.6228342501121763
6,logistic,2018-12-18,0,1,0.6146721667225942
6,logistic,2018-12-19,0,1,0.6448714299692169
6,logistic,2018-12-20,0,1,0.659618007608707
6,logistic,2018-12-21,0,1,0.6948508391861761
6,logistic,2018-12-24,1,1,0.7298456886965774
6,logistic,2018-12-26,1,1,0.5923058691984616
6,logistic,2018-12-27,0,1,0.628730688360186
6,logistic,2018-12-28,1,1,0.6864426457189365
6,logistic,2018-12-31,1,1,0.6384286990836855
6,logistic,2019-01-02,0,1,0.6817680024284888
6,logistic,2019-01-03,1,1,0.6948090745918587
6,logistic,2019-01-04,1,1,0.54231922671502
6,logistic,2019-01-07,1,1,0.5386514946673657
6,logistic,2019-01-08,1,1,0.5089174599715085
6,logistic,2019-01-09,1,0,0.49050660024998044
6,logistic,2019-01-10,1,1,0.5216411661915719
6,logistic,2019-01-11,0,1,0.5052510118640359
6,logistic,2019-01-14,1,1,0.5134967641222625
6,logistic,2019-01-15,1,0,0.4658092647746011
6,logistic,2019-01-16,1,0,0.4780563462123215
6,logistic,2019-01-17,1,0,0.47281243728561617
6,logistic,2019-01-18,0,0,0.4745519643080952
6,logistic,2019-01-22,1,1,0.5629010455325917
6,logistic,2019-01-23,1,1,0.5113458355130163
6,logistic,2019-01-24,1,1,0.503609432401286
6,logistic,2019-01-25,0,0,0.4941313925964222
6,logistic,2019-01-28,0,1,0.5210542905629524
6,logistic,2019-01-29,1,1,0.5206479946165707
6,logistic,2019-01-30,1,0,0.46509660970815186
6,logistic,2019-01-31,1,0,0.46326263841995485
6,logistic,2019-02-01,1,0,0.4506810917049055
6,logistic,2019-02-04,1,0,0.4610922676231067
6,logistic,2019-02-05,0,0,0.4748998199331722
6,logistic,2019-02-06,0,0,0.4946404251829827
6,logistic,2019-02-07,1,1,0.5040543849473728
6,logistic,2019-02-08,1,0,0.4650810823264749
6,logistic,2019-02-11,1,0,0.4606827868545499
6,logistic,2019-02-12,1,0,0.4235148084207764
6,logistic,2019-02-13,0,0,0.4274525452546486
6,logistic,2019-02-14,1,0,0.4673421815450888
6,logistic,2019-02-15,1,0,0.42800895228472957
6,logistic,2019-02-19,1,0,0.45708383050348
6,logistic,2019-02-20,0,0,0.44824897116150564
6,logistic,2019-02-21,1,0,0.4736103845766372
6,logistic,2019-02-22,1,0,0.4398637774281847
6,logistic,2019-02-25,0,0,0.4432523460622401
6,logistic,2019-02-26,0,0,0.45621949673746437
6,logistic,2019-02-27,0,0,0.44714947062651855
6,logistic,2019-02-28,1,0,0.45958300680607067
6,logistic,2019-03-01,0,0,0.41823761386286595
6,logistic,2019-03-04,0,0,0.4637862474274721
6,logistic,2019-03-05,0,0,0.4580827359140786
6,logistic,2019-03-06,0,0,0.47949912980828674
6,logistic,2019-03-07,0,1,0.5165849032341742
6,logistic,2019-03-08,1,1,0.5037683722770634
6,logistic,2019-03-11,1,0,0.42854275921750573
6,logistic,2019-03-12,1,0,0.4145570816456642
6,logistic,2019-03-13,0,0,0.4010014957600799
6,logistic,2019-03-14,1,0,0.44317621657753875
6,logistic,2019-03-15,1,0,0.42136046572383484
6,logistic,2019-03-18,1,0,0.4180108227370683
6,logistic,2019-03-19,0,0,0.4186459762624111
6,logistic,2019-03-20,1,0,0.44991340258840257
6,logistic,2019-03-21,0,0,0.40514837863095304
6,logistic,2019-03-22,0,0,0.47590302766152354
6,logistic,2019-03-25,1,0,0.45650395292503876
6,logistic,2019-03-26,0,0,0.4196658656995771
6,logistic,2019-03-27,1,0,0.4661766578818526
6,logistic,2019-03-28,1,0,0.42213205961158334
6,logistic,2019-03-29,1,0,0.4305862096083982
6,logistic,2019-04-01,1,0,0.4205843722210442
6,logistic,2019-04-02,1,0,0.42840655573624775
6,logistic,2019-04-03,1,0,0.4343160061799821
6,logistic,2019-04-04,1,0,0.43693255793803626
6,logistic,2019-04-05,1,0,0.4230764213617769
6,logistic,2019-04-08,0,0,0.4173735050490411
6,logistic,2019-04-09,1,0,0.44578945743468995
6,logistic,2019-04-10,0,0,0.4187715444397879
6,logistic,2019-04-11,1,0,0.443501841018008
6,logistic,2019-04-12,0,0,0.4118343377964707
6,logistic,2019-04-15,1,0,0.4370246363206597
6,logistic,2019-04-16,0,0,0.4305281533981393
6,logistic,2019-04-17,1,0,0.46095982176547223
6,logistic,2019-04-18,1,0,0.4443290689744354
6,logistic,2019-04-22,1,0,0.45782873018380554
6,logistic,2019-04-23,0,0,0.4334231547596723
6,logistic,2019-04-24,0,0,0.46060358946044483
6,logistic,2019-04-25,1,0,0.461553141876487
6,logistic,2019-04-26,1,0,0.42472801510930663
6,logistic,2019-04-29,1,0,0.4265896270973069
6,logistic,2019-04-30,0,0,0.4186376815225508
6,logistic,2019-05-01,0,0,0.4668464413417379
6,logistic,2019-05-02,1,0,0.47888209893357503
6,logistic,2019-05-03,0,0,0.42193662279034033
6,logistic,2019-05-06,0,0,0.4701377881159598
6,logistic,2019-05-07,0,1,0.502147684095594
6,logistic,2019-05-08,0,1,0.5005030738333993
6,logistic,2019-05-09,1,1,0.5170411904932047
6,logistic,2019-05-10,0,0,0.4519673541889365
6,logistic,2019-05-13,1,1,0.5396088299580973
6,logistic,2019-05-14,1,0,0.49150071527391265
6,logistic,2019-05-15,1,1,0.5042041659232515
6,logistic,2019-05-16,0,0,0.48970748577948353
6,logistic,2019-05-17,0,1,0.5262527348153245
6,logistic,2019-05-20,1,1,0.5592511192167278
6,logistic,2019-05-21,0,1,0.5244784226089628
6,logistic,2019-05-22,0,1,0.5504725055436609
6,logistic,2019-05-23,1,1,0.5660752174022973
6,logistic,2019-05-24,0,1,0.5247401770562888
6,logistic,2019-05-28,0,1,0.5857649403624636
6,logistic,2019-05-29,1,1,0.576090989445962
6,logistic,2019-05-30,0,1,0.5348146191808639
6,logistic,2019-05-31,0,1,0.5990318977793534
6,logistic,2019-06-03,1,1,0.586435158488761
6,logistic,2019-06-04,1,0,0.49973666514095655
6,logistic,2019-06-05,1,1,0.5059808093040177
6,logistic,2019-06-06,1,0,0.4837796637719331
6,logistic,2019-06-07,1,0,0.47638907126139446
6,logistic,2019-06-10,0,0,0.49687814024460686
6,logistic,2019-06-11,0,1,0.5199325610380926
6,logistic,2019-06-12,1,1,0.5123785653809889
6,logistic,2019-06-13,0,0,0.48628385613880154
6,logistic,2019-06-14,1,1,0.5017284285270799
6,logistic,2019-06-17,1,0,0.48070215345145817
6,logistic,2019-06-18,1,0,0.4654912417386619
6,rf,2018-12-17,0,1,0.7319568511782663
6,rf,2018-12-18,0,1,0.7016806240279262
6,rf,2018-12-19,0,1,0.6979455144227353
6,rf,2018-12-20,0,1,0.7656471445696883
6,rf,2018-12-21,0,1,0.7818964024420785
6,rf,2018-12-24,1,1,0.7279280217055836
6,rf,2018-12-26,1,1,0.6810282844867972
6,rf,2018-12-27,0,1,0.6949591837526932
6,rf,2018-12-28,1,1,0.6909258609421665
6,rf,2018-12-31,1,1,0.61446321564273
6,rf,2019-01-02,0,1,0.6667635149061976
6,rf,2019-01-03,1,1,0.6784332958241692
6,rf,2019-01-04,1,1,0.5549963605071079
6,rf,2019-01-07,1,1,0.5528321885891129
6,rf,2019-01-08,1,1,0.533552875336388
6,rf,2019-01-09,1,0,0.42407435546790945
6,rf,2019-01-10,1,1,0.5088659778872483
6,rf,2019-01-11,0,1,0.552379906521075
6,rf,2019-01-14,1,1,0.5705240560487913
6,rf,2019-01-15,1,1,0.5973048887572595
6,rf,2019-01-16,1,0,0.4970586895329216
6,rf,2019-01-17,1,0,0.48189024625921023
6,rf,2019-01-18,0,1,0.5711014262461868
6,rf,2019-01-22,1,1,0.5150752191311628
6,rf,2019-01-23,1,1,0.6036147782170346
6,rf,2019-01-24,1,1,0.5050834799238603
6,rf,2019-01-25,0,1,0.5865080191746952
6,rf,2019-01-28,0,1,0.6280435795409705
6,rf,2019-01-29,1,1,0.5225932300947872
6,rf,2019-01-30,1,1,0.5554138159034467
6,rf,2019-01-31,1,1,0.5071294979117992
6,rf,2019-02-01,1,0,0.4976685750136993
6,rf,2019-02-04,1,0,0.4771724083427242
6,rf,2019-02-05,0,0,0.4726299985858121
6,rf,2019-02-06,0,1,0.5449504169820466
6,rf,2019-02-07,1,1,0.6073545821830239
6,rf,2019-02-08,1,0,0.470971268827911
6,rf,2019-02-11,1,0,0.49568187671241587
6,rf,2019-02-12,1,0,0.4275929215974553
6,rf,2019-02-13,0,0,0.38284781664752904
6,rf,2019-02-14,1,0,0.4829278108908065
6,rf,2019-02-15,1,0,0.3777247887769356
6,rf,2019-02-19,1,0,0.3769810579188423
6,rf,2019-02-20,0,0,0.4903731202827944
6,rf,2019-02-21,1,0,0.36248886775164507
6,rf,2019-02-22,1,0,0.3795457630582368
6,rf,2019-02-25,0,0,0.4478756172465196
6,rf,2019-02-26,0,0,0.33061002438721415
6,rf,2019-02-27,0,0,0.33626740647635733
6,rf,2019-02-28,1,0,0.40195250402437954
6,rf,2019-03-01,0,0,0.39164077911507683
6,rf,2019-03-04,0,0,0.4303731502474545
6,rf,2019-03-05,0,0,0.37630978859947567
6,rf,2019-03-06,0,0,0.4377984486167146
6,rf,2019-03-07,0,0,0.48303016041886393
6,rf,2019-03-08,1,1,0.507118800785892
6,rf,2019-03-11,1,0,0.430739145757208
6,rf,2019-03-12,1,0,0.4321194267549273
6,rf,2019-03-13,0,0,0.3975841261690914
6,rf,2019-03-14,1,0,0.44206915583853257
6,rf,2019-03-15,1,0,0.35898135716446317
6,rf,2019-03-18,1,1,0.5524216227313693
6,rf,2019-03-19,0,0,0.3807945167076238
6,rf,2019-03-20,1,1,0.529216513522145
6,rf,2019-03-21,0,0,0.4235633865891153
6,rf,2019-03-22,0,0,0.48335883140465996
6,rf,2019-03-25,1,0,0.45062550763438053
6,rf,2019-03-26,0,0,0.41474688680172345
6,rf,2019-03-27,1,0,0.3852479164490849
6,rf,2019-03-28,1,0,0.4610654696610225
6,rf,2019-03-29,1,0,0.4495152099160445
6,rf,2019-04-01,1,0,0.41970586989713055
6,rf,2019-04-02,1,1,0.5011667683574313
6,rf,2019-04-03,1,0,0.38355051777750193
6,rf,2019-04-04,1,0,0.4388403956870346
6,rf,2019-04-05,1,0,0.4863236766400624
6,rf,2019-04-08,0,1,0.5624533931237309
6,rf,2019-04-09,1,0,0.4438524573774723
6,rf,2019-04-10,0,0,0.4265737661924191
6,rf,2019-04-11,1,0,0.4275608716894571
6,rf,2019-04-12,0,0,0.4483800337084564
6,rf,2019-04-15,1,0,0.484531817273643
6,rf,2019-04-16,0,0,0.3695404913069998
6,rf,2019-04-17,1,0,0.44244161522078146
6,rf,2019-04-18,1,0,0.39003170473406124
6,rf,2019-04-22,1,1,0.5163089293699528
6,rf,2019-04-23,0,0,0.3831206358448702
6,rf,2019-04-24,0,0,0.46151784877075314
6,rf,2019-04-25,1,0,0.46852989917857
6,rf,2019-04-26,1,0,0.43094820991892724
6,rf,2019-04-29,1,0,0.39420152671924263
6,rf,2019-04-30,0,1,0.5000355535165345
6,rf,2019-05-01,0,0,0.46882026452890796
6,rf,2019-05-02,1,0,0.46924169874052757
6,rf,2019-05-03,0,0,0.4434751683399689
6,rf,2019-05-06,0,0,0.48130967163297245
6,rf,2019-05-07,0,0,0.4880352710068743
6,rf,2019-05-08,0,1,0.567060894186627
6,rf,2019-05-09,1,0,0.4714591942994721
6,rf,2019-05-10,0,0,0.45691558358542844
6,rf,2019-05-13,1,1,0.5875848904975017
6,rf,2019-05-14,1,1,0.5523577936461254
6,rf,2019-05-15,1,1,0.5299717611727242
6,rf,2019-05-16,0,1,0.5477741847683122
6,rf,2019-05-17,0,1,0.5486858918054535
6,rf,2019-05-20,1,1,0.6151796857128732
6,rf,2019-05-21,0,1,0.5439684604556123
6,rf,2019-05-22,0,1,0.5716723295377862
6,rf,2019-05-23,1,1,0.6284515829008623
6,rf,2019-05-24,0,1,0.6033934666898518
6,rf,2019-05-28,0,1,0.5996291351413761
6,rf,2019-05-29,1,1,0.5625211513382106
6,rf,2019-05-30,0,1,0.6008548251302495
6,rf,2019-05-31,0,1,0.6271544952161087
6,rf,2019-06-03,1,1,0.5900177929374584
6,rf,2019-06-04,1,1,0.5704167512696904
6,rf,2019-06-05,1,1,0.5770520693335434
6,rf,2019-06-06,1,0,0.4685055677178067
6,rf,2019-06-07,1,0,0.44333960527341765
6,rf,2019-06-10,0,0,0.47814624587872956
6,rf,2019-06-11,0,1,0.5147764846896365
6,rf,2019-06-12,1,1,0.5075377529493835
6,rf,2019-06-13,0,1,0.5295079800117469
6,rf,2019-06-14,1,1,0.5215137883188893
6,rf,2019-06-17,1,0,0.4465993672566501
6,rf,2019-06-18,1,1,0.5131850270738422
6,xgb,2018-12-17,0,1,0.7922705411911011
6,xgb,2018-12-18,0,1,0.7221816778182983
6,xgb,2018-12-19,0,1,0.5536401867866516
6,xgb,2018-12-20,0,1,0.8645139336585999
6,xgb,2018-12-21,0,1,0.8511508107185364
6,xgb,2018-12-24,1,1,0.7655855417251587
6,xgb,2018-12-26,1,1,0.7952294945716858
6,xgb,2018-12-27,0,1,0.9014596939086914
6,xgb,2018-12-28,1,1,0.7751031517982483
6,xgb,2018-12-31,1,1,0.6821752190589905
6,xgb,2019-01-02,0,1,0.9380089044570923
6,xgb,2019-01-03,1,1,0.8768307566642761
6,xgb,2019-01-04,1,1,0.7580083012580872
6,xgb,2019-01-07,1,0,0.2855972349643707
6,xgb,2019-01-08,1,0,0.4738155007362366
6,xgb,2019-01-09,1,0,0.04190314933657646
6,xgb,2019-01-10,1,1,0.6047528386116028
6,xgb,2019-01-11,0,0,0.21569134294986725
6,xgb,2019-01-14,1,0,0.31925109028816223
6,xgb,2019-01-15,1,0,0.40992218255996704
6,xgb,2019-01-16,1,0,0.24748928844928741
6,xgb,2019-01-17,1,0,0.09630844742059708
6,xgb,2019-01-18,0,0,0.46779876947402954
6,xgb,2019-01-22,1,0,0.34704476594924927
6,xgb,2019-01-23,1,1,0.7525243163108826
6,xgb,2019-01-24,1,0,0.4443979263305664
6,xgb,2019-01-25,0,1,0.7606185078620911
6,xgb,2019-01-28,0,1,0.9291760921478271
6,xgb,2019-01-29,1,1,0.8646028637886047
6,xgb,2019-01-30,1,1,0.8631978034973145
6,xgb,2019-01-31,1,0,0.49477165937423706
6,xgb,2019-02-01,1,1,0.7023748755455017
6,xgb,2019-02-04,1,0,0.4798842966556549
6,xgb,2019-02-05,0,0,0.41998007893562317
6,xgb,2019-02-06,0,0,0.32820582389831543
6,xgb,2019-02-07,1,1,0.9399244785308838
6,xgb,2019-02-08,1,1,0.5345414280891418
6,xgb,2019-02-11,1,0,0.3720390796661377
6,xgb,2019-02-12,1,0,0.2664285898208618
6,xgb,2019-02-13,0,0,0.23421438038349152
6,xgb,2019-02-14,1,0,0.304842472076416
6,xgb,2019-02-15,1,0,0.16471247375011444
6,xgb,2019-02-19,1,0,0.14142459630966187
6,xgb,2019-02-20,0,0,0.36223304271698
6,xgb,2019-02-21,1,0,0.10551877319812775
6,xgb,2019-02-22,1,0,0.18243500590324402
6,xgb,2019-02-25,0,0,0.47571390867233276
6,xgb,2019-02-26,0,0,0.08376374840736389
6,xgb,2019-02-27,0,0,0.21049952507019043
6,xgb,2019-02-28,1,0,0.3860354423522949
6,xgb,2019-03-01,0,0,0.37705758213996887
6,xgb,2019-03-04,0,1,0.6420539617538452
6,xgb,2019-03-05,0,0,0.484154611825943
6,xgb,2019-03-06,0,1,0.5531673431396484
6,xgb,2019-03-07,0,0,0.4573485255241394
6,xgb,2019-03-08,1,1,0.5160971283912659
6,xgb,2019-03-11,1,1,0.6334308385848999
6,xgb,2019-03-12,1,1,0.6749728322029114
6,xgb,2019-03-13,0,0,0.22053749859333038
6,xgb,2019-03-14,1,0,0.16083656251430511
6,xgb,2019-03-15,1,0,0.06447558104991913
6,xgb,2019-03-18,1,1,0.6480395793914795
6,xgb,2019-03-19,0,0,0.02961462363600731
6,xgb,2019-03-20,1,1,0.5997136831283569
6,xgb,2019-03-21,0,1,0.7359829545021057
6,xgb,2019-03-22,0,0,0.32978370785713196
6,xgb,2019-03-25,1,0,0.40162861347198486
6,xgb,2019-03-26,0,0,0.20787665247917175
6,xgb,2019-03-27,1,1,0.528077244758606
6,xgb,2019-03-28,1,0,0.3823537826538086
6,xgb,2019-03-29,1,0,0.47517701983451843
6,xgb,2019-04-01,1,1,0.9121571183204651
6,xgb,2019-04-02,1,0,0.4352948069572449
6,xgb,2019-04-03,1,0,0.16440042853355408
6,xgb,2019-04-04,1,0,0.05064437910914421
6,xgb,2019-04-05,1,0,0.13863177597522736
6,xgb,2019-04-08,0,1,0.7031278610229492
6,xgb,2019-04-09,1,0,0.053477633744478226
6,xgb,2019-04-10,0,0,0.08496589213609695
6,xgb,2019-04-11,1,0,0.12444835901260376
6,xgb,2019-04-12,0,1,0.7449949979782104
6,xgb,2019-04-15,1,1,0.690504789352417
6,xgb,2019-04-16,0,0,0.16253603994846344
6,xgb,2019-04-17,1,0,0.1633947640657425
6,xgb,2019-04-18,1,0,0.19491174817085266
6,xgb,2019-04-22,1,1,0.7183940410614014
6,xgb,2019-04-23,0,0,0.2387002408504486
6,xgb,2019-04-24,0,1,0.552551805973053
6,xgb,2019-04-25,1,1,0.7223069071769714
6,xgb,2019-04-26,1,0,0.4287779629230499
6,xgb,2019-04-29,1,0,0.4961608946323395
6,xgb,2019-04-30,0,0,0.4666404128074646
6,xgb,2019-05-01,0,1,0.7790135741233826
6,xgb,2019-05-02,1,1,0.5371690392494202
6,xgb,2019-05-03,0,0,0.4762738347053528
6,xgb,2019-05-06,0,1,0.8658543229103088
6,xgb,2019-05-07,0,0,0.4993866980075836
6,xgb,2019-05-08,0,0,0.41068872809410095
6,xgb,2019-05-09,1,1,0.5134978294372559
6,xgb,2019-05-10,0,0,0.26036307215690613
6,xgb,2019-05-13,1,1,0.6530972123146057
6,xgb,2019-05-14,1,0,0.3228681683540344
6,xgb,2019-05-15,1,0,0.24021197855472565
6,xgb,2019-05-16,0,1,0.8369221687316895
6,xgb,2019-05-17,0,0,0.34544315934181213
6,xgb,2019-05-20,1,0,0.47181597352027893
6,xgb,2019-05-21,0,0,0.23716509342193604
6,xgb,2019-05-22,0,0,0.4194543957710266
6,xgb,2019-05-23,1,1,0.8165697455406189
6,xgb,2019-05-24,0,1,0.5780655145645142
6,xgb,2019-05-28,0,1,0.6278757452964783
6,xgb,2019-05-29,1,1,0.5796735286712646
6,xgb,2019-05-30,0,1,0.5424461364746094
6,xgb,2019-05-31,0,1,0.681343138217926
6,xgb,2019-06-03,1,0,0.4903354048728943
6,xgb,2019-06-04,1,1,0.82176673412323
6,xgb,2019-06-05,1,1,0.6793826818466187
6,xgb,2019-06-06,1,0,0.26546525955200195
6,xgb,2019-06-07,1,0,0.4824993312358856
6,xgb,2019-06-10,0,1,0.757067859172821
6,xgb,2019-06-11,0,1,0.6810940504074097
6,xgb,2019-06-12,1,1,0.5382301211357117
6,xgb,2019-06-13,0,1,0.7637158632278442
6,xgb,2019-06-14,1,0,0.30763256549835205
6,xgb,2019-06-17,1,1,0.5081910490989685
6,xgb,2019-06-18,1,1,0.6638941168785095
7,majority,2019-06-27,1,1,0.5401322001888574
7,majority,2019-06-28,1,1,0.5401322001888574
7,majority,2019-07-01,1,1,0.5401322001888574
7,majority,2019-07-02,1,1,0.5401322001888574
7,majority,2019-07-03,0,1,0.5401322001888574
7,majority,2019-07-05,0,1,0.5401322001888574
7,majority,2019-07-08,1,1,0.5401322001888574
7,majority,2019-07-09,1,1,0.5401322001888574
7,majority,2019-07-10,1,1,0.5401322001888574
7,majority,2019-07-11,1,1,0.5401322001888574
7,majority,2019-07-12,1,1,0.5401322001888574
7,majority,2019-07-15,0,1,0.5401322001888574
7,majority,2019-07-16,0,1,0.5401322001888574
7,majority,2019-07-17,1,1,0.5401322001888574
7,majority,2019-07-18,0,1,0.5401322001888574
7,majority,2019-07-19,1,1,0.5401322001888574
7,majority,2019-07-22,1,1,0.5401322001888574
7,majority,2019-07-23,1,1,0.5401322001888574
7,majority,2019-07-24,0,1,0.5401322001888574
7,majority,2019-07-25,1,1,0.5401322001888574
7,majority,2019-07-26,0,1,0.5401322001888574
7,majority,2019-07-29,0,1,0.5401322001888574
7,majority,2019-07-30,0,1,0.5401322001888574
7,majority,2019-07-31,0,1,0.5401322001888574
7,majority,2019-08-01,0,1,0.5401322001888574
7,majority,2019-08-02,0,1,0.5401322001888574
7,majority,2019-08-05,1,1,0.5401322001888574
7,majority,2019-08-06,1,1,0.5401322001888574
7,majority,2019-08-07,1,1,0.5401322001888574
7,majority,2019-08-08,0,1,0.5401322001888574
7,majority,2019-08-09,0,1,0.5401322001888574
7,majority,2019-08-12,1,1,0.5401322001888574
7,majority,2019-08-13,0,1,0.5401322001888574
7,majority,2019-08-14,1,1,0.5401322001888574
7,majority,2019-08-15,1,1,0.5401322001888574
7,majority,2019-08-16,1,1,0.5401322001888574
7,majority,2019-08-19,0,1,0.5401322001888574
7,majority,2019-08-20,1,1,0.5401322001888574
7,majority,2019-08-21,0,1,0.5401322001888574
7,majority,2019-08-22,0,1,0.5401322001888574
7,majority,2019-08-23,1,1,0.5401322001888574
7,majority,2019-08-26,0,1,0.5401322001888574
7,majority,2019-08-27,1,1,0.5401322001888574
7,majority,2019-08-28,1,1,0.5401322001888574
7,majority,2019-08-29,0,1,0.5401322001888574
7,majority,2019-08-30,0,1,0.5401322001888574
7,majority,2019-09-03,1,1,0.5401322001888574
7,majority,2019-09-04,1,1,0.5401322001888574
7,majority,2019-09-05,1,1,0.5401322001888574
7,majority,2019-09-06,1,1,0.5401322001888574
7,majority,2019-09-09,0,1,0.5401322001888574
7,majority,2019-09-10,1,1,0.5401322001888574
7,majority,2019-09-11,1,1,0.5401322001888574
7,majority,2019-09-12,0,1,0.5401322001888574
7,majority,2019-09-13,0,1,0.5401322001888574
7,majority,2019-09-16,1,1,0.5401322001888574
7,majority,2019-09-17,1,1,0.5401322001888574
7,majority,2019-09-18,0,1,0.5401322001888574
7,majority,2019-09-19,0,1,0.5401322001888574
7,majority,2019-09-20,0,1,0.5401322001888574
7,majority,2019-09-23,0,1,0.5401322001888574
7,majority,2019-09-24,1,1,0.5401322001888574
7,majority,2019-09-25,0,1,0.5401322001888574
7,majority,2019-09-26,0,1,0.5401322001888574
7,majority,2019-09-27,1,1,0.5401322001888574
7,majority,2019-09-30,0,1,0.5401322001888574
7,majority,2019-10-01,0,1,0.5401322001888574
7,majority,2019-10-02,1,1,0.5401322001888574
7,majority,2019-10-03,1,1,0.5401322001888574
7,majority,2019-10-04,0,1,0.5401322001888574
7,majority,2019-10-07,0,1,0.5401322001888574
7,majority,2019-10-08,1,1,0.5401322001888574
7,majority,2019-10-09,1,1,0.5401322001888574
7,majority,2019-10-10,1,1,0.5401322001888574
7,majority,2019-10-11,0,1,0.5401322001888574
7,majority,2019-10-14,1,1,0.5401322001888574
7,majority,2019-10-15,0,1,0.5401322001888574
7,majority,2019-10-16,1,1,0.5401322001888574
7,majority,2019-10-17,0,1,0.5401322001888574
7,majority,2019-10-18,1,1,0.5401322001888574
7,majority,2019-10-21,0,1,0.5401322001888574
7,majority,2019-10-22,1,1,0.5401322001888574
7,majority,2019-10-23,1,1,0.5401322001888574
7,majority,2019-10-24,1,1,0.5401322001888574
7,majority,2019-10-25,1,1,0.5401322001888574
7,majority,2019-10-28,0,1,0.5401322001888574
7,majority,2019-10-29,1,1,0.5401322001888574
7,majority,2019-10-30,0,1,0.5401322001888574
7,majority,2019-10-31,1,1,0.5401322001888574
7,majority,2019-11-01,1,1,0.5401322001888574
7,majority,2019-11-04,0,1,0.5401322001888574
7,majority,2019-11-05,1,1,0.5401322001888574
7,majority,2019-11-06,1,1,0.5401322001888574
7,majority,2019-11-07,1,1,0.5401322001888574
7,majority,2019-11-08,0,1,0.5401322001888574
7,majority,2019-11-11,1,1,0.5401322001888574
7,majority,2019-11-12,1,1,0.5401322001888574
7,majority,2019-11-13,1,1,0.5401322001888574
7,majority,2019-11-14,1,1,0.5401322001888574
7,majority,2019-11-15,1,1,0.5401322001888574
7,majority,2019-11-18,0,1,0.5401322001888574
7,majority,2019-11-19,0,1,0.5401322001888574
7,majority,2019-11-20,0,1,0.5401322001888574
7,majority,2019-11-21,1,1,0.5401322001888574
7,majority,2019-11-22,1,1,0.5401322001888574
7,majority,2019-11-25,1,1,0.5401322001888574
7,majority,2019-11-26,1,1,0.5401322001888574
7,majority,2019-11-27,0,1,0.5401322001888574
7,majority,2019-11-29,0,1,0.5401322001888574
7,majority,2019-12-02,0,1,0.5401322001888574
7,majority,2019-12-03,1,1,0.5401322001888574
7,majority,2019-12-04,1,1,0.5401322001888574
7,majority,2019-12-05,1,1,0.5401322001888574
7,majority,2019-12-06,0,1,0.5401322001888574
7,majority,2019-12-09,0,1,0.5401322001888574
7,majority,2019-12-10,1,1,0.5401322001888574
7,majority,2019-12-11,1,1,0.5401322001888574
7,majority,2019-12-12,1,1,0.5401322001888574
7,majority,2019-12-13,1,1,0.5401322001888574
7,majority,2019-12-16,1,1,0.5401322001888574
7,majority,2019-12-17,1,1,0.5401322001888574
7,majority,2019-12-18,1,1,0.5401322001888574
7,majority,2019-12-19,1,1,0.5401322001888574
7,majority,2019-12-20,1,1,0.5401322001888574
7,majority,2019-12-23,1,1,0.5401322001888574
7,majority,2019-12-24,1,1,0.5401322001888574
7,naive,2019-06-27,1,1,0.5
7,naive,2019-06-28,1,1,0.5
7,naive,2019-07-01,1,1,0.5
7,naive,2019-07-02,1,1,0.5
7,naive,2019-07-03,0,1,0.5
7,naive,2019-07-05,0,0,0.5
7,naive,2019-07-08,1,0,0.5
7,naive,2019-07-09,1,1,0.5
7,naive,2019-07-10,1,1,0.5
7,naive,2019-07-11,1,1,0.5
7,naive,2019-07-12,1,1,0.5
7,naive,2019-07-15,0,1,0.5
7,naive,2019-07-16,0,0,0.5
7,naive,2019-07-17,1,0,0.5
7,naive,2019-07-18,0,1,0.5
7,naive,2019-07-19,1,0,0.5
7,naive,2019-07-22,1,1,0.5
7,naive,2019-07-23,1,1,0.5
7,naive,2019-07-24,0,1,0.5
7,naive,2019-07-25,1,0,0.5
7,naive,2019-07-26,0,1,0.5
7,naive,2019-07-29,0,0,0.5
7,naive,2019-07-30,0,0,0.5
7,naive,2019-07-31,0,0,0.5
7,naive,2019-08-01,0,0,0.5
7,naive,2019-08-02,0,0,0.5
7,naive,2019-08-05,1,0,0.5
7,naive,2019-08-06,1,1,0.5
7,naive,2019-08-07,1,1,0.5
7,naive,2019-08-08,0,1,0.5
7,naive,2019-08-09,0,0,0.5
7,naive,2019-08-12,1,0,0.5
7,naive,2019-08-13,0,1,0.5
7,naive,2019-08-14,1,0,0.5
7,naive,2019-08-15,1,1,0.5
7,naive,2019-08-16,1,1,0.5
7,naive,2019-08-19,0,1,0.5
7,naive,2019-08-20,1,0,0.5
7,naive,2019-08-21,0,1,0.5
7,naive,2019-08-22,0,0,0.5
7,naive,2019-08-23,1,0,0.5
7,naive,2019-08-26,0,1,0.5
7,naive,2019-08-27,1,0,0.5
7,naive,2019-08-28,1,1,0.5
7,naive,2019-08-29,0,1,0.5
7,naive,2019-08-30,0,0,0.5
7,naive,2019-09-03,1,0,0.5
7,naive,2019-09-04,1,1,0.5
7,naive,2019-09-05,1,1,0.5
7,naive,2019-09-06,1,1,0.5
7,naive,2019-09-09,0,1,0.5
7,naive,2019-09-10,1,0,0.5
7,naive,2019-09-11,1,1,0.5
7,naive,2019-09-12,0,1,0.5
7,naive,2019-09-13,0,0,0.5
7,naive,2019-09-16,1,0,0.5
7,naive,2019-09-17,1,1,0.5
7,naive,2019-09-18,0,1,0.5
7,naive,2019-09-19,0,0,0.5
7,naive,2019-09-20,0,0,0.5
7,naive,2019-09-23,0,0,0.5
7,naive,2019-09-24,1,0,0.5
7,naive,2019-09-25,0,1,0.5
7,naive,2019-09-26,0,0,0.5
7,naive,2019-09-27,1,0,0.5
7,naive,2019-09-30,0,1,0.5
7,naive,2019-10-01,0,0,0.5
7,naive,2019-10-02,1,0,0.5
7,naive,2019-10-03,1,1,0.5
7,naive,2019-10-04,0,1,0.5
7,naive,2019-10-07,0,0,0.5
7,naive,2019-10-08,1,0,0.5
7,naive,2019-10-09,1,1,0.5
7,naive,2019-10-10,1,1,0.5
7,naive,2019-10-11,0,1,0.5
7,naive,2019-10-14,1,0,0.5
7,naive,2019-10-15,0,1,0.5
7,naive,2019-10-16,1,0,0.5
7,naive,2019-10-17,0,1,0.5
7,naive,2019-10-18,1,0,0.5
7,naive,2019-10-21,0,1,0.5
7,naive,2019-10-22,1,0,0.5
7,naive,2019-10-23,1,1,0.5
7,naive,2019-10-24,1,1,0.5
7,naive,2019-10-25,1,1,0.5
7,naive,2019-10-28,0,1,0.5
7,naive,2019-10-29,1,0,0.5
7,naive,2019-10-30,0,1,0.5
7,naive,2019-10-31,1,0,0.5
7,naive,2019-11-01,1,1,0.5
7,naive,2019-11-04,0,1,0.5
7,naive,2019-11-05,1,0,0.5
7,naive,2019-11-06,1,1,0.5
7,naive,2019-11-07,1,1,0.5
7,naive,2019-11-08,0,1,0.5
7,naive,2019-11-11,1,0,0.5
7,naive,2019-11-12,1,1,0.5
7,naive,2019-11-13,1,1,0.5
7,naive,2019-11-14,1,1,0.5
7,naive,2019-11-15,1,1,0.5
7,naive,2019-11-18,0,1,0.5
7,naive,2019-11-19,0,0,0.5
7,naive,2019-11-20,0,0,0.5
7,naive,2019-11-21,1,0,0.5
7,naive,2019-11-22,1,1,0.5
7,naive,2019-11-25,1,1,0.5
7,naive,2019-11-26,1,1,0.5
7,naive,2019-11-27,0,1,0.5
7,naive,2019-11-29,0,0,0.5
7,naive,2019-12-02,0,0,0.5
7,naive,2019-12-03,1,0,0.5
7,naive,2019-12-04,1,1,0.5
7,naive,2019-12-05,1,1,0.5
7,naive,2019-12-06,0,1,0.5
7,naive,2019-12-09,0,0,0.5
7,naive,2019-12-10,1,0,0.5
7,naive,2019-12-11,1,1,0.5
7,naive,2019-12-12,1,1,0.5
7,naive,2019-12-13,1,1,0.5
7,naive,2019-12-16,1,1,0.5
7,naive,2019-12-17,1,1,0.5
7,naive,2019-12-18,1,1,0.5
7,naive,2019-12-19,1,1,0.5
7,naive,2019-12-20,1,1,0.5
7,naive,2019-12-23,1,1,0.5
7,naive,2019-12-24,1,1,0.5
7,logistic,2019-06-27,1,1,0.5026721323962614
7,logistic,2019-06-28,1,0,0.4792826925344124
7,logistic,2019-07-01,1,0,0.4528996820213132
7,logistic,2019-07-02,1,0,0.4621773864081707
7,logistic,2019-07-03,0,0,0.46335167146656653
7,logistic,2019-07-05,0,0,0.49131214910376386
7,logistic,2019-07-08,1,1,0.5019338255900891
7,logistic,2019-07-09,1,0,0.48149270584640796
7,logistic,2019-07-10,1,0,0.4630993397841632
7,logistic,2019-07-11,1,0,0.4606733802316129
7,logistic,2019-07-12,1,0,0.4538175509176488
7,logistic,2019-07-15,0,0,0.4622924758373188
7,logistic,2019-07-16,0,0,0.4842798369408982
7,logistic,2019-07-17,1,1,0.5011106551898415
7,logistic,2019-07-18,0,0,0.46950997467478994
7,logistic,2019-07-19,1,1,0.5183589663772681
7,logistic,2019-07-22,1,0,0.4891415718517471
7,logistic,2019-07-23,1,0,0.4713458312231256
7,logistic,2019-07-24,0,0,0.4643987748859536
7,logistic,2019-07-25,1,1,0.5055980754724376
7,logistic,2019-07-26,0,0,0.45729844853922963
7,logistic,2019-07-29,0,0,0.4866631137938354
7,logistic,2019-07-30,0,0,0.49418584927844295
7,logistic,2019-07-31,0,1,0.5346494372309378
7,logistic,2019-08-01,0,1,0.5592200532938658
7,logistic,2019-08-02,0,1,0.5681719870869936
7,logistic,2019-08-05,1,1,0.6146551565908418
7,logistic,2019-08-06,1,1,0.5169419774285876
7,logistic,2019-08-07,1,1,0.5348146938952485
7,logistic,2019-08-08,0,1,0.500547225782771
7,logistic,2019-08-09,0,1,0.5793667286993271
7,logistic,2019-08-12,1,1,0.5985929654091546
7,logistic,2019-08-13,0,1,0.5534479410964119
7,logistic,2019-08-14,1,1,0.643256569642593
7,logistic,2019-08-15,1,1,0.5753585286895389
7,logistic,2019-08-16,1,1,0.5398228700730251
7,logistic,2019-08-19,0,1,0.5182750527608653
7,logistic,2019-08-20,1,1,0.5697960661150265
7,logistic,2019-08-21,0,0,0.49328458111998486
7,logistic,2019-08-22,0,1,0.5330707415269992
7,logistic,2019-08-23,1,1,0.5921747510757279
7,logistic,2019-08-26,0,0,0.4904059142385305
7,logistic,2019-08-27,1,1,0.5180659307144614
7,logistic,2019-08-28,1,0,0.4689943026671012
7,logistic,2019-08-29,0,0,0.4379991501150009
7,logistic,2019-08-30,0,0,0.463420010711669
7,logistic,2019-09-03,1,1,0.5120491903081015
7,logistic,2019-09-04,1,0,0.4431627457371553
7,logistic,2019-09-05,1,0,0.4314929345456583
7,logistic,2019-09-06,1,0,0.44428814972745695
7,logistic,2019-09-09,0,0,0.44578959537743523
7,logistic,2019-09-10,1,0,0.47277242064083563
7,logistic,2019-09-11,1,0,0.4460028805412177
7,logistic,2019-09-12,0,0,0.4565113155861387
7,logistic,2019-09-13,0,0,0.46958370382968145
7,logistic,2019-09-16,1,0,0.483512285947506
7,logistic,2019-09-17,1,0,0.4615901393283621
7,logistic,2019-09-18,0,0,0.4642212739539414
7,logistic,2019-09-19,0,0,0.49303306220171933
7,logistic,2019-09-20,0,1,0.5079703465266763
7,logistic,2019-09-23,0,1,0.5142554010641542
7,logistic,2019-09-24,1,1,0.5538921364408048
7,logistic,2019-09-25,0,1,0.5022580843345051
7,logistic,2019-09-26,0,1,0.5352529981512705
7,logistic,2019-09-27,1,1,0.5544570198877987
7,logistic,2019-09-30,0,1,0.5151943055232417
7,logistic,2019-10-01,0,1,0.5723414546850722
7,logistic,2019-10-02,1,1,0.5999905308397048
7,logistic,2019-10-03,1,1,0.5340969539511948
7,logistic,2019-10-04,0,1,0.505625653078241
7,logistic,2019-10-07,0,1,0.5483868243267749
7,logistic,2019-10-08,1,1,0.589242473595922
7,logistic,2019-10-09,1,1,0.5398076282556279
7,logistic,2019-10-10,1,1,0.5361523984699297
7,logistic,2019-10-11,0,0,0.48919921416802037
7,logistic,2019-10-14,1,1,0.5104508191973733
7,logistic,2019-10-15,0,0,0.4717961358448514
7,logistic,2019-10-16,1,1,0.5079606107384881
7,logistic,2019-10-17,0,0,0.4687423917653055
7,logistic,2019-10-18,1,0,0.4986770149735706
7,logistic,2019-10-21,0,0,0.44709679222460086
7,logistic,2019-10-22,1,0,0.4781492923443109
7,logistic,2019-10-23,1,0,0.44841695762492595
7,logistic,2019-10-24,1,0,0.4566396195537104
7,logistic,2019-10-25,1,0,0.44919651685504036
7,logistic,2019-10-28,0,0,0.4505911442047264
7,logistic,2019-10-29,1,0,0.47697300933602144
7,logistic,2019-10-30,0,0,0.46732654399949836
7,logistic,2019-10-31,1,0,0.49941487462574735
7,logistic,2019-11-01,1,0,0.4554656896946349
7,logistic,2019-11-04,0,0,0.4658630126898699
7,logistic,2019-11-05,1,0,0.49125460910508656
7,logistic,2019-11-06,1,0,0.47728559308846596
7,logistic,2019-11-07,1,0,0.47016968134382686
7,logistic,2019-11-08,0,0,0.4758331748483486
7,logistic,2019-11-11,1,0,0.49137206409837697
7,logistic,2019-11-12,1,0,0.4744605317044898
7,logistic,2019-11-13,1,0,0.47817028970767356
7,logistic,2019-11-14,1,0,0.47728729163690575
7,logistic,2019-11-15,1,0,0.46660548480815595
7,logistic,2019-11-18,0,0,0.47505149592402185
7,logistic,2019-11-19,0,1,0.5042372125578559
7,logistic,2019-11-20,0,1,0.5165025288958536
7,logistic,2019-11-21,1,1,0.5167171834373606
7,logistic,2019-11-22,1,0,0.48838338574887985
7,logistic,2019-11-25,1,0,0.45948776938331437
7,logistic,2019-11-26,1,0,0.4654781054953714
7,logistic,2019-11-27,0,0,0.46126866183704646
7,logistic,2019-11-29,0,0,0.49386877255725936
7,logistic,2019-12-02,0,1,0.5240292967016739
7,logistic,2019-12-03,1,1,0.540061280745708
7,logistic,2019-12-04,1,0,0.4867320735099264
7,logistic,2019-12-05,1,0,0.48373986111663336
7,logistic,2019-12-06,0,0,0.4502926464214384
7,logistic,2019-12-09,0,0,0.4867498346005222
7,logistic,2019-12-10,1,0,0.49544715752430724
7,logistic,2019-12-11,1,0,0.4724282462192874
7,logistic,2019-12-12,1,0,0.4446522355188425
7,logistic,2019-12-13,1,0,0.45414084904503244
7,logistic,2019-12-16,1,0,0.44204714514060606
7,logistic,2019-12-17,1,0,0.4580485431141276
7,logistic,2019-12-18,1,0,0.4624073942702771
7,logistic,2019-12-19,1,0,0.4502957019031362
7,logistic,2019-12-20,1,0,0.4333458330784095
7,logistic,2019-12-23,1,0,0.4515066086185294
7,logistic,2019-12-24,1,0,0.46079369018611976
7,rf,2019-06-27,1,0,0.482679079388179
7,rf,2019-06-28,1,0,0.4793829998106988
7,rf,2019-07-01,1,0,0.4172162856158892
7,rf,2019-07-02,1,0,0.4267896453401949
7,rf,2019-07-03,0,0,0.4186255911073317
7,rf,2019-07-05,0,0,0.4362453755666863
7,rf,2019-07-08,1,0,0.4246107770857566
7,rf,2019-07-09,1,0,0.4484899201074673
7,rf,2019-07-10,1,0,0.3834797774012356
7,rf,2019-07-11,1,0,0.42534610579846727
7,rf,2019-07-12,1,0,0.4165175915505639
7,rf,2019-07-15,0,0,0.43930122721960285
7,rf,2019-07-16,0,0,0.41373041715842823
7,rf,2019-07-17,1,0,0.4449833894712944
7,rf,2019-07-18,0,0,0.4079642238850726
7,rf,2019-07-19,1,0,0.45083381290888996
7,rf,2019-07-22,1,0,0.45245295115740825
7,rf,2019-07-23,1,0,0.4189476104763873
7,rf,2019-07-24,0,0,0.42782462509841473
7,rf,2019-07-25,1,0,0.4511270878294332
7,rf,2019-07-26,0,0,0.41999209962138373
7,rf,2019-07-29,0,0,0.4339501268469351
7,rf,2019-07-30,0,0,0.4406913212889543
7,rf,2019-07-31,0,1,0.5260814545160764
7,rf,2019-08-01,0,1,0.5730621065219347
7,rf,2019-08-02,0,1,0.5510249990894132
7,rf,2019-08-05,1,1,0.5799227669764128
7,rf,2019-08-06,1,1,0.5867570005299132
7,rf,2019-08-07,1,1,0.5488965041342151
7,rf,2019-08-08,0,0,0.49337970739670833
7,rf,2019-08-09,0,1,0.5765296261383321
7,rf,2019-08-12,1,1,0.6034791047596446
7,rf,2019-08-13,0,1,0.5222508005542426
7,rf,2019-08-14,1,1,0.601205675961247
7,rf,2019-08-15,1,1,0.5864353706909344
7,rf,2019-08-16,1,1,0.5645263237266902
7,rf,2019-08-19,0,1,0.5414350183037785
7,rf,2019-08-20,1,1,0.5544879878681639
7,rf,2019-08-21,0,0,0.4905466056161799
7,rf,2019-08-22,0,0,0.49888954067575375
7,rf,2019-08-23,1,1,0.5773887181506017
7,rf,2019-08-26,0,1,0.5421190250520944
7,rf,2019-08-27,1,0,0.49222137732776927
7,rf,2019-08-28,1,1,0.5097316829602514
7,rf,2019-08-29,0,0,0.46607130719771594
7,rf,2019-08-30,0,0,0.47805290288857744
7,rf,2019-09-03,1,1,0.5108461096640281
7,rf,2019-09-04,1,0,0.4699873440444235
7,rf,2019-09-05,1,0,0.488230003947236
7,rf,2019-09-06,1,1,0.5097212223831088
7,rf,2019-09-09,0,0,0.47132570948000224
7,rf,2019-09-10,1,0,0.48547258588651876
7,rf,2019-09-11,1,0,0.4584897849273836
7,rf,2019-09-12,0,0,0.4659448989592467
7,rf,2019-09-13,0,0,0.4076470154099138
7,rf,2019-09-16,1,0,0.4825971822624382
7,rf,2019-09-17,1,0,0.45154160688817596
7,rf,2019-09-18,0,0,0.4198527120018907
7,rf,2019-09-19,0,0,0.4501368019046245
7,rf,2019-09-20,0,1,0.5141439577646642
7,rf,2019-09-23,0,0,0.4780785265532859
7,rf,2019-09-24,1,1,0.5230891538414199
7,rf,2019-09-25,0,0,0.4714774855885588
7,rf,2019-09-26,0,1,0.505998428693301
7,rf,2019-09-27,1,1,0.5491939168072726
7,rf,2019-09-30,0,1,0.5104317490151601
7,rf,2019-10-01,0,1,0.5929971902491594
7,rf,2019-10-02,1,1,0.5820960499120373
7,rf,2019-10-03,1,1,0.5788934958666706
7,rf,2019-10-04,0,0,0.4796402602509692
7,rf,2019-10-07,0,1,0.5296520809983318
7,rf,2019-10-08,1,1,0.6340069218157603
7,rf,2019-10-09,1,1,0.5934801583852536
7,rf,2019-10-10,1,1,0.5085741603215119
7,rf,2019-10-11,0,1,0.5034603300271738
7,rf,2019-10-14,1,0,0.47092048061981434
7,rf,2019-10-15,0,0,0.4975179031815222
7,rf,2019-10-16,1,0,0.4820649702935831
7,rf,2019-10-17,0,0,0.4728266106895791
7,rf,2019-10-18,1,0,0.487793402454793
7,rf,2019-10-21,0,0,0.46839282706009133
7,rf,2019-10-22,1,0,0.4859198749843058
7,rf,2019-10-23,1,0,0.4678038417519167
7,rf,2019-10-24,1,0,0.4784555716251785
7,rf,2019-10-25,1,0,0.47652413889606743
7,rf,2019-10-28,0,0,0.4933398986695411
7,rf,2019-10-29,1,0,0.4764632099339065
7,rf,2019-10-30,0,0,0.471898412375551
7,rf,2019-10-31,1,0,0.4835442695003645
7,rf,2019-11-01,1,0,0.46939676545398246
7,rf,2019-11-04,0,0,0.4421123684192439
7,rf,2019-11-05,1,0,0.47741589128372586
7,rf,2019-11-06,1,0,0.4974367649585571
7,rf,2019-11-07,1,0,0.42773178145482715
7,rf,2019-11-08,0,0,0.41850369249416947
7,rf,2019-11-11,1,0,0.4797905194416445
7,rf,2019-11-12,1,0,0.44655593662696336
7,rf,2019-11-13,1,0,0.42586168331294005
7,rf,2019-11-14,1,0,0.41210385836908925
7,rf,2019-11-15,1,0,0.43010402963407035
7,rf,2019-11-18,0,0,0.43984514345005665
7,rf,2019-11-19,0,0,0.4505132002427401
7,rf,2019-11-20,0,0,0.485799139143974
7,rf,2019-11-21,1,0,0.4837443754979825
7,rf,2019-11-22,1,0,0.4545688650153416
7,rf,2019-11-25,1,0,0.43772065392802956
7,rf,2019-11-26,1,0,0.45349120861337355
7,rf,2019-11-27,0,0,0.46440620832266793
7,rf,2019-11-29,0,0,0.47428755533501543
7,rf,2019-12-02,0,1,0.512691182221305
7,rf,2019-12-03,1,1,0.5161324698365742
7,rf,2019-12-04,1,0,0.4768495708011183
7,rf,2019-12-05,1,0,0.4938120999724788
7,rf,2019-12-06,0,0,0.4075110738895576
7,rf,2019-12-09,0,0,0.456398143764481
7,rf,2019-12-10,1,0,0.4439108073409313
7,rf,2019-12-11,1,0,0.41208587085893267
7,rf,2019-12-12,1,0,0.39686435895962857
7,rf,2019-12-13,1,0,0.4356807285449186
7,rf,2019-12-16,1,0,0.4051190988646993
7,rf,2019-12-17,1,0,0.43196592732478256
7,rf,2019-12-18,1,0,0.402395185663784
7,rf,2019-12-19,1,0,0.44501785785713077
7,rf,2019-12-20,1,0,0.41252412717210507
7,rf,2019-12-23,1,0,0.43122030647096765
7,rf,2019-12-24,1,0,0.422654505963611
7,xgb,2019-06-27,1,1,0.6238362193107605
7,xgb,2019-06-28,1,1,0.5626981258392334
7,xgb,2019-07-01,1,0,0.2310037463903427
7,xgb,2019-07-02,1,0,0.1674962192773819
7,xgb,2019-07-03,0,1,0.505855917930603
7,xgb,2019-07-05,0,1,0.8256248831748962
7,xgb,2019-07-08,1,1,0.6776248216629028
7,xgb,2019-07-09,1,1,0.5920151472091675
7,xgb,2019-07-10,1,0,0.08326864242553711
7,xgb,2019-07-11,1,1,0.7506120204925537
7,xgb,2019-07-12,1,0,0.18005232512950897
7,xgb,2019-07-15,0,1,0.6610471606254578
7,xgb,2019-07-16,0,0,0.28847643733024597
7,xgb,2019-07-17,1,0,0.42072758078575134
7,xgb,2019-07-18,0,0,0.2593402862548828
7,xgb,2019-07-19,1,0,0.26752781867980957
7,xgb,2019-07-22,1,0,0.411741703748703
7,xgb,2019-07-23,1,0,0.29905644059181213
7,xgb,2019-07-24,0,0,0.4612163305282593
7,xgb,2019-07-25,1,1,0.7046840786933899
7,xgb,2019-07-26,0,0,0.05245059356093407
7,xgb,2019-07-29,0,0,0.41541334986686707
7,xgb,2019-07-30,0,1,0.7027345895767212
7,xgb,2019-07-31,0,1,0.7141865491867065
7,xgb,2019-08-01,0,1,0.8957745432853699
7,xgb,2019-08-02,0,1,0.8669769763946533
7,xgb,2019-08-05,1,0,0.46287113428115845
7,xgb,2019-08-06,1,1,0.9631304144859314
7,xgb,2019-08-07,1,1,0.8250705003738403
7,xgb,2019-08-08,0,1,0.7479462623596191
7,xgb,2019-08-09,0,1,0.9281139969825745
7,xgb,2019-08-12,1,1,0.8766075372695923
7,xgb,2019-08-13,0,1,0.6361197233200073
7,xgb,2019-08-14,1,1,0.7380892634391785
7,xgb,2019-08-15,1,1,0.6494821906089783
7,xgb,2019-08-16,1,1,0.568779468536377
7,xgb,2019-08-19,0,1,0.9335886836051941
7,xgb,2019-08-20,1,1,0.5648688673973083
7,xgb,2019-08-21,0,1,0.5983819961547852
7,xgb,2019-08-22,0,0,0.374707967042923
7,xgb,2019-08-23,1,1,0.8282067775726318
7,xgb,2019-08-26,0,1,0.8671662211418152
7,xgb,2019-08-27,1,0,0.37855347990989685
7,xgb,2019-08-28,1,1,0.7153575420379639
7,xgb,2019-08-29,0,0,0.28823086619377136
7,xgb,2019-08-30,0,0,0.4749099612236023
7,xgb,2019-09-03,1,1,0.8176858425140381
7,xgb,2019-09-04,1,0,0.41094499826431274
7,xgb,2019-09-05,1,1,0.6039014458656311
7,xgb,2019-09-06,1,1,0.6038718223571777
7,xgb,2019-09-09,0,0,0.27456358075141907
7,xgb,2019-09-10,1,1,0.7209284901618958
7,xgb,2019-09-11,1,1,0.8942986130714417
7,xgb,2019-09-12,0,1,0.6287983059883118
7,xgb,2019-09-13,0,0,0.07843026518821716
7,xgb,2019-09-16,1,0,0.18537230789661407
7,xgb,2019-09-17,1,1,0.5692411661148071
7,xgb,2019-09-18,0,0,0.2323172241449356
7,xgb,2019-09-19,0,0,0.27908527851104736
7,xgb,2019-09-20,0,1,0.6149017810821533
7,xgb,2019-09-23,0,1,0.61793452501297
7,xgb,2019-09-24,1,1,0.8815175294876099
7,xgb,2019-09-25,0,0,0.24430616199970245
7,xgb,2019-09-26,0,1,0.8887806534767151
7,xgb,2019-09-27,1,1,0.8511279225349426
7,xgb,2019-09-30,0,1,0.9180346727371216
7,xgb,2019-10-01,0,1,0.8538341522216797
7,xgb,2019-10-02,1,1,0.7650964260101318
7,xgb,2019-10-03,1,1,0.8599567413330078
7,xgb,2019-10-04,0,0,0.3352190852165222
7,xgb,2019-10-07,0,0,0.2476109117269516
7,xgb,2019-10-08,1,1,0.8301080465316772
7,xgb,2019-10-09,1,1,0.7088924050331116
7,xgb,2019-10-10,1,1,0.5151063203811646
7,xgb,2019-10-11,0,1,0.8576212525367737
7,xgb,2019-10-14,1,0,0.29294484853744507
7,xgb,2019-10-15,0,1,0.6525527238845825
7,xgb,2019-10-16,1,0,0.12210992723703384
7,xgb,2019-10-17,0,0,0.23783721029758453
7,xgb,2019-10-18,1,0,0.13503780961036682
7,xgb,2019-10-21,0,0,0.3623013198375702
7,xgb,2019-10-22,1,0,0.48014283180236816
7,xgb,2019-10-23,1,0,0.44429516792297363
7,xgb,2019-10-24,1,0,0.07551144063472748
7,xgb,2019-10-25,1,0,0.4326401948928833
7,xgb,2019-10-28,0,1,0.6947656273841858
7,xgb,2019-10-29,1,1,0.571311354637146
7,xgb,2019-10-30,0,1,0.5672951340675354
7,xgb,2019-10-31,1,1,0.5443871021270752
7,xgb,2019-11-01,1,1,0.5007488131523132
7,xgb,2019-11-04,0,0,0.35940584540367126
7,xgb,2019-11-05,1,0,0.37420910596847534
7,xgb,2019-11-06,1,0,0.35093915462493896
7,xgb,2019-11-07,1,0,0.23781746625900269
7,xgb,2019-11-08,0,0,0.1844860017299652
7,xgb,2019-11-11,1,0,0.2664791941642761
7,xgb,2019-11-12,1,1,0.5273670554161072
7,xgb,2019-11-13,1,0,0.09496071189641953
7,xgb,2019-11-14,1,0,0.13336120545864105
7,xgb,2019-11-15,1,1,0.6053687334060669
7,xgb,2019-11-18,0,1,0.698145866394043
7,xgb,2019-11-19,0,1,0.7751333117485046
7,xgb,2019-11-20,0,1,0.5391992926597595
7,xgb,2019-11-21,1,0,0.47233450412750244
7,xgb,2019-11-22,1,1,0.7720667123794556
7,xgb,2019-11-25,1,0,0.47055065631866455
7,xgb,2019-11-26,1,1,0.5542997121810913
7,xgb,2019-11-27,0,0,0.44183802604675293
7,xgb,2019-11-29,0,1,0.6976923942565918
7,xgb,2019-12-02,0,1,0.7571358680725098
7,xgb,2019-12-03,1,1,0.9220637679100037
7,xgb,2019-12-04,1,1,0.7720325589179993
7,xgb,2019-12-05,1,1,0.8739154934883118
7,xgb,2019-12-06,0,0,0.10847090929746628
7,xgb,2019-12-09,0,1,0.5531615614891052
7,xgb,2019-12-10,1,0,0.4417329728603363
7,xgb,2019-12-11,1,0,0.10396029055118561
7,xgb,2019-12-12,1,0,0.05386684462428093
7,xgb,2019-12-13,1,0,0.3246855139732361
7,xgb,2019-12-16,1,0,0.17809456586837769
7,xgb,2019-12-17,1,1,0.5810972452163696
7,xgb,2019-12-18,1,0,0.21703775227069855
7,xgb,2019-12-19,1,0,0.4409879148006439
7,xgb,2019-12-20,1,0,0.24747784435749054
7,xgb,2019-12-23,1,0,0.42693907022476196
7,xgb,2019-12-24,1,0,0.16085492074489594
8,majority,2020-01-06,0,1,0.5382436260623229
8,majority,2020-01-07,1,1,0.5382436260623229
8,majority,2020-01-08,1,1,0.5382436260623229
8,majority,2020-01-09,0,1,0.5382436260623229
8,majority,2020-01-10,1,1,0.5382436260623229
8,majority,2020-01-13,0,1,0.5382436260623229
8,majority,2020-01-14,1,1,0.5382436260623229
8,majority,2020-01-15,1,1,0.5382436260623229
8,majority,2020-01-16,1,1,0.5382436260623229
8,majority,2020-01-17,0,1,0.5382436260623229
8,majority,2020-01-21,1,1,0.5382436260623229
8,majority,2020-01-22,1,1,0.5382436260623229
8,majority,2020-01-23,0,1,0.5382436260623229
8,majority,2020-01-24,0,1,0.5382436260623229
8,majority,2020-01-27,1,1,0.5382436260623229
8,majority,2020-01-28,0,1,0.5382436260623229
8,majority,2020-01-29,1,1,0.5382436260623229
8,majority,2020-01-30,0,1,0.5382436260623229
8,majority,2020-01-31,1,1,0.5382436260623229
8,majority,2020-02-03,1,1,0.5382436260623229
8,majority,2020-02-04,1,1,0.5382436260623229
8,majority,2020-02-05,1,1,0.5382436260623229
8,majority,2020-02-06,0,1,0.5382436260623229
8,majority,2020-02-07,1,1,0.5382436260623229
8,majority,2020-02-10,1,1,0.5382436260623229
8,majority,2020-02-11,1,1,0.5382436260623229
8,majority,2020-02-12,0,1,0.5382436260623229
8,majority,2020-02-13,1,1,0.5382436260623229
8,majority,2020-02-14,0,1,0.5382436260623229
8,majority,2020-02-18,1,1,0.5382436260623229
8,majority,2020-02-19,0,1,0.5382436260623229
8,majority,2020-02-20,0,1,0.5382436260623229
8,majority,2020-02-21,0,1,0.5382436260623229
8,majority,2020-02-24,0,1,0.5382436260623229
8,majority,2020-02-25,0,1,0.5382436260623229
8,majority,2020-02-26,0,1,0.5382436260623229
8,majority,2020-02-27,0,1,0.5382436260623229
8,majority,2020-02-28,1,1,0.5382436260623229
8,majority,2020-03-02,0,1,0.5382436260623229
8,majority,2020-03-03,1,1,0.5382436260623229
8,majority,2020-03-04,0,1,0.5382436260623229
8,majority,2020-03-05,0,1,0.5382436260623229
8,majority,2020-03-06,0,1,0.5382436260623229
8,majority,2020-03-09,1,1,0.5382436260623229
8,majority,2020-03-10,0,1,0.5382436260623229
8,majority,2020-03-11,0,1,0.5382436260623229
8,majority,2020-03-12,1,1,0.5382436260623229
8,majority,2020-03-13,0,1,0.5382436260623229
8,majority,2020-03-16,1,1,0.5382436260623229
8,majority,2020-03-17,0,1,0.5382436260623229
8,majority,2020-03-18,1,1,0.5382436260623229
8,majority,2020-03-19,0,1,0.5382436260623229
8,majority,2020-03-20,0,1,0.5382436260623229
8,majority,2020-03-23,1,1,0.5382436260623229
8,majority,2020-03-24,1,1,0.5382436260623229
8,majority,2020-03-25,1,1,0.5382436260623229
8,majority,2020-03-26,0,1,0.5382436260623229
8,majority,2020-03-27,1,1,0.5382436260623229
8,majority,2020-03-30,0,1,0.5382436260623229
8,majority,2020-03-31,0,1,0.5382436260623229
8,majority,2020-04-01,1,1,0.5382436260623229
8,majority,2020-04-02,0,1,0.5382436260623229
8,majority,2020-04-03,1,1,0.5382436260623229
8,majority,2020-04-06,1,1,0.5382436260623229
8,majority,2020-04-07,1,1,0.5382436260623229
8,majority,2020-04-08,1,1,0.5382436260623229
8,majority,2020-04-09,0,1,0.5382436260623229
8,majority,2020-04-13,1,1,0.5382436260623229
8,majority,2020-04-14,0,1,0.5382436260623229
8,majority,2020-04-15,1,1,0.5382436260623229
8,majority,2020-04-16,1,1,0.5382436260623229
8,majority,2020-04-17,0,1,0.5382436260623229
8,majority,2020-04-20,0,1,0.5382436260623229
8,majority,2020-04-21,1,1,0.5382436260623229
8,majority,2020-04-22,0,1,0.5382436260623229
8,majority,2020-04-23,1,1,0.5382436260623229
8,majority,2020-04-24,1,1,0.5382436260623229
8,majority,2020-04-27,0,1,0.5382436260623229
8,majority,2020-04-28,1,1,0.5382436260623229
8,majority,2020-04-29,0,1,0.5382436260623229
8,majority,2020-04-30,0,1,0.5382436260623229
8,majority,2020-05-01,1,1,0.5382436260623229
8,majority,2020-05-04,1,1,0.5382436260623229
8,majority,2020-05-05,0,1,0.5382436260623229
8,majority,2020-05-06,1,1,0.5382436260623229
8,majority,2020-05-07,1,1,0.5382436260623229
8,majority,2020-05-08,1,1,0.5382436260623229
8,majority,2020-05-11,0,1,0.5382436260623229
8,majority,2020-05-12,0,1,0.5382436260623229
8,majority,2020-05-13,1,1,0.5382436260623229
8,majority,2020-05-14,1,1,0.5382436260623229
8,majority,2020-05-15,1,1,0.5382436260623229
8,majority,2020-05-18,0,1,0.5382436260623229
8,majority,2020-05-19,1,1,0.5382436260623229
8,majority,2020-05-20,0,1,0.5382436260623229
8,majority,2020-05-21,1,1,0.5382436260623229
8,majority,2020-05-22,1,1,0.5382436260623229
8,majority,2020-05-26,1,1,0.5382436260623229
8,majority,2020-05-27,0,1,0.5382436260623229
8,majority,2020-05-28,1,1,0.5382436260623229
8,majority,2020-05-29,1,1,0.5382436260623229
8,majority,2020-06-01,1,1,0.5382436260623229
8,majority,2020-06-02,1,1,0.5382436260623229
8,majority,2020-06-03,0,1,0.5382436260623229
8,majority,2020-06-04,1,1,0.5382436260623229
8,majority,2020-06-05,1,1,0.5382436260623229
8,majority,2020-06-08,0,1,0.5382436260623229
8,majority,2020-06-09,0,1,0.5382436260623229
8,majority,2020-06-10,0,1,0.5382436260623229
8,majority,2020-06-11,1,1,0.5382436260623229
8,majority,2020-06-12,1,1,0.5382436260623229
8,majority,2020-06-15,1,1,0.5382436260623229
8,majority,2020-06-16,0,1,0.5382436260623229
8,majority,2020-06-17,1,1,0.5382436260623229
8,majority,2020-06-18,0,1,0.5382436260623229
8,majority,2020-06-19,1,1,0.5382436260623229
8,majority,2020-06-22,1,1,0.5382436260623229
8,majority,2020-06-23,0,1,0.5382436260623229
8,majority,2020-06-24,1,1,0.5382436260623229
8,majority,2020-06-25,0,1,0.5382436260623229
8,majority,2020-06-26,1,1,0.5382436260623229
8,majority,2020-06-29,1,1,0.5382436260623229
8,majority,2020-06-30,1,1,0.5382436260623229
8,majority,2020-07-01,1,1,0.5382436260623229
8,majority,2020-07-02,1,1,0.5382436260623229
8,majority,2020-07-06,0,1,0.5382436260623229
8,naive,2020-01-06,0,1,0.5
8,naive,2020-01-07,1,0,0.5
8,naive,2020-01-08,1,1,0.5
8,naive,2020-01-09,0,1,0.5
8,naive,2020-01-10,1,0,0.5
8,naive,2020-01-13,0,1,0.5
8,naive,2020-01-14,1,0,0.5
8,naive,2020-01-15,1,1,0.5
8,naive,2020-01-16,1,1,0.5
8,naive,2020-01-17,0,1,0.5
8,naive,2020-01-21,1,0,0.5
8,naive,2020-01-22,1,1,0.5
8,naive,2020-01-23,0,1,0.5
8,naive,2020-01-24,0,0,0.5
8,naive,2020-01-27,1,0,0.5
8,naive,2020-01-28,0,1,0.5
8,naive,2020-01-29,1,0,0.5
8,naive,2020-01-30,0,1,0.5
8,naive,2020-01-31,1,0,0.5
8,naive,2020-02-03,1,1,0.5
8,naive,2020-02-04,1,1,0.5
8,naive,2020-02-05,1,1,0.5
8,naive,2020-02-06,0,1,0.5
8,naive,2020-02-07,1,0,0.5
8,naive,2020-02-10,1,1,0.5
8,naive,2020-02-11,1,1,0.5
8,naive,2020-02-12,0,1,0.5
8,naive,2020-02-13,1,0,0.5
8,naive,2020-02-14,0,1,0.5
8,naive,2020-02-18,1,0,0.5
8,naive,2020-02-19,0,1,0.5
8,naive,2020-02-20,0,0,0.5
8,naive,2020-02-21,0,0,0.5
8,naive,2020-02-24,0,0,0.5
8,naive,2020-02-25,0,0,0.5
8,naive,2020-02-26,0,0,0.5
8,naive,2020-02-27,0,0,0.5
8,naive,2020-02-28,1,0,0.5
8,naive,2020-03-02,0,1,0.5
8,naive,2020-03-03,1,0,0.5
8,naive,2020-03-04,0,1,0.5
8,naive,2020-03-05,0,0,0.5
8,naive,2020-03-06,0,0,0.5
8,naive,2020-03-09,1,0,0.5
8,naive,2020-03-10,0,1,0.5
8,naive,2020-03-11,0,0,0.5
8,naive,2020-03-12,1,0,0.5
8,naive,2020-03-13,0,1,0.5
8,naive,2020-03-16,1,0,0.5
8,naive,2020-03-17,0,1,0.5
8,naive,2020-03-18,1,0,0.5
8,naive,2020-03-19,0,1,0.5
8,naive,2020-03-20,0,0,0.5
8,naive,2020-03-23,1,0,0.5
8,naive,2020-03-24,1,1,0.5
8,naive,2020-03-25,1,1,0.5
8,naive,2020-03-26,0,1,0.5
8,naive,2020-03-27,1,0,0.5
8,naive,2020-03-30,0,1,0.5
8,naive,2020-03-31,0,0,0.5
8,naive,2020-04-01,1,0,0.5
8,naive,2020-04-02,0,1,0.5
8,naive,2020-04-03,1,0,0.5
8,naive,2020-04-06,1,1,0.5
8,naive,2020-04-07,1,1,0.5
8,naive,2020-04-08,1,1,0.5
8,naive,2020-04-09,0,1,0.5
8,naive,2020-04-13,1,0,0.5
8,naive,2020-04-14,0,1,0.5
8,naive,2020-04-15,1,0,0.5
8,naive,2020-04-16,1,1,0.5
8,naive,2020-04-17,0,1,0.5
8,naive,2020-04-20,0,0,0.5
8,naive,2020-04-21,1,0,0.5
8,naive,2020-04-22,0,1,0.5
8,naive,2020-04-23,1,0,0.5
8,naive,2020-04-24,1,1,0.5
8,naive,2020-04-27,0,1,0.5
8,naive,2020-04-28,1,0,0.5
8,naive,2020-04-29,0,1,0.5
8,naive,2020-04-30,0,0,0.5
8,naive,2020-05-01,1,0,0.5
8,naive,2020-05-04,1,1,0.5
8,naive,2020-05-05,0,1,0.5
8,naive,2020-05-06,1,0,0.5
8,naive,2020-05-07,1,1,0.5
8,naive,2020-05-08,1,1,0.5
8,naive,2020-05-11,0,1,0.5
8,naive,2020-05-12,0,0,0.5
8,naive,2020-05-13,1,0,0.5
8,naive,2020-05-14,1,1,0.5
8,naive,2020-05-15,1,1,0.5
8,naive,2020-05-18,0,1,0.5
8,naive,2020-05-19,1,0,0.5
8,naive,2020-05-20,0,1,0.5
8,naive,2020-05-21,1,0,0.5
8,naive,2020-05-22,1,1,0.5
8,naive,2020-05-26,1,1,0.5
8,naive,2020-05-27,0,1,0.5
8,naive,2020-05-28,1,0,0.5
8,naive,2020-05-29,1,1,0.5
8,naive,2020-06-01,1,1,0.5
8,naive,2020-06-02,1,1,0.5
8,naive,2020-06-03,0,1,0.5
8,naive,2020-06-04,1,0,0.5
8,naive,2020-06-05,1,1,0.5
8,naive,2020-06-08,0,1,0.5
8,naive,2020-06-09,0,0,0.5
8,naive,2020-06-10,0,0,0.5
8,naive,2020-06-11,1,0,0.5
8,naive,2020-06-12,1,1,0.5
8,naive,2020-06-15,1,1,0.5
8,naive,2020-06-16,0,1,0.5
8,naive,2020-06-17,1,0,0.5
8,naive,2020-06-18,0,1,0.5
8,naive,2020-06-19,1,0,0.5
8,naive,2020-06-22,1,1,0.5
8,naive,2020-06-23,0,1,0.5
8,naive,2020-06-24,1,0,0.5
8,naive,2020-06-25,0,1,0.5
8,naive,2020-06-26,1,0,0.5
8,naive,2020-06-29,1,1,0.5
8,naive,2020-06-30,1,1,0.5
8,naive,2020-07-01,1,1,0.5
8,naive,2020-07-02,1,1,0.5
8,naive,2020-07-06,0,1,0.5
8,logistic,2020-01-06,0,0,0.4564860278056038
8,logistic,2020-01-07,1,0,0.47403293661912815
8,logistic,2020-01-08,1,0,0.45770879521522306
8,logistic,2020-01-09,0,0,0.4557980273249682
8,logistic,2020-01-10,1,0,0.46200601391614476
8,logistic,2020-01-13,0,0,0.44621611338300293
8,logistic,2020-01-14,1,0,0.4600192979075412
8,logistic,2020-01-15,1,0,0.443291898889622
8,logistic,2020-01-16,1,0,0.4448218993458165
8,logistic,2020-01-17,0,0,0.4348948509448652
8,logistic,2020-01-21,1,0,0.46185455013721083
8,logistic,2020-01-22,1,0,0.4444183187639883
8,logistic,2020-01-23,0,0,0.44950534893131994
8,logistic,2020-01-24,0,0,0.4772265924035248
8,logistic,2020-01-27,1,1,0.5039169038169864
8,logistic,2020-01-28,0,0,0.47432450813066857
8,logistic,2020-01-29,1,0,0.4923603837101028
8,logistic,2020-01-30,0,0,0.47393807892874795
8,logistic,2020-01-31,1,1,0.5129292542869098
8,logistic,2020-02-03,1,0,0.47691642230073883
8,logistic,2020-02-04,1,0,0.46301514257421617
8,logistic,2020-02-05,1,0,0.43285833777328037
8,logistic,2020-02-06,0,0,0.4361985950670316
8,logistic,2020-02-07,1,0,0.44292031981288005
8,logistic,2020-02-10,1,0,0.4377377763373625
8,logistic,2020-02-11,1,0,0.4413394222166827
8,logistic,2020-02-12,0,0,0.4386854486966818
8,logistic,2020-02-13,1,0,0.4513813489618735
8,logistic,2020-02-14,0,0,0.4276578241029327
8,logistic,2020-02-18,1,0,0.45494892955636235
8,logistic,2020-02-19,0,0,0.4364870587426156
8,logistic,2020-02-20,0,0,0.4640131014030415
8,logistic,2020-02-21,0,0,0.47371177890531513
8,logistic,2020-02-24,0,1,0.5222245755574811
8,logistic,2020-02-25,0,1,0.5574652424567894
8,logistic,2020-02-26,0,1,0.5672162959382387
8,logistic,2020-02-27,0,1,0.6007067092896593
8,logistic,2020-02-28,1,1,0.6278683903278959
8,logistic,2020-03-02,0,0,0.4979647416550477
8,logistic,2020-03-03,1,1,0.587497705432054
8,logistic,2020-03-04,0,1,0.5239547261027983
8,logistic,2020-03-05,0,1,0.5639131805112205
8,logistic,2020-03-06,0,1,0.6176936307395957
8,logistic,2020-03-09,1,1,0.7030830894723503
8,logistic,2020-03-10,0,1,0.5589150021112284
8,logistic,2020-03-11,0,1,0.6868413543135926
8,logistic,2020-03-12,1,1,0.7297120132381483
8,logistic,2020-03-13,0,1,0.5993460203268368
8,logistic,2020-03-16,1,1,0.6680453471133143
8,logistic,2020-03-17,0,1,0.6704801828230568
8,logistic,2020-03-18,1,1,0.6999667415974277
8,logistic,2020-03-19,0,1,0.6006163478609129
8,logistic,2020-03-20,0,1,0.7913345283086357
8,logistic,2020-03-23,1,1,0.7145770199381618
8,logistic,2020-03-24,1,1,0.6873710548229042
8,logistic,2020-03-25,1,1,0.5956121696615606
8,logistic,2020-03-26,0,1,0.6075185709471698
8,logistic,2020-03-27,1,1,0.6419527237137757
8,logistic,2020-03-30,0,1,0.576333785169626
8,logistic,2020-03-31,0,1,0.6668065755409931
8,logistic,2020-04-01,1,1,0.6327735947341435
8,logistic,2020-04-02,0,1,0.5976111702602694
8,logistic,2020-04-03,1,1,0.5475508230952575
8,logistic,2020-04-06,1,1,0.5082335339728546
8,logistic,2020-04-07,1,0,0.45636747404472777
8,logistic,2020-04-08,1,0,0.4258055544927166
8,logistic,2020-04-09,0,0,0.46220440228028453
8,logistic,2020-04-13,1,0,0.484644802594596
8,logistic,2020-04-14,0,1,0.5295454048302422
8,logistic,2020-04-15,1,1,0.5442929687747484
8,logistic,2020-04-16,1,1,0.5500121650098388
8,logistic,2020-04-17,0,1,0.5060658592342406
8,logistic,2020-04-20,0,1,0.5409757027842603
8,logistic,2020-04-21,1,1,0.5860344143333126
8,logistic,2020-04-22,0,1,0.5025562633034345
8,logistic,2020-04-23,1,1,0.5286160985521178
8,logistic,2020-04-24,1,1,0.5106134529151543
8,logistic,2020-04-27,0,0,0.4890226030266518
8,logistic,2020-04-28,1,1,0.5069938767083935
8,logistic,2020-04-29,0,0,0.49508209465268116
8,logistic,2020-04-30,0,1,0.524739847838033
8,logistic,2020-05-01,1,1,0.5538389660572417
8,logistic,2020-05-04,1,1,0.5232451492024017
8,logistic,2020-05-05,0,0,0.494926727774875
8,logistic,2020-05-06,1,1,0.538030216498436
8,logistic,2020-05-07,1,0,0.491861412889118
8,logistic,2020-05-08,1,0,0.4535127112014565
8,logistic,2020-05-11,0,0,0.4591833295205916
8,logistic,2020-05-12,0,1,0.5180174903971567
8,logistic,2020-05-13,1,1,0.5448895767341602
8,logistic,2020-05-14,1,1,0.5013502641537567
8,logistic,2020-05-15,1,1,0.5003592908618034
8,logistic,2020-05-18,0,0,0.4564826939668737
8,logistic,2020-05-19,1,0,0.4864608115546326
8,logistic,2020-05-20,0,0,0.44687708797772285
8,logistic,2020-05-21,1,0,0.4837098754300174
8,logistic,2020-05-22,1,0,0.45955967523146823
8,logistic,2020-05-26,1,0,0.46762120147065256
8,logistic,2020-05-27,0,0,0.4314000290710393
8,logistic,2020-05-28,1,0,0.48569389760345144
8,logistic,2020-05-29,1,0,0.4525772023047599
8,logistic,2020-06-01,1,0,0.469533707618694
8,logistic,2020-06-02,1,0,0.46188375667262715
8,logistic,2020-06-03,0,0,0.45240727151463156
8,logistic,2020-06-04,1,0,0.47259731869741184
8,logistic,2020-06-05,1,0,0.43362319641457614
8,logistic,2020-06-08,0,0,0.44007265649784133
8,logistic,2020-06-09,0,0,0.4720293290447152
8,logistic,2020-06-10,0,0,0.4936835942282737
8,logistic,2020-06-11,1,1,0.5365786959763247
8,logistic,2020-06-12,1,0,0.492924986326014
8,logistic,2020-06-15,1,0,0.47596616063311153
8,logistic,2020-06-16,0,0,0.4478371606052091
8,logistic,2020-06-17,1,0,0.486545216807908
8,logistic,2020-06-18,0,0,0.43250253609570083
8,logistic,2020-06-19,1,1,0.5024499891561537
8,logistic,2020-06-22,1,0,0.46365093718465966
8,logistic,2020-06-23,0,0,0.4640849803057495
8,logistic,2020-06-24,1,1,0.500908774765817
8,logistic,2020-06-25,0,0,0.47540004561572297
8,logistic,2020-06-26,1,1,0.520012292887596
8,logistic,2020-06-29,1,0,0.48754181107395056
8,logistic,2020-06-30,1,0,0.4564911754587371
8,logistic,2020-07-01,1,0,0.41837412072385427
8,logistic,2020-07-02,1,0,0.4343210742829841
8,logistic,2020-07-06,0,0,0.3979108998782064
8,rf,2020-01-06,0,0,0.4012136327467993
8,rf,2020-01-07,1,0,0.4274471157417622
8,rf,2020-01-08,1,0,0.3834379198557293
8,rf,2020-01-09,0,1,0.5360233340780208
8,rf,2020-01-10,1,0,0.3913842405985565
8,rf,2020-01-13,0,0,0.46440625554343046
8,rf,2020-01-14,1,1,0.5218947783227926
8,rf,2020-01-15,1,0,0.3735938176655439
8,rf,2020-01-16,1,0,0.4796375444802177
8,rf,2020-01-17,0,0,0.4002776168366468
8,rf,2020-01-21,1,0,0.48888858971497984
8,rf,2020-01-22,1,0,0.4953743482444234
8,rf,2020-01-23,0,0,0.34766566977998264
8,rf,2020-01-24,0,0,0.37007607688589633
8,rf,2020-01-27,1,0,0.38778261337365066
8,rf,2020-01-28,0,0,0.4224164628786516
8,rf,2020-01-29,1,0,0.4121475059819906
8,rf,2020-01-30,0,0,0.47120310897049855
8,rf,2020-01-31,1,1,0.5545751970228702
8,rf,2020-02-03,1,0,0.46018337117915137
8,rf,2020-02-04,1,0,0.4905048416044635
8,rf,2020-02-05,1,0,0.48316776060341626
8,rf,2020-02-06,0,0,0.4811352171000281
8,rf,2020-02-07,1,1,0.5270417078230587
8,rf,2020-02-10,1,1,0.5292701278723794
8,rf,2020-02-11,1,0,0.4260100061976625
8,rf,2020-02-12,0,0,0.3537590036239824
8,rf,2020-02-13,1,0,0.49637061548465994
8,rf,2020-02-14,0,0,0.39661785653318254
8,rf,2020-02-18,1,0,0.4641031040624125
8,rf,2020-02-19,0,0,0.3247452774750904
8,rf,2020-02-20,0,0,0.47993366552591105
8,rf,2020-02-21,0,0,0.4025820454944068
8,rf,2020-02-24,0,1,0.5609121156348748
8,rf,2020-02-25,0,0,0.4955757126685534
8,rf,2020-02-26,0,1,0.511365326974371
8,rf,2020-02-27,0,1,0.6110789675318414
8,rf,2020-02-28,1,1,0.6730617580789864
8,rf,2020-03-02,0,1,0.5752853170116006
8,rf,2020-03-03,1,1,0.6324885150333722
8,rf,2020-03-04,0,1,0.552145710977748
8,rf,2020-03-05,0,1,0.6331595325935147
8,rf,2020-03-06,0,1,0.7410773951380282
8,rf,2020-03-09,1,1,0.6073972865066084
8,rf,2020-03-10,0,1,0.663205625979202
8,rf,2020-03-11,0,1,0.5916180094316112
8,rf,2020-03-12,1,1,0.6447084232664072
8,rf,2020-03-13,0,1,0.6183521738134439
8,rf,2020-03-16,1,1,0.6443031449105107
8,rf,2020-03-17,0,1,0.6832392512959745
8,rf,2020-03-18,1,1,0.6364428002211288
8,rf,2020-03-19,0,1,0.643879326103499
8,rf,2020-03-20,0,1,0.6473153273215866
8,rf,2020-03-23,1,1,0.6642076702665562
8,rf,2020-03-24,1,1,0.6147226990791844
8,rf,2020-03-25,1,1,0.645020064434707
8,rf,2020-03-26,0,1,0.6378087512989062
8,rf,2020-03-27,1,1,0.6191988910798826
8,rf,2020-03-30,0,1,0.619762424487474
8,rf,2020-03-31,0,1,0.6509231096967634
8,rf,2020-04-01,1,1,0.676116662575409
8,rf,2020-04-02,0,1,0.6032701858443217
8,rf,2020-04-03,1,1,0.6559518317220022
8,rf,2020-04-06,1,1,0.6569002515683803
8,rf,2020-04-07,1,1,0.6219971364609546
8,rf,2020-04-08,1,1,0.672855815876691
8,rf,2020-04-09,0,1,0.5863186836523383
8,rf,2020-04-13,1,1,0.6967396951114823
8,rf,2020-04-14,0,1,0.6917802121892703
8,rf,2020-04-15,1,1,0.6775942722284333
8,rf,2020-04-16,1,1,0.7172551480098827
8,rf,2020-04-17,0,1,0.5758994729369924
8,rf,2020-04-20,0,1,0.62676612122413
8,rf,2020-04-21,1,1,0.6213882777927189
8,rf,2020-04-22,0,1,0.7156887114307807
8,rf,2020-04-23,1,1,0.6863929755013781
8,rf,2020-04-24,1,1,0.6633253464911659
8,rf,2020-04-27,0,1,0.6402292409081699
8,rf,2020-04-28,1,1,0.6642933333437383
8,rf,2020-04-29,0,1,0.6471025411852764
8,rf,2020-04-30,0,1,0.6422261086153641
8,rf,2020-05-01,1,1,0.6628379050202223
8,rf,2020-05-04,1,1,0.596746763148367
8,rf,2020-05-05,0,1,0.5806140887326575
8,rf,2020-05-06,1,1,0.5669969211165612
8,rf,2020-05-07,1,1,0.5239392009490053
8,rf,2020-05-08,1,1,0.5140232128956901
8,rf,2020-05-11,0,1,0.5523146270442133
8,rf,2020-05-12,0,1,0.5773795726035296
8,rf,2020-05-13,1,1,0.5770698962625712
8,rf,2020-05-14,1,1,0.5608802543387347
8,rf,2020-05-15,1,1,0.5373438356252174
8,rf,2020-05-18,0,0,0.47534491692270137
8,rf,2020-05-19,1,1,0.5111203749930576
8,rf,2020-05-20,0,1,0.5438510922671469
8,rf,2020-05-21,1,1,0.5958185573273496
8,rf,2020-05-22,1,1,0.5652333001992835
8,rf,2020-05-26,1,1,0.5404701158997518
8,rf,2020-05-27,0,1,0.5795617253735762
8,rf,2020-05-28,1,1,0.5250411997356488
8,rf,2020-05-29,1,0,0.467517400760237
8,rf,2020-06-01,1,1,0.519477862411414
8,rf,2020-06-02,1,0,0.46863727918183606
8,rf,2020-06-03,0,1,0.5230633685562674
8,rf,2020-06-04,1,0,0.47706699453321716
8,rf,2020-06-05,1,0,0.4393065451858018
8,rf,2020-06-08,0,1,0.5175768507983528
8,rf,2020-06-09,0,0,0.3578234805464937
8,rf,2020-06-10,0,0,0.4759122218971849
8,rf,2020-06-11,1,1,0.5926849897526357
8,rf,2020-06-12,1,1,0.5133896799856773
8,rf,2020-06-15,1,0,0.47722109315943867
8,rf,2020-06-16,0,0,0.467225363056316
8,rf,2020-06-17,1,1,0.5156996253606299
8,rf,2020-06-18,0,0,0.4373559790392132
8,rf,2020-06-19,1,1,0.5370698660340705
8,rf,2020-06-22,1,1,0.5063110538015929
8,rf,2020-06-23,0,1,0.5334509750569814
8,rf,2020-06-24,1,1,0.5060066305312163
8,rf,2020-06-25,0,0,0.48982855883827625
8,rf,2020-06-26,1,1,0.5317822686658228
8,rf,2020-06-29,1,1,0.5472478344774956
8,rf,2020-06-30,1,1,0.5431195014856867
8,rf,2020-07-01,1,0,0.4953195323439706
8,rf,2020-07-02,1,1,0.5138890118496031
8,rf,2020-07-06,0,0,0.4896225015311425
8,xgb,2020-01-06,0,0,0.15643902122974396
8,xgb,2020-01-07,1,0,0.2329680174589157
8,xgb,2020-01-08,1,0,0.4473032057285309
8,xgb,2020-01-09,0,1,0.8823540806770325
8,xgb,2020-01-10,1,0,0.4627627730369568
8,xgb,2020-01-13,0,1,0.8034623265266418
8,xgb,2020-01-14,1,0,0.48271891474723816
8,xgb,2020-01-15,1,0,0.1504775732755661
8,xgb,2020-01-16,1,0,0.39006564021110535
8,xgb,2020-01-17,0,1,0.5119325518608093
8,xgb,2020-01-21,1,1,0.7318786978721619
8,xgb,2020-01-22,1,1,0.7044420838356018
8,xgb,2020-01-23,0,0,0.04913175851106644
8,xgb,2020-01-24,0,0,0.31714487075805664
8,xgb,2020-01-27,1,0,0.07190819084644318
8,xgb,2020-01-28,0,0,0.17413052916526794
8,xgb,2020-01-29,1,0,0.1442948430776596
8,xgb,2020-01-30,0,0,0.4964051842689514
8,xgb,2020-01-31,1,1,0.8475498557090759
8,xgb,2020-02-03,1,0,0.3190595805644989
8,xgb,2020-02-04,1,0,0.2508297860622406
8,xgb,2020-02-05,1,1,0.7161038517951965
8,xgb,2020-02-06,0,0,0.17115667462348938
8,xgb,2020-02-07,1,1,0.581061601638794
8,xgb,2020-02-10,1,1,0.7505767345428467
8,xgb,2020-02-11,1,0,0.21208946406841278
8,xgb,2020-02-12,0,0,0.16911162436008453
8,xgb,2020-02-13,1,0,0.44078031182289124
8,xgb,2020-02-14,0,0,0.22139807045459747
8,xgb,2020-02-18,1,0,0.4982264041900635
8,xgb,2020-02-19,0,0,0.2624187767505646
8,xgb,2020-02-20,0,1,0.9100635051727295
8,xgb,2020-02-21,0,0,0.2633954882621765
8,xgb,2020-02-24,0,1,0.544650673866272
8,xgb,2020-02-25,0,0,0.425712913274765
8,xgb,2020-02-26,0,1,0.5216289162635803
8,xgb,2020-02-27,0,1,0.9150747060775757
8,xgb,2020-02-28,1,1,0.9799583554267883
8,xgb,2020-03-02,0,1,0.8133840560913086
8,xgb,2020-03-03,1,1,0.9390526413917542
8,xgb,2020-03-04,0,1,0.5715362429618835
8,xgb,2020-03-05,0,1,0.860917329788208
8,xgb,2020-03-06,0,1,0.9699989557266235
8,xgb,2020-03-09,1,1,0.8372281789779663
8,xgb,2020-03-10,0,1,0.9609383940696716
8,xgb,2020-03-11,0,1,0.8716408610343933
8,xgb,2020-03-12,1,1,0.9582033157348633
8,xgb,2020-03-13,0,1,0.7965965867042542
8,xgb,2020-03-16,1,1,0.9666672348976135
8,xgb,2020-03-17,0,1,0.9320127964019775
8,xgb,2020-03-18,1,1,0.8997038006782532
8,xgb,2020-03-19,0,1,0.8951300978660583
8,xgb,2020-03-20,0,1,0.8677809834480286
8,xgb,2020-03-23,1,1,0.9585052728652954
8,xgb,2020-03-24,1,1,0.9153639674186707
8,xgb,2020-03-25,1,1,0.7621220350265503
8,xgb,2020-03-26,0,1,0.6792042851448059
8,xgb,2020-03-27,1,1,0.9324342012405396
8,xgb,2020-03-30,0,1,0.8741620779037476
8,xgb,2020-03-31,0,1,0.8978658318519592
8,xgb,2020-04-01,1,1,0.8571228384971619
8,xgb,2020-04-02,0,1,0.8823630809783936
8,xgb,2020-04-03,1,1,0.9282376766204834
8,xgb,2020-04-06,1,1,0.8217703700065613
8,xgb,2020-04-07,1,1,0.7577130794525146
8,xgb,2020-04-08,1,1,0.5504149794578552
8,xgb,2020-04-09,0,1,0.5485732555389404
8,xgb,2020-04-13,1,1,0.9348915219306946
8,xgb,2020-04-14,0,1,0.7891384959220886
8,xgb,2020-04-15,1,1,0.9380248188972473
8,xgb,2020-04-16,1,1,0.9308028817176819
8,xgb,2020-04-17,0,1,0.7292094230651855
8,xgb,2020-04-20,0,1,0.8138821125030518
8,xgb,2020-04-21,1,1,0.7695198059082031
8,xgb,2020-04-22,0,1,0.9627021551132202
8,xgb,2020-04-23,1,1,0.9404253363609314
8,xgb,2020-04-24,1,1,0.9279711842536926
8,xgb,2020-04-27,0,1,0.9078360795974731
8,xgb,2020-04-28,1,1,0.8827376961708069
8,xgb,2020-04-29,0,1,0.8821747899055481
8,xgb,2020-04-30,0,1,0.9279791116714478
8,xgb,2020-05-01,1,1,0.8681581616401672
8,xgb,2020-05-04,1,1,0.8632789850234985
8,xgb,2020-05-05,0,1,0.588184654712677
8,xgb,2020-05-06,1,1,0.8652724623680115
8,xgb,2020-05-07,1,1,0.8734637498855591
8,xgb,2020-05-08,1,1,0.6406395435333252
8,xgb,2020-05-11,0,1,0.7103078961372375
8,xgb,2020-05-12,0,1,0.8566811680793762
8,xgb,2020-05-13,1,1,0.8043286204338074
8,xgb,2020-05-14,1,1,0.5968589782714844
8,xgb,2020-05-15,1,1,0.638131320476532
8,xgb,2020-05-18,0,0,0.4893239736557007
8,xgb,2020-05-19,1,1,0.5793539881706238
8,xgb,2020-05-20,0,1,0.7461763620376587
8,xgb,2020-05-21,1,1,0.6986468434333801
8,xgb,2020-05-22,1,1,0.8760774731636047
8,xgb,2020-05-26,1,1,0.7149174809455872
8,xgb,2020-05-27,0,1,0.8464017510414124
8,xgb,2020-05-28,1,0,0.24566592276096344
8,xgb,2020-05-29,1,1,0.6056888103485107
8,xgb,2020-06-01,1,1,0.6284529566764832
8,xgb,2020-06-02,1,0,0.3752988874912262
8,xgb,2020-06-03,0,1,0.5390011668205261
8,xgb,2020-06-04,1,0,0.3638257086277008
8,xgb,2020-06-05,1,0,0.30732300877571106
8,xgb,2020-06-08,0,0,0.4322032630443573
8,xgb,2020-06-09,0,0,0.09351643174886703
8,xgb,2020-06-10,0,1,0.5185754895210266
8,xgb,2020-06-11,1,1,0.6369636654853821
8,xgb,2020-06-12,1,0,0.4293290674686432
8,xgb,2020-06-15,1,0,0.4444222152233124
8,xgb,2020-06-16,0,0,0.2287048101425171
8,xgb,2020-06-17,1,1,0.7444049715995789
8,xgb,2020-06-18,0,0,0.06020467355847359
8,xgb,2020-06-19,1,1,0.6460606455802917
8,xgb,2020-06-22,1,0,0.45723116397857666
8,xgb,2020-06-23,0,1,0.7146921753883362
8,xgb,2020-06-24,1,1,0.6279029846191406
8,xgb,2020-06-25,0,0,0.3918786942958832
8,xgb,2020-06-26,1,1,0.7863297462463379
8,xgb,2020-06-29,1,1,0.603452742099762
8,xgb,2020-06-30,1,1,0.9235692620277405
8,xgb,2020-07-01,1,1,0.5448532104492188
8,xgb,2020-07-02,1,0,0.22582243382930756
8,xgb,2020-07-06,0,1,0.6039490103721619
9,majority,2020-07-16,1,1,0.5433962264150943
9,majority,2020-07-17,1,1,0.5433962264150943
9,majority,2020-07-20,1,1,0.5433962264150943
9,majority,2020-07-21,1,1,0.5433962264150943
9,majority,2020-07-22,0,1,0.5433962264150943
9,majority,2020-07-23,0,1,0.5433962264150943
9,majority,2020-07-24,1,1,0.5433962264150943
9,majority,2020-07-27,0,1,0.5433962264150943
9,majority,2020-07-28,1,1,0.5433962264150943
9,majority,2020-07-29,0,1,0.5433962264150943
9,majority,2020-07-30,1,1,0.5433962264150943
9,majority,2020-07-31,1,1,0.5433962264150943
9,majority,2020-08-03,1,1,0.5433962264150943
9,majority,2020-08-04,1,1,0.5433962264150943
9,majority,2020-08-05,1,1,0.5433962264150943
9,majority,2020-08-06,1,1,0.5433962264150943
9,majority,2020-08-07,1,1,0.5433962264150943
9,majority,2020-08-10,0,1,0.5433962264150943
9,majority,2020-08-11,1,1,0.5433962264150943
9,majority,2020-08-12,0,1,0.5433962264150943
9,majority,2020-08-13,1,1,0.5433962264150943
9,majority,2020-08-14,1,1,0.5433962264150943
9,majority,2020-08-17,1,1,0.5433962264150943
9,majority,2020-08-18,0,1,0.5433962264150943
9,majority,2020-08-19,1,1,0.5433962264150943
9,majority,2020-08-20,1,1,0.5433962264150943
9,majority,2020-08-21,1,1,0.5433962264150943
9,majority,2020-08-24,1,1,0.5433962264150943
9,majority,2020-08-25,1,1,0.5433962264150943
9,majority,2020-08-26,1,1,0.5433962264150943
9,majority,2020-08-27,1,1,0.5433962264150943
9,majority,2020-08-28,0,1,0.5433962264150943
9,majority,2020-08-31,1,1,0.5433962264150943
9,majority,2020-09-01,1,1,0.5433962264150943
9,majority,2020-09-02,0,1,0.5433962264150943
9,majority,2020-09-03,0,1,0.5433962264150943
9,majority,2020-09-04,0,1,0.5433962264150943
9,majority,2020-09-08,1,1,0.5433962264150943
9,majority,2020-09-09,0,1,0.5433962264150943
9,majority,2020-09-10,1,1,0.5433962264150943
9,majority,2020-09-11,1,1,0.5433962264150943
9,majority,2020-09-14,1,1,0.5433962264150943
9,majority,2020-09-15,0,1,0.5433962264150943
9,majority,2020-09-16,0,1,0.5433962264150943
9,majority,2020-09-17,0,1,0.5433962264150943
9,majority,2020-09-18,0,1,0.5433962264150943
9,majority,2020-09-21,1,1,0.5433962264150943
9,majority,2020-09-22,0,1,0.5433962264150943
9,majority,2020-09-23,1,1,0.5433962264150943
9,majority,2020-09-24,1,1,0.5433962264150943
9,majority,2020-09-25,1,1,0.5433962264150943
9,majority,2020-09-28,0,1,0.5433962264150943
9,majority,2020-09-29,1,1,0.5433962264150943
9,majority,2020-09-30,1,1,0.5433962264150943
9,majority,2020-10-01,0,1,0.5433962264150943
9,majority,2020-10-02,1,1,0.5433962264150943
9,majority,2020-10-05,0,1,0.5433962264150943
9,majority,2020-10-06,1,1,0.5433962264150943
9,majority,2020-10-07,1,1,0.5433962264150943
9,majority,2020-10-08,1,1,0.5433962264150943
9,majority,2020-10-09,1,1,0.5433962264150943
9,majority,2020-10-12,0,1,0.5433962264150943
9,majority,2020-10-13,0,1,0.5433962264150943
9,majority,2020-10-14,0,1,0.5433962264150943
9,majority,2020-10-15,0,1,0.5433962264150943
9,majority,2020-10-16,0,1,0.5433962264150943
9,majority,2020-10-19,1,1,0.5433962264150943
9,majority,2020-10-20,0,1,0.5433962264150943
9,majority,2020-10-21,1,1,0.5433962264150943
9,majority,2020-10-22,1,1,0.5433962264150943
9,majority,2020-10-23,0,1,0.5433962264150943
9,majority,2020-10-26,0,1,0.5433962264150943
9,majority,2020-10-27,0,1,0.5433962264150943
9,majority,2020-10-28,1,1,0.5433962264150943
9,majority,2020-10-29,0,1,0.5433962264150943
9,majority,2020-10-30,1,1,0.5433962264150943
9,majority,2020-11-02,1,1,0.5433962264150943
9,majority,2020-11-03,1,1,0.5433962264150943
9,majority,2020-11-04,1,1,0.5433962264150943
9,majority,2020-11-05,0,1,0.5433962264150943
9,majority,2020-11-06,1,1,0.5433962264150943
9,majority,2020-11-09,0,1,0.5433962264150943
9,majority,2020-11-10,1,1,0.5433962264150943
9,majority,2020-11-11,0,1,0.5433962264150943
9,majority,2020-11-12,1,1,0.5433962264150943
9,majority,2020-11-13,1,1,0.5433962264150943
9,majority,2020-11-16,0,1,0.5433962264150943
9,majority,2020-11-17,0,1,0.5433962264150943
9,majority,2020-11-18,1,1,0.5433962264150943
9,majority,2020-11-19,0,1,0.5433962264150943
9,majority,2020-11-20,1,1,0.5433962264150943
9,majority,2020-11-23,1,1,0.5433962264150943
9,majority,2020-11-24,0,1,0.5433962264150943
9,majority,2020-11-25,1,1,0.5433962264150943
9,majority,2020-11-27,0,1,0.5433962264150943
9,majority,2020-11-30,1,1,0.5433962264150943
9,majority,2020-12-01,1,1,0.5433962264150943
9,majority,2020-12-02,0,1,0.5433962264150943
9,majority,2020-12-03,1,1,0.5433962264150943
9,majority,2020-12-04,0,1,0.5433962264150943
9,majority,2020-12-07,1,1,0.5433962264150943
9,majority,2020-12-08,0,1,0.5433962264150943
9,majority,2020-12-09,0,1,0.5433962264150943
9,majority,2020-12-10,0,1,0.5433962264150943
9,majority,2020-12-11,0,1,0.5433962264150943
9,majority,2020-12-14,1,1,0.5433962264150943
9,majority,2020-12-15,1,1,0.5433962264150943
9,majority,2020-12-16,1,1,0.5433962264150943
9,majority,2020-12-17,0,1,0.5433962264150943
9,majority,2020-12-18,0,1,0.5433962264150943
9,majority,2020-12-21,0,1,0.5433962264150943
9,majority,2020-12-22,1,1,0.5433962264150943
9,majority,2020-12-23,1,1,0.5433962264150943
9,majority,2020-12-24,1,1,0.5433962264150943
9,majority,2020-12-28,0,1,0.5433962264150943
9,majority,2020-12-29,1,1,0.5433962264150943
9,majority,2020-12-30,1,1,0.5433962264150943
9,majority,2020-12-31,0,1,0.5433962264150943
9,majority,2021-01-04,1,1,0.5433962264150943
9,majority,2021-01-05,1,1,0.5433962264150943
9,majority,2021-01-06,1,1,0.5433962264150943
9,majority,2021-01-07,1,1,0.5433962264150943
9,majority,2021-01-08,0,1,0.5433962264150943
9,majority,2021-01-11,1,1,0.5433962264150943
9,majority,2021-01-12,1,1,0.5433962264150943
9,majority,2021-01-13,0,1,0.5433962264150943
9,naive,2020-07-16,1,0,0.5
9,naive,2020-07-17,1,1,0.5
9,naive,2020-07-20,1,1,0.5
9,naive,2020-07-21,1,1,0.5
9,naive,2020-07-22,0,1,0.5
9,naive,2020-07-23,0,0,0.5
9,naive,2020-07-24,1,0,0.5
9,naive,2020-07-27,0,1,0.5
9,naive,2020-07-28,1,0,0.5
9,naive,2020-07-29,0,1,0.5
9,naive,2020-07-30,1,0,0.5
9,naive,2020-07-31,1,1,0.5
9,naive,2020-08-03,1,1,0.5
9,naive,2020-08-04,1,1,0.5
9,naive,2020-08-05,1,1,0.5
9,naive,2020-08-06,1,1,0.5
9,naive,2020-08-07,1,1,0.5
9,naive,2020-08-10,0,1,0.5
9,naive,2020-08-11,1,0,0.5
9,naive,2020-08-12,0,1,0.5
9,naive,2020-08-13,1,0,0.5
9,naive,2020-08-14,1,1,0.5
9,naive,2020-08-17,1,1,0.5
9,naive,2020-08-18,0,1,0.5
9,naive,2020-08-19,1,0,0.5
9,naive,2020-08-20,1,1,0.5
9,naive,2020-08-21,1,1,0.5
9,naive,2020-08-24,1,1,0.5
9,naive,2020-08-25,1,1,0.5
9,naive,2020-08-26,1,1,0.5
9,naive,2020-08-27,1,1,0.5
9,naive,2020-08-28,0,1,0.5
9,naive,2020-08-31,1,0,0.5
9,naive,2020-09-01,1,1,0.5
9,naive,2020-09-02,0,1,0.5
9,naive,2020-09-03,0,0,0.5
9,naive,2020-09-04,0,0,0.5
9,naive,2020-09-08,1,0,0.5
9,naive,2020-09-09,0,1,0.5
9,naive,2020-09-10,1,0,0.5
9,naive,2020-09-11,1,1,0.5
9,naive,2020-09-14,1,1,0.5
9,naive,2020-09-15,0,1,0.5
9,naive,2020-09-16,0,0,0.5
9,naive,2020-09-17,0,0,0.5
9,naive,2020-09-18,0,0,0.5
9,naive,2020-09-21,1,0,0.5
9,naive,2020-09-22,0,1,0.5
9,naive,2020-09-23,1,0,0.5
9,naive,2020-09-24,1,1,0.5
9,naive,2020-09-25,1,1,0.5
9,naive,2020-09-28,0,1,0.5
9,naive,2020-09-29,1,0,0.5
9,naive,2020-09-30,1,1,0.5
9,naive,2020-10-01,0,1,0.5
9,naive,2020-10-02,1,0,0.5
9,naive,2020-10-05,0,1,0.5
9,naive,2020-10-06,1,0,0.5
9,naive,2020-10-07,1,1,0.5
9,naive,2020-10-08,1,1,0.5
9,naive,2020-10-09,1,1,0.5
9,naive,2020-10-12,0,1,0.5
9,naive,2020-10-13,0,0,0.5
9,naive,2020-10-14,0,0,0.5
9,naive,2020-10-15,0,0,0.5
9,naive,2020-10-16,0,0,0.5
9,naive,2020-10-19,1,0,0.5
9,naive,2020-10-20,0,1,0.5
9,naive,2020-10-21,1,0,0.5
9,naive,2020-10-22,1,1,0.5
9,naive,2020-10-23,0,1,0.5
9,naive,2020-10-26,0,0,0.5
9,naive,2020-10-27,0,0,0.5
9,naive,2020-10-28,1,0,0.5
9,naive,2020-10-29,0,1,0.5
9,naive,2020-10-30,1,0,0.5
9,naive,2020-11-02,1,1,0.5
9,naive,2020-11-03,1,1,0.5
9,naive,2020-11-04,1,1,0.5
9,naive,2020-11-05,0,1,0.5
9,naive,2020-11-06,1,0,0.5
9,naive,2020-11-09,0,1,0.5
9,naive,2020-11-10,1,0,0.5
9,naive,2020-11-11,0,1,0.5
9,naive,2020-11-12,1,0,0.5
9,naive,2020-11-13,1,1,0.5
9,naive,2020-11-16,0,1,0.5
9,naive,2020-11-17,0,0,0.5
9,naive,2020-11-18,1,0,0.5
9,naive,2020-11-19,0,1,0.5
9,naive,2020-11-20,1,0,0.5
9,naive,2020-11-23,1,1,0.5
9,naive,2020-11-24,0,1,0.5
9,naive,2020-11-25,1,0,0.5
9,naive,2020-11-27,0,1,0.5
9,naive,2020-11-30,1,0,0.5
9,naive,2020-12-01,1,1,0.5
9,naive,2020-12-02,0,1,0.5
9,naive,2020-12-03,1,0,0.5
9,naive,2020-12-04,0,1,0.5
9,naive,2020-12-07,1,0,0.5
9,naive,2020-12-08,0,1,0.5
9,naive,2020-12-09,0,0,0.5
9,naive,2020-12-10,0,0,0.5
9,naive,2020-12-11,0,0,0.5
9,naive,2020-12-14,1,0,0.5
9,naive,2020-12-15,1,1,0.5
9,naive,2020-12-16,1,1,0.5
9,naive,2020-12-17,0,1,0.5
9,naive,2020-12-18,0,0,0.5
9,naive,2020-12-21,0,0,0.5
9,naive,2020-12-22,1,0,0.5
9,naive,2020-12-23,1,1,0.5
9,naive,2020-12-24,1,1,0.5
9,naive,2020-12-28,0,1,0.5
9,naive,2020-12-29,1,0,0.5
9,naive,2020-12-30,1,1,0.5
9,naive,2020-12-31,0,1,0.5
9,naive,2021-01-04,1,0,0.5
9,naive,2021-01-05,1,1,0.5
9,naive,2021-01-06,1,1,0.5
9,naive,2021-01-07,1,1,0.5
9,naive,2021-01-08,0,1,0.5
9,naive,2021-01-11,1,0,0.5
9,naive,2021-01-12,1,1,0.5
9,naive,2021-01-13,0,1,0.5
9,logistic,2020-07-16,1,0,0.4462855376071233
9,logistic,2020-07-17,1,0,0.4530970348579499
9,logistic,2020-07-20,1,0,0.43058843992584367
9,logistic,2020-07-21,1,0,0.45158993677125536
9,logistic,2020-07-22,0,0,0.45091006566392383
9,logistic,2020-07-23,0,0,0.4678482410945778
9,logistic,2020-07-24,1,0,0.4770823129706571
9,logistic,2020-07-27,0,0,0.46757265057594477
9,logistic,2020-07-28,1,0,0.47771462460330455
9,logistic,2020-07-29,0,0,0.4590990585407892
9,logistic,2020-07-30,1,0,0.46120291138512814
9,logistic,2020-07-31,1,0,0.4283029615822134
9,logistic,2020-08-03,1,0,0.44945968496145206
9,logistic,2020-08-04,1,0,0.4272765338225749
9,logistic,2020-08-05,1,0,0.444618894051969
9,logistic,2020-08-06,1,0,0.42590201089738494
9,logistic,2020-08-07,1,0,0.43663964166694275
9,logistic,2020-08-10,0,0,0.4351721228522947
9,logistic,2020-08-11,1,0,0.45462263497472993
9,logistic,2020-08-12,0,0,0.43195638813794196
9,logistic,2020-08-13,1,0,0.452722375458985
9,logistic,2020-08-14,1,0,0.43613943066223704
9,logistic,2020-08-17,1,0,0.4458570660204537
9,logistic,2020-08-18,0,0,0.428664450347525
9,logistic,2020-08-19,1,0,0.46522593897795034
9,logistic,2020-08-20,1,0,0.4440282022886096
9,logistic,2020-08-21,1,0,0.4416745015059973
9,logistic,2020-08-24,1,0,0.4359445421188107
9,logistic,2020-08-25,1,0,0.43585781853779176
9,logistic,2020-08-26,1,0,0.4206157830537712
9,logistic,2020-08-27,1,0,0.4286037827501662
9,logistic,2020-08-28,0,0,0.42145398230845615
9,logistic,2020-08-31,1,0,0.4452352812334122
9,logistic,2020-09-01,1,0,0.4187533585133756
9,logistic,2020-09-02,0,0,0.42007209870465195
9,logistic,2020-09-03,0,0,0.45350557761956567
9,logistic,2020-09-04,0,0,0.4662365741827481
9,logistic,2020-09-08,1,0,0.4962190972123245
9,logistic,2020-09-09,0,0,0.4590104036946853
9,logistic,2020-09-10,1,1,0.5319158371523418
9,logistic,2020-09-11,1,0,0.45949016068573356
9,logistic,2020-09-14,1,0,0.48555519018257903
9,logistic,2020-09-15,0,0,0.4466342244642101
9,logistic,2020-09-16,0,1,0.5096384816162307
9,logistic,2020-09-17,0,0,0.4855709616996928
9,logistic,2020-09-18,0,1,0.5075239759689716
9,logistic,2020-09-21,1,1,0.5282382552306084
9,logistic,2020-09-22,0,1,0.5060844580656902
9,logistic,2020-09-23,1,1,0.5433560083423765
9,logistic,2020-09-24,1,1,0.5153645405906986
9,logistic,2020-09-25,1,1,0.5029133693020439
9,logistic,2020-09-28,0,0,0.46725003774284585
9,logistic,2020-09-29,1,1,0.5066416485086357
9,logistic,2020-09-30,1,0,0.4428600310991625
9,logistic,2020-10-01,0,0,0.4458561504994413
9,logistic,2020-10-02,1,0,0.4773837331623039
9,logistic,2020-10-05,0,0,0.4549797531464467
9,logistic,2020-10-06,1,0,0.47000887569191835
9,logistic,2020-10-07,1,0,0.4411465379382906
9,logistic,2020-10-08,1,0,0.4535675984300713
9,logistic,2020-10-09,1,0,0.4194508641844219
9,logistic,2020-10-12,0,0,0.4464383224282611
9,logistic,2020-10-13,0,0,0.4366100092849313
9,logistic,2020-10-14,0,0,0.4675578203647108
9,logistic,2020-10-15,0,0,0.4748460167776534
9,logistic,2020-10-16,0,0,0.4825672671032817
9,logistic,2020-10-19,1,1,0.5129933319708586
9,logistic,2020-10-20,0,0,0.4858837311703398
9,logistic,2020-10-21,1,1,0.5036183323243086
9,logistic,2020-10-22,1,0,0.4838222255963632
9,logistic,2020-10-23,0,0,0.491105254055783
9,logistic,2020-10-26,0,0,0.4997461288105933
9,logistic,2020-10-27,0,1,0.5167775079420482
9,logistic,2020-10-28,1,1,0.550256365266566
9,logistic,2020-10-29,0,1,0.5216599388039967
9,logistic,2020-10-30,1,1,0.5676674950410248
9,logistic,2020-11-02,1,1,0.5092097334901393
9,logistic,2020-11-03,1,1,0.5181571837826078
9,logistic,2020-11-04,1,0,0.4460702603333833
9,logistic,2020-11-05,0,0,0.4666742350946213
9,logistic,2020-11-06,1,0,0.4538223703727706
9,logistic,2020-11-09,0,0,0.43671825530293507
9,logistic,2020-11-10,1,0,0.47023752277542313
9,logistic,2020-11-11,0,0,0.45704090050790724
9,logistic,2020-11-12,1,0,0.48987658543688184
9,logistic,2020-11-13,1,0,0.4443875981105197
9,logistic,2020-11-16,0,0,0.45750338556408077
9,logistic,2020-11-17,0,0,0.4586597669474236
9,logistic,2020-11-18,1,0,0.4853030083264765
9,logistic,2020-11-19,0,0,0.4550623425585699
9,logistic,2020-11-20,1,0,0.4987973480282009
9,logistic,2020-11-23,1,0,0.4922370564929612
9,logistic,2020-11-24,0,0,0.4731461656632663
9,logistic,2020-11-25,1,0,0.47482332858611387
9,logistic,2020-11-27,0,0,0.4740000693778353
9,logistic,2020-11-30,1,0,0.47228937031522017
9,logistic,2020-12-01,1,0,0.44486273299743223
9,logistic,2020-12-02,0,0,0.45917036398581385
9,logistic,2020-12-03,1,0,0.4511486241510786
9,logistic,2020-12-04,0,0,0.44354088023551613
9,logistic,2020-12-07,1,0,0.44543085455358206
9,logistic,2020-12-08,0,0,0.445814716719548
9,logistic,2020-12-09,0,0,0.4627817047848459
9,logistic,2020-12-10,0,0,0.457491036536315
9,logistic,2020-12-11,0,0,0.4732946021719446
9,logistic,2020-12-14,1,0,0.4742542058655087
9,logistic,2020-12-15,1,0,0.45857432237430107
9,logistic,2020-12-16,1,0,0.4491653010989113
9,logistic,2020-12-17,0,0,0.44144566041656663
9,logistic,2020-12-18,0,0,0.46726983217573315
9,logistic,2020-12-21,0,0,0.4585454739608183
9,logistic,2020-12-22,1,0,0.4780934467211604
9,logistic,2020-12-23,1,0,0.4666316362935165
9,logistic,2020-12-24,1,0,0.4714885914783781
9,logistic,2020-12-28,0,0,0.45310610584464484
9,logistic,2020-12-29,1,0,0.4601543899048318
9,logistic,2020-12-30,1,0,0.4479650915550198
9,logistic,2020-12-31,0,0,0.44354975189974394
9,logistic,2021-01-04,1,0,0.46797855512410086
9,logistic,2021-01-05,1,0,0.45393306952314416
9,logistic,2021-01-06,1,0,0.4445573867914158
9,logistic,2021-01-07,1,0,0.42970827565456726
9,logistic,2021-01-08,0,0,0.4377766073879917
9,logistic,2021-01-11,1,0,0.4294128666026122
9,logistic,2021-01-12,1,0,0.4378536676894849
9,logistic,2021-01-13,0,0,0.4348608330048274
9,rf,2020-07-16,1,0,0.4511076719241059
9,rf,2020-07-17,1,0,0.4711725849463401
9,rf,2020-07-20,1,0,0.43235300590460013
9,rf,2020-07-21,1,0,0.41940887536718124
9,rf,2020-07-22,0,0,0.4271734653289615
9,rf,2020-07-23,0,0,0.43733555943213803
9,rf,2020-07-24,1,0,0.46014386570635024
9,rf,2020-07-27,0,0,0.44308188143914257
9,rf,2020-07-28,1,0,0.46767760273057735
9,rf,2020-07-29,0,0,0.4242349807865984
9,rf,2020-07-30,1,0,0.46507209254258336
9,rf,2020-07-31,1,0,0.4065352502715658
9,rf,2020-08-03,1,0,0.44232225244419526
9,rf,2020-08-04,1,0,0.419024271196144
9,rf,2020-08-05,1,0,0.4327490216012215
9,rf,2020-08-06,1,0,0.4073371631530289
9,rf,2020-08-07,1,0,0.41278530616505427
9,rf,2020-08-10,0,0,0.4082498083821253
9,rf,2020-08-11,1,0,0.43462406708121015
9,rf,2020-08-12,0,0,0.4066268053380623
9,rf,2020-08-13,1,0,0.4227210962921299
9,rf,2020-08-14,1,0,0.4158982060005606
9,rf,2020-08-17,1,0,0.4500655430400287
9,rf,2020-08-18,0,0,0.425269961466883
9,rf,2020-08-19,1,0,0.44354542885051357
9,rf,2020-08-20,1,0,0.4250890248261655
9,rf,2020-08-21,1,0,0.42524598974057926
9,rf,2020-08-24,1,0,0.41107827177413964
9,rf,2020-08-25,1,0,0.4322295411016258
9,rf,2020-08-26,1,0,0.39526261429535614
9,rf,2020-08-27,1,0,0.3993458332707982
9,rf,2020-08-28,0,0,0.40101811589043157
9,rf,2020-08-31,1,0,0.4237096562432358
9,rf,2020-09-01,1,0,0.4009799635342581
9,rf,2020-09-02,0,0,0.40616840094156753
9,rf,2020-09-03,0,0,0.4406451574405233
9,rf,2020-09-04,0,0,0.4842520612978463
9,rf,2020-09-08,1,0,0.46142413955528744
9,rf,2020-09-09,0,0,0.46612733490601876
9,rf,2020-09-10,1,0,0.47154123504230533
9,rf,2020-09-11,1,0,0.4754944005088685
9,rf,2020-09-14,1,1,0.5094561588670687
9,rf,2020-09-15,0,0,0.48372523441842075
9,rf,2020-09-16,0,0,0.4937879452199401
9,rf,2020-09-17,0,0,0.46859483409859837
9,rf,2020-09-18,0,0,0.4897890458356677
9,rf,2020-09-21,1,1,0.5334156824513483
9,rf,2020-09-22,0,1,0.5107983809060098
9,rf,2020-09-23,1,1,0.5590649507831792
9,rf,2020-09-24,1,1,0.565990462119294
9,rf,2020-09-25,1,1,0.5614231134441257
9,rf,2020-09-28,0,0,0.4423686176138212
9,rf,2020-09-29,1,0,0.46680873784953253
9,rf,2020-09-30,1,0,0.42146614805786936
9,rf,2020-10-01,0,0,0.44678794556600393
9,rf,2020-10-02,1,0,0.4562518000506491
9,rf,2020-10-05,0,0,0.4404754654506887
9,rf,2020-10-06,1,0,0.429023658633016
9,rf,2020-10-07,1,0,0.4112270789715448
9,rf,2020-10-08,1,0,0.4487856730382876
9,rf,2020-10-09,1,0,0.4286312749429797
9,rf,2020-10-12,0,0,0.44549562017058153
9,rf,2020-10-13,0,0,0.44844473702174603
9,rf,2020-10-14,0,0,0.4492043981130673
9,rf,2020-10-15,0,0,0.4656803027718418
9,rf,2020-10-16,0,0,0.46943649059321546
9,rf,2020-10-19,1,0,0.45260749569622266
9,rf,2020-10-20,0,0,0.44377086870937943
9,rf,2020-10-21,1,0,0.4534355184052374
9,rf,2020-10-22,1,0,0.4568173969045035
9,rf,2020-10-23,0,0,0.4615416297143785
9,rf,2020-10-26,0,0,0.4439300722622711
9,rf,2020-10-27,0,0,0.461744107093848
9,rf,2020-10-28,1,1,0.5391103238593831
9,rf,2020-10-29,0,1,0.5354303517840585
9,rf,2020-10-30,1,1,0.5510615874850457
9,rf,2020-11-02,1,1,0.5672709093204689
9,rf,2020-11-03,1,1,0.5039326488849318
9,rf,2020-11-04,1,0,0.4234651177544885
9,rf,2020-11-05,0,0,0.44937040981376924
9,rf,2020-11-06,1,0,0.4442515073745972
9,rf,2020-11-09,0,0,0.44371481411716684
9,rf,2020-11-10,1,0,0.4420493341670518
9,rf,2020-11-11,0,0,0.452927322776223
9,rf,2020-11-12,1,0,0.4571329153752569
9,rf,2020-11-13,1,0,0.43804668646909745
9,rf,2020-11-16,0,0,0.4710173827074167
9,rf,2020-11-17,0,0,0.4408384263659204
9,rf,2020-11-18,1,0,0.47365150908717085
9,rf,2020-11-19,0,0,0.4659919525275686
9,rf,2020-11-20,1,0,0.4726929577386722
9,rf,2020-11-23,1,0,0.4814356874796745
9,rf,2020-11-24,0,0,0.4606698824901891
9,rf,2020-11-25,1,0,0.4352791925169766
9,rf,2020-11-27,0,0,0.46694222567443516
9,rf,2020-11-30,1,0,0.4508900979604701
9,rf,2020-12-01,1,0,0.4338650331713265
9,rf,2020-12-02,0,0,0.461973980231141
9,rf,2020-12-03,1,0,0.4265423644594518
9,rf,2020-12-04,0,0,0.438809793504781
9,rf,2020-12-07,1,0,0.4285635776708259
9,rf,2020-12-08,0,0,0.41924217097516486
9,rf,2020-12-09,0,0,0.4512902904481866
9,rf,2020-12-10,0,0,0.4138785451575351
9,rf,2020-12-11,0,0,0.4601506028519276
9,rf,2020-12-14,1,0,0.43445680890172395
9,rf,2020-12-15,1,0,0.43181785730812977
9,rf,2020-12-16,1,0,0.4365991225867181
9,rf,2020-12-17,0,0,0.42471858141357094
9,rf,2020-12-18,0,0,0.47116157372060824
9,rf,2020-12-21,0,0,0.443582485049987
9,rf,2020-12-22,1,0,0.45383956453847135
9,rf,2020-12-23,1,0,0.4340057966531863
9,rf,2020-12-24,1,0,0.45732842782097255
9,rf,2020-12-28,0,0,0.4444390918747313
9,rf,2020-12-29,1,0,0.44516487025939605
9,rf,2020-12-30,1,0,0.4261309136310127
9,rf,2020-12-31,0,0,0.4300799568464898
9,rf,2021-01-04,1,0,0.44344133036286604
9,rf,2021-01-05,1,0,0.46407163916278193
9,rf,2021-01-06,1,0,0.43427496040585606
9,rf,2021-01-07,1,0,0.42027945571064457
9,rf,2021-01-08,0,0,0.42584469806488773
9,rf,2021-01-11,1,0,0.431778010881802
9,rf,2021-01-12,1,0,0.4328663445677519
9,rf,2021-01-13,0,0,0.43692343187430954
9,xgb,2020-07-16,1,0,0.4668199121952057
9,xgb,2020-07-17,1,1,0.8067231178283691
9,xgb,2020-07-20,1,0,0.2899910509586334
9,xgb,2020-07-21,1,0,0.21937507390975952
9,xgb,2020-07-22,0,0,0.21766389906406403
9,xgb,2020-07-23,0,0,0.4271698296070099
9,xgb,2020-07-24,1,0,0.19105051457881927
9,xgb,2020-07-27,0,1,0.666195273399353
9,xgb,2020-07-28,1,0,0.12435189634561539
9,xgb,2020-07-29,0,0,0.20199386775493622
9,xgb,2020-07-30,1,1,0.6610355973243713
9,xgb,2020-07-31,1,0,0.19964949786663055
9,xgb,2020-08-03,1,1,0.5141221284866333
9,xgb,2020-08-04,1,0,0.34808459877967834
9,xgb,2020-08-05,1,1,0.6802441477775574
9,xgb,2020-08-06,1,0,0.3718448281288147
9,xgb,2020-08-07,1,0,0.30060601234436035
9,xgb,2020-08-10,0,0,0.2013723999261856
9,xgb,2020-08-11,1,0,0.303768515586853
9,xgb,2020-08-12,0,0,0.2508774697780609
9,xgb,2020-08-13,1,1,0.6961009502410889
9,xgb,2020-08-14,1,0,0.4767814874649048
9,xgb,2020-08-17,1,1,0.9233600497245789
9,xgb,2020-08-18,0,0,0.20212696492671967
9,xgb,2020-08-19,1,0,0.3892083764076233
9,xgb,2020-08-20,1,0,0.2649249732494354
9,xgb,2020-08-21,1,0,0.40216100215911865
9,xgb,2020-08-24,1,0,0.296516478061676
9,xgb,2020-08-25,1,0,0.3228294253349304
9,xgb,2020-08-26,1,0,0.2723493278026581
9,xgb,2020-08-27,1,0,0.17953640222549438
9,xgb,2020-08-28,0,0,0.1283339112997055
9,xgb,2020-08-31,1,0,0.3255312740802765
9,xgb,2020-09-01,1,0,0.060119688510894775
9,xgb,2020-09-02,0,0,0.20865540206432343
9,xgb,2020-09-03,0,0,0.23961468040943146
9,xgb,2020-09-04,0,0,0.22978556156158447
9,xgb,2020-09-08,1,0,0.10721314698457718
9,xgb,2020-09-09,0,0,0.37667331099510193
9,xgb,2020-09-10,1,0,0.18283827602863312
9,xgb,2020-09-11,1,0,0.04569391533732414
9,xgb,2020-09-14,1,0,0.30913835763931274
9,xgb,2020-09-15,0,1,0.6080018281936646
9,xgb,2020-09-16,0,1,0.5504206418991089
9,xgb,2020-09-17,0,1,0.6955530047416687
9,xgb,2020-09-18,0,0,0.3669460415840149
9,xgb,2020-09-21,1,0,0.34671974182128906
9,xgb,2020-09-22,0,0,0.2557639181613922
9,xgb,2020-09-23,1,1,0.5254052877426147
9,xgb,2020-09-24,1,1,0.6176378130912781
9,xgb,2020-09-25,1,1,0.6229734420776367
9,xgb,2020-09-28,0,0,0.13965174555778503
9,xgb,2020-09-29,1,0,0.24277830123901367
9,xgb,2020-09-30,1,0,0.04897523298859596
9,xgb,2020-10-01,0,1,0.6186388731002808
9,xgb,2020-10-02,1,0,0.46951889991760254
9,xgb,2020-10-05,0,0,0.19442470371723175
9,xgb,2020-10-06,1,0,0.08915994316339493
9,xgb,2020-10-07,1,0,0.16310571134090424
9,xgb,2020-10-08,1,0,0.329054594039917
9,xgb,2020-10-09,1,0,0.17260795831680298
9,xgb,2020-10-12,0,0,0.4363517761230469
9,xgb,2020-10-13,0,1,0.579929530620575
9,xgb,2020-10-14,0,1,0.7841987609863281
9,xgb,2020-10-15,0,1,0.7001962065696716
9,xgb,2020-10-16,0,0,0.43868109583854675
9,xgb,2020-10-19,1,0,0.4072718620300293
9,xgb,2020-10-20,0,0,0.16574975848197937
9,xgb,2020-10-21,1,0,0.3381613790988922
9,xgb,2020-10-22,1,0,0.4914638102054596
9,xgb,2020-10-23,0,0,0.36652183532714844
9,xgb,2020-10-26,0,0,0.20384158194065094
9,xgb,2020-10-27,0,0,0.12192168831825256
9,xgb,2020-10-28,1,0,0.4141383767127991
9,xgb,2020-10-29,0,0,0.34158751368522644
9,xgb,2020-10-30,1,0,0.44779172539711
9,xgb,2020-11-02,1,1,0.785570502281189
9,xgb,2020-11-03,1,1,0.569684624671936
9,xgb,2020-11-04,1,0,0.08802919089794159
9,xgb,2020-11-05,0,0,0.37213751673698425
9,xgb,2020-11-06,1,0,0.39790213108062744
9,xgb,2020-11-09,0,0,0.044756293296813965
9,xgb,2020-11-10,1,0,0.2495133876800537
9,xgb,2020-11-11,0,0,0.22688430547714233
9,xgb,2020-11-12,1,0,0.25796419382095337
9,xgb,2020-11-13,1,0,0.14819519221782684
9,xgb,2020-11-16,0,1,0.6142280101776123
9,xgb,2020-11-17,0,0,0.22412902116775513
9,xgb,2020-11-18,1,1,0.7492626309394836
9,xgb,2020-11-19,0,1,0.6774174571037292
9,xgb,2020-11-20,1,1,0.7088409662246704
9,xgb,2020-11-23,1,1,0.6981353163719177
9,xgb,2020-11-24,0,1,0.5080984234809875
9,xgb,2020-11-25,1,0,0.2580660581588745
9,xgb,2020-11-27,0,0,0.43956494331359863
9,xgb,2020-11-30,1,0,0.19707350432872772
9,xgb,2020-12-01,1,0,0.39629146456718445
9,xgb,2020-12-02,0,1,0.8811615705490112
9,xgb,2020-12-03,1,0,0.4839273691177368
9,xgb,2020-12-04,0,1,0.7686951756477356
9,xgb,2020-12-07,1,0,0.27033862471580505
9,xgb,2020-12-08,0,1,0.5474902391433716
9,xgb,2020-12-09,0,1,0.6073697209358215
9,xgb,2020-12-10,0,0,0.13816221058368683
9,xgb,2020-12-11,0,1,0.8309312462806702
9,xgb,2020-12-14,1,0,0.16950811445713043
9,xgb,2020-12-15,1,0,0.15049061179161072
9,xgb,2020-12-16,1,0,0.1761413812637329
9,xgb,2020-12-17,0,0,0.2091100811958313
9,xgb,2020-12-18,0,0,0.48535916209220886
9,xgb,2020-12-21,0,0,0.32483285665512085
9,xgb,2020-12-22,1,0,0.2777525782585144
9,xgb,2020-12-23,1,0,0.1959276646375656
9,xgb,2020-12-24,1,0,0.16659234464168549
9,xgb,2020-12-28,0,0,0.34957176446914673
9,xgb,2020-12-29,1,1,0.5158739686012268
9,xgb,2020-12-30,1,0,0.26495400071144104
9,xgb,2020-12-31,0,0,0.16517582535743713
9,xgb,2021-01-04,1,0,0.2408425658941269
9,xgb,2021-01-05,1,0,0.21723221242427826
9,xgb,2021-01-06,1,0,0.23324066400527954
9,xgb,2021-01-07,1,0,0.4419696033000946
9,xgb,2021-01-08,0,0,0.3253672122955322
9,xgb,2021-01-11,1,0,0.45427611470222473
9,xgb,2021-01-12,1,1,0.5829065442085266
9,xgb,2021-01-13,0,1,0.6383150815963745
10,majority,2021-01-26,0,1,0.5584905660377358
10,majority,2021-01-27,1,1,0.5584905660377358
10,majority,2021-01-28,0,1,0.5584905660377358
10,majority,2021-01-29,1,1,0.5584905660377358
10,majority,2021-02-01,1,1,0.5584905660377358
10,majority,2021-02-02,1,1,0.5584905660377358
10,majority,2021-02-03,1,1,0.5584905660377358
10,majority,2021-02-04,1,1,0.5584905660377358
10,majority,2021-02-05,1,1,0.5584905660377358
10,majority,2021-02-08,0,1,0.5584905660377358
10,majority,2021-02-09,0,1,0.5584905660377358
10,majority,2021-02-10,1,1,0.5584905660377358
10,majority,2021-02-11,1,1,0.5584905660377358
10,majority,2021-02-12,0,1,0.5584905660377358
10,majority,2021-02-16,1,1,0.5584905660377358
10,majority,2021-02-17,0,1,0.5584905660377358
10,majority,2021-02-18,0,1,0.5584905660377358
10,majority,2021-02-19,0,1,0.5584905660377358
10,majority,2021-02-22,1,1,0.5584905660377358
10,majority,2021-02-23,1,1,0.5584905660377358
10,majority,2021-02-24,0,1,0.5584905660377358
10,majority,2021-02-25,0,1,0.5584905660377358
10,majority,2021-02-26,1,1,0.5584905660377358
10,majority,2021-03-01,0,1,0.5584905660377358
10,majority,2021-03-02,0,1,0.5584905660377358
10,majority,2021-03-03,0,1,0.5584905660377358
10,majority,2021-03-04,1,1,0.5584905660377358
10,majority,2021-03-05,0,1,0.5584905660377358
10,majority,2021-03-08,1,1,0.5584905660377358
10,majority,2021-03-09,1,1,0.5584905660377358
10,majority,2021-03-10,1,1,0.5584905660377358
10,majority,2021-03-11,1,1,0.5584905660377358
10,majority,2021-03-12,1,1,0.5584905660377358
10,majority,2021-03-15,0,1,0.5584905660377358
10,majority,2021-03-16,1,1,0.5584905660377358
10,majority,2021-03-17,0,1,0.5584905660377358
10,majority,2021-03-18,0,1,0.5584905660377358
10,majority,2021-03-19,1,1,0.5584905660377358
10,majority,2021-03-22,0,1,0.5584905660377358
10,majority,2021-03-23,0,1,0.5584905660377358
10,majority,2021-03-24,1,1,0.5584905660377358
10,majority,2021-03-25,1,1,0.5584905660377358
10,majority,2021-03-26,0,1,0.5584905660377358
10,majority,2021-03-29,0,1,0.5584905660377358
10,majority,2021-03-30,1,1,0.5584905660377358
10,majority,2021-03-31,1,1,0.5584905660377358
10,majority,2021-04-01,1,1,0.5584905660377358
10,majority,2021-04-05,0,1,0.5584905660377358
10,majority,2021-04-06,1,1,0.5584905660377358
10,majority,2021-04-07,1,1,0.5584905660377358
10,majority,2021-04-08,1,1,0.5584905660377358
10,majority,2021-04-09,1,1,0.5584905660377358
10,majority,2021-04-12,1,1,0.5584905660377358
10,majority,2021-04-13,0,1,0.5584905660377358
10,majority,2021-04-14,1,1,0.5584905660377358
10,majority,2021-04-15,1,1,0.5584905660377358
10,majority,2021-04-16,0,1,0.5584905660377358
10,majority,2021-04-19,0,1,0.5584905660377358
10,majority,2021-04-20,1,1,0.5584905660377358
10,majority,2021-04-21,0,1,0.5584905660377358
10,majority,2021-04-22,1,1,0.5584905660377358
10,majority,2021-04-23,1,1,0.5584905660377358
10,majority,2021-04-26,0,1,0.5584905660377358
10,majority,2021-04-27,0,1,0.5584905660377358
10,majority,2021-04-28,1,1,0.5584905660377358
10,majority,2021-04-29,0,1,0.5584905660377358
10,majority,2021-04-30,1,1,0.5584905660377358
10,majority,2021-05-03,0,1,0.5584905660377358
10,majority,2021-05-04,1,1,0.5584905660377358
10,majority,2021-05-05,1,1,0.5584905660377358
10,majority,2021-05-06,1,1,0.5584905660377358
10,majority,2021-05-07,0,1,0.5584905660377358
10,majority,2021-05-10,0,1,0.5584905660377358
10,majority,2021-05-11,0,1,0.5584905660377358
10,majority,2021-05-12,1,1,0.5584905660377358
10,majority,2021-05-13,1,1,0.5584905660377358
10,majority,2021-05-14,0,1,0.5584905660377358
10,majority,2021-05-17,0,1,0.5584905660377358
10,majority,2021-05-18,0,1,0.5584905660377358
10,majority,2021-05-19,1,1,0.5584905660377358
10,majority,2021-05-20,0,1,0.5584905660377358
10,majority,2021-05-21,1,1,0.5584905660377358
10,majority,2021-05-24,0,1,0.5584905660377358
10,majority,2021-05-25,1,1,0.5584905660377358
10,majority,2021-05-26,1,1,0.5584905660377358
10,majority,2021-05-27,1,1,0.5584905660377358
10,majority,2021-05-28,0,1,0.5584905660377358
10,majority,2021-06-01,1,1,0.5584905660377358
10,majority,2021-06-02,0,1,0.5584905660377358
10,majority,2021-06-03,1,1,0.5584905660377358
10,majority,2021-06-04,0,1,0.5584905660377358
10,majority,2021-06-07,1,1,0.5584905660377358
10,majority,2021-06-08,0,1,0.5584905660377358
10,majority,2021-06-09,1,1,0.5584905660377358
10,majority,2021-06-10,1,1,0.5584905660377358
10,majority,2021-06-11,1,1,0.5584905660377358
10,majority,2021-06-14,0,1,0.5584905660377358
10,majority,2021-06-15,0,1,0.5584905660377358
10,majority,2021-06-16,0,1,0.5584905660377358
10,majority,2021-06-17,0,1,0.5584905660377358
10,majority,2021-06-18,1,1,0.5584905660377358
10,majority,2021-06-21,1,1,0.5584905660377358
10,majority,2021-06-22,0,1,0.5584905660377358
10,majority,2021-06-23,1,1,0.5584905660377358
10,majority,2021-06-24,1,1,0.5584905660377358
10,majority,2021-06-25,1,1,0.5584905660377358
10,majority,2021-06-28,1,1,0.5584905660377358
10,majority,2021-06-29,1,1,0.5584905660377358
10,majority,2021-06-30,1,1,0.5584905660377358
10,majority,2021-07-01,1,1,0.5584905660377358
10,majority,2021-07-02,0,1,0.5584905660377358
10,majority,2021-07-06,1,1,0.5584905660377358
10,majority,2021-07-07,0,1,0.5584905660377358
10,majority,2021-07-08,1,1,0.5584905660377358
10,majority,2021-07-09,1,1,0.5584905660377358
10,majority,2021-07-12,0,1,0.5584905660377358
10,majority,2021-07-13,1,1,0.5584905660377358
10,majority,2021-07-14,0,1,0.5584905660377358
10,majority,2021-07-15,0,1,0.5584905660377358
10,majority,2021-07-16,0,1,0.5584905660377358
10,majority,2021-07-19,1,1,0.5584905660377358
10,majority,2021-07-20,1,1,0.5584905660377358
10,majority,2021-07-21,1,1,0.5584905660377358
10,majority,2021-07-22,1,1,0.5584905660377358
10,majority,2021-07-23,1,1,0.5584905660377358
10,majority,2021-07-26,0,1,0.5584905660377358
10,naive,2021-01-26,0,0,0.5
10,naive,2021-01-27,1,0,0.5
10,naive,2021-01-28,0,1,0.5
10,naive,2021-01-29,1,0,0.5
10,naive,2021-02-01,1,1,0.5
10,naive,2021-02-02,1,1,0.5
10,naive,2021-02-03,1,1,0.5
10,naive,2021-02-04,1,1,0.5
10,naive,2021-02-05,1,1,0.5
10,naive,2021-02-08,0,1,0.5
10,naive,2021-02-09,0,0,0.5
10,naive,2021-02-10,1,0,0.5
10,naive,2021-02-11,1,1,0.5
10,naive,2021-02-12,0,1,0.5
10,naive,2021-02-16,1,0,0.5
10,naive,2021-02-17,0,1,0.5
10,naive,2021-02-18,0,0,0.5
10,naive,2021-02-19,0,0,0.5
10,naive,2021-02-22,1,0,0.5
10,naive,2021-02-23,1,1,0.5
10,naive,2021-02-24,0,1,0.5
10,naive,2021-02-25,0,0,0.5
10,naive,2021-02-26,1,0,0.5
10,naive,2021-03-01,0,1,0.5
10,naive,2021-03-02,0,0,0.5
10,naive,2021-03-03,0,0,0.5
10,naive,2021-03-04,1,0,0.5
10,naive,2021-03-05,0,1,0.5
10,naive,2021-03-08,1,0,0.5
10,naive,2021-03-09,1,1,0.5
10,naive,2021-03-10,1,1,0.5
10,naive,2021-03-11,1,1,0.5
10,naive,2021-03-12,1,1,0.5
10,naive,2021-03-15,0,1,0.5
10,naive,2021-03-16,1,0,0.5
10,naive,2021-03-17,0,1,0.5
10,naive,2021-03-18,0,0,0.5
10,naive,2021-03-19,1,0,0.5
10,naive,2021-03-22,0,1,0.5
10,naive,2021-03-23,0,0,0.5
10,naive,2021-03-24,1,0,0.5
10,naive,2021-03-25,1,1,0.5
10,naive,2021-03-26,0,1,0.5
10,naive,2021-03-29,0,0,0.5
10,naive,2021-03-30,1,0,0.5
10,naive,2021-03-31,1,1,0.5
10,naive,2021-04-01,1,1,0.5
10,naive,2021-04-05,0,1,0.5
10,naive,2021-04-06,1,0,0.5
10,naive,2021-04-07,1,1,0.5
10,naive,2021-04-08,1,1,0.5
10,naive,2021-04-09,1,1,0.5
10,naive,2021-04-12,1,1,0.5
10,naive,2021-04-13,0,1,0.5
10,naive,2021-04-14,1,0,0.5
10,naive,2021-04-15,1,1,0.5
10,naive,2021-04-16,0,1,0.5
10,naive,2021-04-19,0,0,0.5
10,naive,2021-04-20,1,0,0.5
10,naive,2021-04-21,0,1,0.5
10,naive,2021-04-22,1,0,0.5
10,naive,2021-04-23,1,1,0.5
10,naive,2021-04-26,0,1,0.5
10,naive,2021-04-27,0,0,0.5
10,naive,2021-04-28,1,0,0.5
10,naive,2021-04-29,0,1,0.5
10,naive,2021-04-30,1,0,0.5
10,naive,2021-05-03,0,1,0.5
10,naive,2021-05-04,1,0,0.5
10,naive,2021-05-05,1,1,0.5
10,naive,2021-05-06,1,1,0.5
10,naive,2021-05-07,0,1,0.5
10,naive,2021-05-10,0,0,0.5
10,naive,2021-05-11,0,0,0.5
10,naive,2021-05-12,1,0,0.5
10,naive,2021-05-13,1,1,0.5
10,naive,2021-05-14,0,1,0.5
10,naive,2021-05-17,0,0,0.5
10,naive,2021-05-18,0,0,0.5
10,naive,2021-05-19,1,0,0.5
10,naive,2021-05-20,0,1,0.5
10,naive,2021-05-21,1,0,0.5
10,naive,2021-05-24,0,1,0.5
10,naive,2021-05-25,1,0,0.5
10,naive,2021-05-26,1,1,0.5
10,naive,2021-05-27,1,1,0.5
10,naive,2021-05-28,0,1,0.5
10,naive,2021-06-01,1,0,0.5
10,naive,2021-06-02,0,1,0.5
10,naive,2021-06-03,1,0,0.5
10,naive,2021-06-04,0,1,0.5
10,naive,2021-06-07,1,0,0.5
10,naive,2021-06-08,0,1,0.5
10,naive,2021-06-09,1,0,0.5
10,naive,2021-06-10,1,1,0.5
10,naive,2021-06-11,1,1,0.5
10,naive,2021-06-14,0,1,0.5
10,naive,2021-06-15,0,0,0.5
10,naive,2021-06-16,0,0,0.5
10,naive,2021-06-17,0,0,0.5
10,naive,2021-06-18,1,0,0.5
10,naive,2021-06-21,1,1,0.5
10,naive,2021-06-22,0,1,0.5
10,naive,2021-06-23,1,0,0.5
10,naive,2021-06-24,1,1,0.5
10,naive,2021-06-25,1,1,0.5
10,naive,2021-06-28,1,1,0.5
10,naive,2021-06-29,1,1,0.5
10,naive,2021-06-30,1,1,0.5
10,naive,2021-07-01,1,1,0.5
10,naive,2021-07-02,0,1,0.5
10,naive,2021-07-06,1,0,0.5
10,naive,2021-07-07,0,1,0.5
10,naive,2021-07-08,1,0,0.5
10,naive,2021-07-09,1,1,0.5
10,naive,2021-07-12,0,1,0.5
10,naive,2021-07-13,1,0,0.5
10,naive,2021-07-14,0,1,0.5
10,naive,2021-07-15,0,0,0.5
10,naive,2021-07-16,0,0,0.5
10,naive,2021-07-19,1,0,0.5
10,naive,2021-07-20,1,1,0.5
10,naive,2021-07-21,1,1,0.5
10,naive,2021-07-22,1,1,0.5
10,naive,2021-07-23,1,1,0.5
10,naive,2021-07-26,0,1,0.5
10,logistic,2021-01-26,0,0,0.2613637384436072
10,logistic,2021-01-27,1,0,0.29470818251798203
10,logistic,2021-01-28,0,0,0.2557393296744718
10,logistic,2021-01-29,1,0,0.36704050155891577
10,logistic,2021-02-01,1,0,0.25747683855110093
10,logistic,2021-02-02,1,0,0.3097870138412166
10,logistic,2021-02-03,1,0,0.3326815001800732
10,logistic,2021-02-04,1,0,0.261745187323053
10,logistic,2021-02-05,1,0,0.28473461378176673
10,logistic,2021-02-08,0,0,0.2442412105408306
10,logistic,2021-02-09,0,0,0.3311646360250899
10,logistic,2021-02-10,1,0,0.36454299756641145
10,logistic,2021-02-11,1,0,0.3442891310448485
10,logistic,2021-02-12,0,0,0.37428971143418527
10,logistic,2021-02-16,1,0,0.428609580375303
10,logistic,2021-02-17,0,0,0.40016083083525883
10,logistic,2021-02-18,0,0,0.3956428645891668
10,logistic,2021-02-19,0,0,0.3579936376414856
10,logistic,2021-02-22,1,0,0.3609246552437396
10,logistic,2021-02-23,1,0,0.31833998737726604
10,logistic,2021-02-24,0,0,0.3289739429109976
10,logistic,2021-02-25,0,0,0.3876082942748729
10,logistic,2021-02-26,1,0,0.31399551709048085
10,logistic,2021-03-01,0,0,0.26107339210613645
10,logistic,2021-03-02,0,0,0.3408087824380377
10,logistic,2021-03-03,0,0,0.3444490178837508
10,logistic,2021-03-04,1,0,0.3368113797150067
10,logistic,2021-03-05,0,0,0.17851288151247177
10,logistic,2021-03-08,1,0,0.25392950667978836
10,logistic,2021-03-09,1,0,0.24460683939316982
10,logistic,2021-03-10,1,0,0.2668787669205718
10,logistic,2021-03-11,1,0,0.2388703597262921
10,logistic,2021-03-12,1,0,0.24296659214900124
10,logistic,2021-03-15,0,0,0.27524281114740407
10,logistic,2021-03-16,1,0,0.32219204069318363
10,logistic,2021-03-17,0,0,0.29720136823490806
10,logistic,2021-03-18,0,0,0.35964928744205854
10,logistic,2021-03-19,1,0,0.3547317247948482
10,logistic,2021-03-22,0,0,0.3218912881927637
10,logistic,2021-03-23,0,0,0.3925700036099719
10,logistic,2021-03-24,1,0,0.3559044124411021
10,logistic,2021-03-25,1,0,0.29570229264816494
10,logistic,2021-03-26,0,0,0.2734431409601967
10,logistic,2021-03-29,0,0,0.3440366091998137
10,logistic,2021-03-30,1,0,0.3452918711331431
10,logistic,2021-03-31,1,0,0.2818936637113829
10,logistic,2021-04-01,1,0,0.27605545850632285
10,logistic,2021-04-05,0,0,0.3247134984170303
10,logistic,2021-04-06,1,0,0.4651336190177331
10,logistic,2021-04-07,1,0,0.43595809196261287
10,logistic,2021-04-08,1,0,0.40384563093435455
10,logistic,2021-04-09,1,0,0.404056386812744
10,logistic,2021-04-12,1,0,0.47179444640741386
10,logistic,2021-04-13,0,1,0.5028958887182382
10,logistic,2021-04-14,1,1,0.5047709860469547
10,logistic,2021-04-15,1,0,0.4457529433727545
10,logistic,2021-04-16,0,0,0.4620849521964862
10,logistic,2021-04-19,0,1,0.5019499792069763
10,logistic,2021-04-20,1,0,0.45686386241403903
10,logistic,2021-04-21,0,0,0.36968584227290385
10,logistic,2021-04-22,1,0,0.4209658153748731
10,logistic,2021-04-23,1,0,0.3836391485695722
10,logistic,2021-04-26,0,0,0.4281301816198283
10,logistic,2021-04-27,0,0,0.41836549755791924
10,logistic,2021-04-28,1,0,0.4100543658275943
10,logistic,2021-04-29,0,0,0.39351270633667773
10,logistic,2021-04-30,1,0,0.42346781229279506
10,logistic,2021-05-03,0,0,0.38821256356007455
10,logistic,2021-05-04,1,0,0.4231519260408771
10,logistic,2021-05-05,1,0,0.38639850521206454
10,logistic,2021-05-06,1,0,0.38154808299563553
10,logistic,2021-05-07,0,0,0.3970217585234443
10,logistic,2021-05-10,0,0,0.40401315305219165
10,logistic,2021-05-11,0,0,0.3738090564597704
10,logistic,2021-05-12,1,0,0.33583103609410625
10,logistic,2021-05-13,1,0,0.2485509156863783
10,logistic,2021-05-14,0,0,0.3171999123201372
10,logistic,2021-05-17,0,0,0.40588538227069093
10,logistic,2021-05-18,0,0,0.3729612159595849
10,logistic,2021-05-19,1,0,0.3164548423552394
10,logistic,2021-05-20,0,0,0.22578892448055576
10,logistic,2021-05-21,1,0,0.3129253185968384
10,logistic,2021-05-24,0,0,0.3159762250459931
10,logistic,2021-05-25,1,0,0.36590128302671343
10,logistic,2021-05-26,1,0,0.31417505409983343
10,logistic,2021-05-27,1,0,0.3293072691478749
10,logistic,2021-05-28,0,0,0.34629839543806085
10,logistic,2021-06-01,1,0,0.368289203005691
10,logistic,2021-06-02,0,0,0.3618286401631215
10,logistic,2021-06-03,1,0,0.3870008009804874
10,logistic,2021-06-04,0,0,0.3746041396918545
10,logistic,2021-06-07,1,0,0.42681008143925414
10,logistic,2021-06-08,0,0,0.37328964146062993
10,logistic,2021-06-09,1,0,0.3989771166288598
10,logistic,2021-06-10,1,0,0.35281674297898397
10,logistic,2021-06-11,1,0,0.36620866415327813
10,logistic,2021-06-14,0,0,0.38084207110113877
10,logistic,2021-06-15,0,0,0.39776467897441214
10,logistic,2021-06-16,0,0,0.3690426262657124
10,logistic,2021-06-17,0,0,0.3759630177772964
10,logistic,2021-06-18,1,0,0.4160652958410965
10,logistic,2021-06-21,1,0,0.37466687392963055
10,logistic,2021-06-22,0,0,0.4189396989893859
10,logistic,2021-06-23,1,0,0.3989647120156913
10,logistic,2021-06-24,1,0,0.3681792804709966
10,logistic,2021-06-25,1,0,0.37575142316157517
10,logistic,2021-06-28,1,0,0.3423279232503052
10,logistic,2021-06-29,1,0,0.3947846637823541
10,logistic,2021-06-30,1,0,0.4098413541171619
10,logistic,2021-07-01,1,0,0.4213331683534838
10,logistic,2021-07-02,0,0,0.46093498826902674
10,logistic,2021-07-06,1,1,0.502899577703471
10,logistic,2021-07-07,0,0,0.4581160950124754
10,logistic,2021-07-08,1,0,0.42897330567269243
10,logistic,2021-07-09,1,0,0.34444976992236226
10,logistic,2021-07-12,0,0,0.41335647456766933
10,logistic,2021-07-13,1,0,0.45784852492506056
10,logistic,2021-07-14,0,0,0.41617293939990474
10,logistic,2021-07-15,0,0,0.4364897814422642
10,logistic,2021-07-16,0,0,0.4009592793207465
10,logistic,2021-07-19,1,0,0.3876707171089254
10,logistic,2021-07-20,1,0,0.3200763393497571
10,logistic,2021-07-21,1,0,0.36675697607243346
10,logistic,2021-07-22,1,0,0.3823307540576398
10,logistic,2021-07-23,1,0,0.378313993131498
10,logistic,2021-07-26,0,0,0.3849116429249776
10,rf,2021-01-26,0,0,0.43612297872301714
10,rf,2021-01-27,1,0,0.3931762396007468
10,rf,2021-01-28,0,0,0.38995142850511383
10,rf,2021-01-29,1,0,0.43578810948374125
10,rf,2021-02-01,1,0,0.4209781121239228
10,rf,2021-02-02,1,1,0.5789862070286311
10,rf,2021-02-03,1,1,0.6220968685827343
10,rf,2021-02-04,1,0,0.4444090978494494
10,rf,2021-02-05,1,1,0.5757301772540676
10,rf,2021-02-08,0,0,0.3801966784964522
10,rf,2021-02-09,0,0,0.475153345723589
10,rf,2021-02-10,1,0,0.3785277606211831
10,rf,2021-02-11,1,0,0.4556537626511158
10,rf,2021-02-12,0,0,0.2774610406672484
10,rf,2021-02-16,1,0,0.3495818417868972
10,rf,2021-02-17,0,0,0.29956964606984643
10,rf,2021-02-18,0,0,0.4212055628241033
10,rf,2021-02-19,0,0,0.3606073225814155
10,rf,2021-02-22,1,0,0.37398500547914204
10,rf,2021-02-23,1,0,0.36074294478801844
10,rf,2021-02-24,0,0,0.3637915395696649
10,rf,2021-02-25,0,0,0.4105887581275246
10,rf,2021-02-26,1,0,0.42781481360713136
10,rf,2021-03-01,0,0,0.47001321638010796
10,rf,2021-03-02,0,1,0.5514678231102799
10,rf,2021-03-03,0,1,0.5034637171186104
10,rf,2021-03-04,1,1,0.5317071354815949
10,rf,2021-03-05,0,0,0.49979692219353733
10,rf,2021-03-08,1,0,0.43354358082751027
10,rf,2021-03-09,1,0,0.4280921773553693
10,rf,2021-03-10,1,1,0.5535219046682407
10,rf,2021-03-11,1,0,0.4881219328355468
10,rf,2021-03-12,1,0,0.4913429811966857
10,rf,2021-03-15,0,0,0.3760167540498969
10,rf,2021-03-16,1,1,0.5582525266073148
10,rf,2021-03-17,0,0,0.3423962033659787
10,rf,2021-03-18,0,1,0.5021331584003264
10,rf,2021-03-19,1,0,0.4139543039653768
10,rf,2021-03-22,0,1,0.5071062256949703
10,rf,2021-03-23,0,0,0.43272332125614205
10,rf,2021-03-24,1,0,0.45277727006950214
10,rf,2021-03-25,1,1,0.5168149390176595
10,rf,2021-03-26,0,1,0.5534623398335583
10,rf,2021-03-29,0,1,0.5116845034129995
10,rf,2021-03-30,1,0,0.4738355759886509
10,rf,2021-03-31,1,1,0.544618191143929
10,rf,2021-04-01,1,0,0.4866628495968779
10,rf,2021-04-05,0,0,0.40962674860403986
10,rf,2021-04-06,1,0,0.3892771070298142
10,rf,2021-04-07,1,0,0.375293094511616
10,rf,2021-04-08,1,0,0.4271419266549474
10,rf,2021-04-09,1,0,0.3620748867799659
10,rf,2021-04-12,1,0,0.32771561963037915
10,rf,2021-04-13,0,0,0.2680298530029413
10,rf,2021-04-14,1,0,0.3577114566995644
10,rf,2021-04-15,1,0,0.3205863348018905
10,rf,2021-04-16,0,0,0.35118970549799416
10,rf,2021-04-19,0,0,0.32032075040872615
10,rf,2021-04-20,1,1,0.5068352022142668
10,rf,2021-04-21,0,0,0.3894953185638126
10,rf,2021-04-22,1,0,0.38245230145339726
10,rf,2021-04-23,1,0,0.3463246619767827
10,rf,2021-04-26,0,0,0.4373099766921657
10,rf,2021-04-27,0,0,0.4166625844410128
10,rf,2021-04-28,1,0,0.46083960011255337
10,rf,2021-04-29,0,0,0.4306683343469486
10,rf,2021-04-30,1,0,0.4064391095931569
10,rf,2021-05-03,0,0,0.40706329881612374
10,rf,2021-05-04,1,0,0.4505761436888931
10,rf,2021-05-05,1,0,0.4479963357292049
10,rf,2021-05-06,1,0,0.41786016033377327
10,rf,2021-05-07,0,0,0.4623940564518018
10,rf,2021-05-10,0,0,0.46757284711016506
10,rf,2021-05-11,0,0,0.4326477776262495
10,rf,2021-05-12,1,0,0.4554056323352187
10,rf,2021-05-13,1,0,0.46893532695170487
10,rf,2021-05-14,0,1,0.5309316203681541
10,rf,2021-05-17,0,1,0.559954203360951
10,rf,2021-05-18,0,1,0.5699207179413249
10,rf,2021-05-19,1,1,0.6094459350120138
10,rf,2021-05-20,0,1,0.554197968739769
10,rf,2021-05-21,1,1,0.5107413622815521
10,rf,2021-05-24,0,0,0.41465393976472065
10,rf,2021-05-25,1,1,0.5251955159576958
10,rf,2021-05-26,1,0,0.48042091651769153
10,rf,2021-05-27,1,1,0.5250809165993925
10,rf,2021-05-28,0,1,0.5320541849644188
10,rf,2021-06-01,1,1,0.5429269671689275
10,rf,2021-06-02,0,0,0.4758512676604309
10,rf,2021-06-03,1,0,0.49246791386351285
10,rf,2021-06-04,0,0,0.4965398537332431
10,rf,2021-06-07,1,1,0.5094594259796529
10,rf,2021-06-08,0,0,0.4171499720206364
10,rf,2021-06-09,1,1,0.5481225230520967
10,rf,2021-06-10,1,1,0.5592942970521619
10,rf,2021-06-11,1,1,0.5353989838020871
10,rf,2021-06-14,0,0,0.4767986726849331
10,rf,2021-06-15,0,1,0.5557967714970967
10,rf,2021-06-16,0,0,0.46867161732900137
10,rf,2021-06-17,0,1,0.5349205631650014
10,rf,2021-06-18,1,0,0.45035711182457905
10,rf,2021-06-21,1,0,0.4319781786480547
10,rf,2021-06-22,0,0,0.4906950843616899
10,rf,2021-06-23,1,0,0.45499193361875284
10,rf,2021-06-24,1,0,0.46099120715585284
10,rf,2021-06-25,1,1,0.6079307218333447
10,rf,2021-06-28,1,1,0.5093430482866897
10,rf,2021-06-29,1,1,0.500024047639247
10,rf,2021-06-30,1,0,0.49262694155508757
10,rf,2021-07-01,1,0,0.4823657997636661
10,rf,2021-07-02,0,0,0.38624595443145027
10,rf,2021-07-06,1,0,0.4148702600377231
10,rf,2021-07-07,0,0,0.3316404040378135
10,rf,2021-07-08,1,1,0.5117408163310366
10,rf,2021-07-09,1,0,0.45209890019671983
10,rf,2021-07-12,0,0,0.44548412051584135
10,rf,2021-07-13,1,0,0.4632449190339895
10,rf,2021-07-14,0,1,0.5421221126896393
10,rf,2021-07-15,0,0,0.4346262089148866
10,rf,2021-07-16,0,0,0.37405820965363784
10,rf,2021-07-19,1,0,0.37791547605557846
10,rf,2021-07-20,1,0,0.3888316225931201
10,rf,2021-07-21,1,1,0.5589378782480481
10,rf,2021-07-22,1,0,0.48575251609205805
10,rf,2021-07-23,1,1,0.5221836137360187
10,rf,2021-07-26,0,1,0.6014679619527651
10,xgb,2021-01-26,0,1,0.5826855301856995
10,xgb,2021-01-27,1,0,0.27027374505996704
10,xgb,2021-01-28,0,0,0.11872326582670212
10,xgb,2021-01-29,1,0,0.11822357773780823
10,xgb,2021-02-01,1,0,0.23119491338729858
10,xgb,2021-02-02,1,1,0.5769593715667725
10,xgb,2021-02-03,1,1,0.8010655045509338
10,xgb,2021-02-04,1,1,0.5439659953117371
10,xgb,2021-02-05,1,1,0.822101354598999
10,xgb,2021-02-08,0,0,0.3299732506275177
10,xgb,2021-02-09,0,0,0.4394601583480835
10,xgb,2021-02-10,1,0,0.10032929480075836
10,xgb,2021-02-11,1,1,0.5691460371017456
10,xgb,2021-02-12,0,0,0.13490693271160126
10,xgb,2021-02-16,1,0,0.12780731916427612
10,xgb,2021-02-17,0,0,0.09379683434963226
10,xgb,2021-02-18,0,0,0.35802632570266724
10,xgb,2021-02-19,0,0,0.08561842888593674
10,xgb,2021-02-22,1,1,0.5293720960617065
10,xgb,2021-02-23,1,0,0.1613812893629074
10,xgb,2021-02-24,0,0,0.11854387074708939
10,xgb,2021-02-25,0,0,0.02337293140590191
10,xgb,2021-02-26,1,0,0.15225934982299805
10,xgb,2021-03-01,0,0,0.3065119683742523
10,xgb,2021-03-02,0,0,0.4322196841239929
10,xgb,2021-03-03,0,0,0.401376336812973
10,xgb,2021-03-04,1,0,0.34041017293930054
10,xgb,2021-03-05,0,0,0.22760260105133057
10,xgb,2021-03-08,1,0,0.09184392541646957
10,xgb,2021-03-09,1,0,0.07172610610723495
10,xgb,2021-03-10,1,0,0.2759254276752472
10,xgb,2021-03-11,1,0,0.4839990735054016
10,xgb,2021-03-12,1,0,0.45312780141830444
10,xgb,2021-03-15,0,0,0.20917794108390808
10,xgb,2021-03-16,1,1,0.54901123046875
10,xgb,2021-03-17,0,0,0.2240000218153
10,xgb,2021-03-18,0,1,0.6611600518226624
10,xgb,2021-03-19,1,0,0.2125483900308609
10,xgb,2021-03-22,0,1,0.6738142967224121
10,xgb,2021-03-23,0,0,0.23408415913581848
10,xgb,2021-03-24,1,0,0.44587773084640503
10,xgb,2021-03-25,1,0,0.28168952465057373
10,xgb,2021-03-26,0,1,0.8343279957771301
10,xgb,2021-03-29,0,0,0.3404625952243805
10,xgb,2021-03-30,1,0,0.3127826750278473
10,xgb,2021-03-31,1,1,0.685567319393158
10,xgb,2021-04-01,1,0,0.31150156259536743
10,xgb,2021-04-05,0,0,0.47844070196151733
10,xgb,2021-04-06,1,0,0.2236315757036209
10,xgb,2021-04-07,1,0,0.36735835671424866
10,xgb,2021-04-08,1,0,0.4506533741950989
10,xgb,2021-04-09,1,0,0.21460987627506256
10,xgb,2021-04-12,1,0,0.08247270435094833
10,xgb,2021-04-13,0,0,0.01496892236173153
10,xgb,2021-04-14,1,0,0.1341075450181961
10,xgb,2021-04-15,1,0,0.06870170682668686
10,xgb,2021-04-16,0,0,0.08315843343734741
10,xgb,2021-04-19,0,0,0.03793563321232796
10,xgb,2021-04-20,1,1,0.5527013540267944
10,xgb,2021-04-21,0,0,0.4421463906764984
10,xgb,2021-04-22,1,0,0.15331384539604187
10,xgb,2021-04-23,1,0,0.16072489321231842
10,xgb,2021-04-26,0,0,0.31400066614151
10,xgb,2021-04-27,0,0,0.14903801679611206
10,xgb,2021-04-28,1,1,0.5977016687393188
10,xgb,2021-04-29,0,0,0.41126635670661926
10,xgb,2021-04-30,1,0,0.30407118797302246
10,xgb,2021-05-03,0,0,0.16514797508716583
10,xgb,2021-05-04,1,0,0.3332120478153229
10,xgb,2021-05-05,1,0,0.43305617570877075
10,xgb,2021-05-06,1,0,0.10087936371564865
10,xgb,2021-05-07,0,1,0.6164591908454895
10,xgb,2021-05-10,0,0,0.4573029577732086
10,xgb,2021-05-11,0,0,0.2687630355358124
10,xgb,2021-05-12,1,0,0.2916213870048523
10,xgb,2021-05-13,1,1,0.500456690788269
10,xgb,2021-05-14,0,1,0.5829315781593323
10,xgb,2021-05-17,0,0,0.4945121705532074
10,xgb,2021-05-18,0,1,0.7810987234115601
10,xgb,2021-05-19,1,1,0.8801677823066711
10,xgb,2021-05-20,0,1,0.6377235651016235
10,xgb,2021-05-21,1,0,0.23974928259849548
10,xgb,2021-05-24,0,0,0.1957530528306961
10,xgb,2021-05-25,1,1,0.7845430374145508
10,xgb,2021-05-26,1,0,0.4206092953681946
10,xgb,2021-05-27,1,1,0.6898627281188965
10,xgb,2021-05-28,0,0,0.3889528214931488
10,xgb,2021-06-01,1,1,0.6790403723716736
10,xgb,2021-06-02,0,0,0.07874923944473267
10,xgb,2021-06-03,1,0,0.2580777704715729
10,xgb,2021-06-04,0,0,0.1597975492477417
10,xgb,2021-06-07,1,1,0.6346593499183655
10,xgb,2021-06-08,0,0,0.12154688686132431
10,xgb,2021-06-09,1,1,0.6664665341377258
10,xgb,2021-06-10,1,0,0.49289670586586
10,xgb,2021-06-11,1,0,0.4937196671962738
10,xgb,2021-06-14,0,0,0.34543293714523315
10,xgb,2021-06-15,0,0,0.4952663779258728
10,xgb,2021-06-16,0,0,0.2735767066478729
10,xgb,2021-06-17,0,0,0.25712600350379944
10,xgb,2021-06-18,1,0,0.05369521677494049
10,xgb,2021-06-21,1,0,0.201176255941391
10,xgb,2021-06-22,0,1,0.5576682090759277
10,xgb,2021-06-23,1,0,0.401225745677948
10,xgb,2021-06-24,1,0,0.20966072380542755
10,xgb,2021-06-25,1,1,0.7615972757339478
10,xgb,2021-06-28,1,0,0.413301944732666
10,xgb,2021-06-29,1,0,0.11422418802976608
10,xgb,2021-06-30,1,0,0.3056793808937073
10,xgb,2021-07-01,1,0,0.3404148817062378
10,xgb,2021-07-02,0,0,0.32246050238609314
10,xgb,2021-07-06,1,0,0.15732091665267944
10,xgb,2021-07-07,0,0,0.09100156277418137
10,xgb,2021-07-08,1,0,0.1694570928812027
10,xgb,2021-07-09,1,1,0.6475055813789368
10,xgb,2021-07-12,0,0,0.46857479214668274
10,xgb,2021-07-13,1,0,0.32925838232040405
10,xgb,2021-07-14,0,1,0.507500171661377
10,xgb,2021-07-15,0,0,0.33433377742767334
10,xgb,2021-07-16,0,0,0.17151284217834473
10,xgb,2021-07-19,1,0,0.23422829806804657
10,xgb,2021-07-20,1,0,0.09156280755996704
10,xgb,2021-07-21,1,0,0.3119124472141266
10,xgb,2021-07-22,1,0,0.3161246180534363
10,xgb,2021-07-23,1,0,0.4694908857345581
10,xgb,2021-07-26,0,1,0.7936715483665466
11,majority,2021-08-05,1,1,0.5646836638338055
11,majority,2021-08-06,0,1,0.5646836638338055
11,majority,2021-08-09,1,1,0.5646836638338055
11,majority,2021-08-10,1,1,0.5646836638338055
11,majority,2021-08-11,1,1,0.5646836638338055
11,majority,2021-08-12,1,1,0.5646836638338055
11,majority,2021-08-13,1,1,0.5646836638338055
11,majority,2021-08-16,0,1,0.5646836638338055
11,majority,2021-08-17,0,1,0.5646836638338055
11,majority,2021-08-18,1,1,0.5646836638338055
11,majority,2021-08-19,1,1,0.5646836638338055
11,majority,2021-08-20,1,1,0.5646836638338055
11,majority,2021-08-23,1,1,0.5646836638338055
11,majority,2021-08-24,1,1,0.5646836638338055
11,majority,2021-08-25,0,1,0.5646836638338055
11,majority,2021-08-26,1,1,0.5646836638338055
11,majority,2021-08-27,1,1,0.5646836638338055
11,majority,2021-08-30,0,1,0.5646836638338055
11,majority,2021-08-31,1,1,0.5646836638338055
11,majority,2021-09-01,1,1,0.5646836638338055
11,majority,2021-09-02,0,1,0.5646836638338055
11,majority,2021-09-03,0,1,0.5646836638338055
11,majority,2021-09-07,0,1,0.5646836638338055
11,majority,2021-09-08,0,1,0.5646836638338055
11,majority,2021-09-09,0,1,0.5646836638338055
11,majority,2021-09-10,1,1,0.5646836638338055
11,majority,2021-09-13,0,1,0.5646836638338055
11,majority,2021-09-14,1,1,0.5646836638338055
11,majority,2021-09-15,0,1,0.5646836638338055
11,majority,2021-09-16,0,1,0.5646836638338055
11,majority,2021-09-17,0,1,0.5646836638338055
11,majority,2021-09-20,0,1,0.5646836638338055
11,majority,2021-09-21,1,1,0.5646836638338055
11,majority,2021-09-22,1,1,0.5646836638338055
11,majority,2021-09-23,1,1,0.5646836638338055
11,majority,2021-09-24,0,1,0.5646836638338055
11,majority,2021-09-27,0,1,0.5646836638338055
11,majority,2021-09-28,1,1,0.5646836638338055
11,majority,2021-09-29,0,1,0.5646836638338055
11,majority,2021-09-30,1,1,0.5646836638338055
11,majority,2021-10-01,0,1,0.5646836638338055
11,majority,2021-10-04,1,1,0.5646836638338055
11,majority,2021-10-05,1,1,0.5646836638338055
11,majority,2021-10-06,1,1,0.5646836638338055
11,majority,2021-10-07,0,1,0.5646836638338055
11,majority,2021-10-08,0,1,0.5646836638338055
11,majority,2021-10-11,0,1,0.5646836638338055
11,majority,2021-10-12,1,1,0.5646836638338055
11,majority,2021-10-13,1,1,0.5646836638338055
11,majority,2021-10-14,1,1,0.5646836638338055
11,majority,2021-10-15,1,1,0.5646836638338055
11,majority,2021-10-18,1,1,0.5646836638338055
11,majority,2021-10-19,1,1,0.5646836638338055
11,majority,2021-10-20,1,1,0.5646836638338055
11,majority,2021-10-21,0,1,0.5646836638338055
11,majority,2021-10-22,1,1,0.5646836638338055
11,majority,2021-10-25,1,1,0.5646836638338055
11,majority,2021-10-26,0,1,0.5646836638338055
11,majority,2021-10-27,1,1,0.5646836638338055
11,majority,2021-10-28,1,1,0.5646836638338055
11,majority,2021-10-29,1,1,0.5646836638338055
11,majority,2021-11-01,1,1,0.5646836638338055
11,majority,2021-11-02,1,1,0.5646836638338055
11,majority,2021-11-03,1,1,0.5646836638338055
11,majority,2021-11-04,1,1,0.5646836638338055
11,majority,2021-11-05,1,1,0.5646836638338055
11,majority,2021-11-08,0,1,0.5646836638338055
11,majority,2021-11-09,0,1,0.5646836638338055
11,majority,2021-11-10,1,1,0.5646836638338055
11,majority,2021-11-11,1,1,0.5646836638338055
11,majority,2021-11-12,1,1,0.5646836638338055
11,majority,2021-11-15,1,1,0.5646836638338055
11,majority,2021-11-16,0,1,0.5646836638338055
11,majority,2021-11-17,1,1,0.5646836638338055
11,majority,2021-11-18,0,1,0.5646836638338055
11,majority,2021-11-19,0,1,0.5646836638338055
11,majority,2021-11-22,1,1,0.5646836638338055
11,majority,2021-11-23,1,1,0.5646836638338055
11,majority,2021-11-24,0,1,0.5646836638338055
11,majority,2021-11-26,1,1,0.5646836638338055
11,majority,2021-11-29,0,1,0.5646836638338055
11,majority,2021-11-30,0,1,0.5646836638338055
11,majority,2021-12-01,1,1,0.5646836638338055
11,majority,2021-12-02,0,1,0.5646836638338055
11,majority,2021-12-03,1,1,0.5646836638338055
11,majority,2021-12-06,1,1,0.5646836638338055
11,majority,2021-12-07,1,1,0.5646836638338055
11,majority,2021-12-08,0,1,0.5646836638338055
11,majority,2021-12-09,1,1,0.5646836638338055
11,majority,2021-12-10,0,1,0.5646836638338055
11,majority,2021-12-13,0,1,0.5646836638338055
11,majority,2021-12-14,1,1,0.5646836638338055
11,majority,2021-12-15,0,1,0.5646836638338055
11,majority,2021-12-16,0,1,0.5646836638338055
11,majority,2021-12-17,0,1,0.5646836638338055
11,majority,2021-12-20,1,1,0.5646836638338055
11,majority,2021-12-21,1,1,0.5646836638338055
11,majority,2021-12-22,1,1,0.5646836638338055
11,majority,2021-12-23,1,1,0.5646836638338055
11,majority,2021-12-27,0,1,0.5646836638338055
11,majority,2021-12-28,1,1,0.5646836638338055
11,majority,2021-12-29,0,1,0.5646836638338055
11,majority,2021-12-30,0,1,0.5646836638338055
11,majority,2021-12-31,1,1,0.5646836638338055
11,majority,2022-01-03,0,1,0.5646836638338055
11,majority,2022-01-04,0,1,0.5646836638338055
11,majority,2022-01-05,0,1,0.5646836638338055
11,majority,2022-01-06,0,1,0.5646836638338055
11,majority,2022-01-07,0,1,0.5646836638338055
11,majority,2022-01-10,1,1,0.5646836638338055
11,majority,2022-01-11,1,1,0.5646836638338055
11,majority,2022-01-12,0,1,0.5646836638338055
11,majority,2022-01-13,1,1,0.5646836638338055
11,majority,2022-01-14,0,1,0.5646836638338055
11,majority,2022-01-18,0,1,0.5646836638338055
11,majority,2022-01-19,0,1,0.5646836638338055
11,majority,2022-01-20,0,1,0.5646836638338055
11,majority,2022-01-21,1,1,0.5646836638338055
11,majority,2022-01-24,0,1,0.5646836638338055
11,majority,2022-01-25,0,1,0.5646836638338055
11,majority,2022-01-26,0,1,0.5646836638338055
11,majority,2022-01-27,1,1,0.5646836638338055
11,majority,2022-01-28,1,1,0.5646836638338055
11,majority,2022-01-31,1,1,0.5646836638338055
11,majority,2022-02-01,1,1,0.5646836638338055
11,majority,2022-02-02,0,1,0.5646836638338055
11,naive,2021-08-05,1,1,0.5
11,naive,2021-08-06,0,1,0.5
11,naive,2021-08-09,1,0,0.5
11,naive,2021-08-10,1,1,0.5
11,naive,2021-08-11,1,1,0.5
11,naive,2021-08-12,1,1,0.5
11,naive,2021-08-13,1,1,0.5
11,naive,2021-08-16,0,1,0.5
11,naive,2021-08-17,0,0,0.5
11,naive,2021-08-18,1,0,0.5
11,naive,2021-08-19,1,1,0.5
11,naive,2021-08-20,1,1,0.5
11,naive,2021-08-23,1,1,0.5
11,naive,2021-08-24,1,1,0.5
11,naive,2021-08-25,0,1,0.5
11,naive,2021-08-26,1,0,0.5
11,naive,2021-08-27,1,1,0.5
11,naive,2021-08-30,0,1,0.5
11,naive,2021-08-31,1,0,0.5
11,naive,2021-09-01,1,1,0.5
11,naive,2021-09-02,0,1,0.5
11,naive,2021-09-03,0,0,0.5
11,naive,2021-09-07,0,0,0.5
11,naive,2021-09-08,0,0,0.5
11,naive,2021-09-09,0,0,0.5
11,naive,2021-09-10,1,0,0.5
11,naive,2021-09-13,0,1,0.5
11,naive,2021-09-14,1,0,0.5
11,naive,2021-09-15,0,1,0.5
11,naive,2021-09-16,0,0,0.5
11,naive,2021-09-17,0,0,0.5
11,naive,2021-09-20,0,0,0.5
11,naive,2021-09-21,1,0,0.5
11,naive,2021-09-22,1,1,0.5
11,naive,2021-09-23,1,1,0.5
11,naive,2021-09-24,0,1,0.5
11,naive,2021-09-27,0,0,0.5
11,naive,2021-09-28,1,0,0.5
11,naive,2021-09-29,0,1,0.5
11,naive,2021-09-30,1,0,0.5
11,naive,2021-10-01,0,1,0.5
11,naive,2021-10-04,1,0,0.5
11,naive,2021-10-05,1,1,0.5
11,naive,2021-10-06,1,1,0.5
11,naive,2021-10-07,0,1,0.5
11,naive,2021-10-08,0,0,0.5
11,naive,2021-10-11,0,0,0.5
11,naive,2021-10-12,1,0,0.5
11,naive,2021-10-13,1,1,0.5
11,naive,2021-10-14,1,1,0.5
11,naive,2021-10-15,1,1,0.5
11,naive,2021-10-18,1,1,0.5
11,naive,2021-10-19,1,1,0.5
11,naive,2021-10-20,1,1,0.5
11,naive,2021-10-21,0,1,0.5
11,naive,2021-10-22,1,0,0.5
11,naive,2021-10-25,1,1,0.5
11,naive,2021-10-26,0,1,0.5
11,naive,2021-10-27,1,0,0.5
11,naive,2021-10-28,1,1,0.5
11,naive,2021-10-29,1,1,0.5
11,naive,2021-11-01,1,1,0.5
11,naive,2021-11-02,1,1,0.5
11,naive,2021-11-03,1,1,0.5
11,naive,2021-11-04,1,1,0.5
11,naive,2021-11-05,1,1,0.5
11,naive,2021-11-08,0,1,0.5
11,naive,2021-11-09,0,0,0.5
11,naive,2021-11-10,1,0,0.5
11,naive,2021-11-11,1,1,0.5
11,naive,2021-11-12,1,1,0.5
11,naive,2021-11-15,1,1,0.5
11,naive,2021-11-16,0,1,0.5
11,naive,2021-11-17,1,0,0.5
11,naive,2021-11-18,0,1,0.5
11,naive,2021-11-19,0,0,0.5
11,naive,2021-11-22,1,0,0.5
11,naive,2021-11-23,1,1,0.5
11,naive,2021-11-24,0,1,0.5
11,naive,2021-11-26,1,0,0.5
11,naive,2021-11-29,0,1,0.5
11,naive,2021-11-30,0,0,0.5
11,naive,2021-12-01,1,0,0.5
11,naive,2021-12-02,0,1,0.5
11,naive,2021-12-03,1,0,0.5
11,naive,2021-12-06,1,1,0.5
11,naive,2021-12-07,1,1,0.5
11,naive,2021-12-08,0,1,0.5
11,naive,2021-12-09,1,0,0.5
11,naive,2021-12-10,0,1,0.5
11,naive,2021-12-13,0,0,0.5
11,naive,2021-12-14,1,0,0.5
11,naive,2021-12-15,0,1,0.5
11,naive,2021-12-16,0,0,0.5
11,naive,2021-12-17,0,0,0.5
11,naive,2021-12-20,1,0,0.5
11,naive,2021-12-21,1,1,0.5
11,naive,2021-12-22,1,1,0.5
11,naive,2021-12-23,1,1,0.5
11,naive,2021-12-27,0,1,0.5
11,naive,2021-12-28,1,0,0.5
11,naive,2021-12-29,0,1,0.5
11,naive,2021-12-30,0,0,0.5
11,naive,2021-12-31,1,0,0.5
11,naive,2022-01-03,0,1,0.5
11,naive,2022-01-04,0,0,0.5
11,naive,2022-01-05,0,0,0.5
11,naive,2022-01-06,0,0,0.5
11,naive,2022-01-07,0,0,0.5
11,naive,2022-01-10,1,0,0.5
11,naive,2022-01-11,1,1,0.5
11,naive,2022-01-12,0,1,0.5
11,naive,2022-01-13,1,0,0.5
11,naive,2022-01-14,0,1,0.5
11,naive,2022-01-18,0,0,0.5
11,naive,2022-01-19,0,0,0.5
11,naive,2022-01-20,0,0,0.5
11,naive,2022-01-21,1,0,0.5
11,naive,2022-01-24,0,1,0.5
11,naive,2022-01-25,0,0,0.5
11,naive,2022-01-26,0,0,0.5
11,naive,2022-01-27,1,0,0.5
11,naive,2022-01-28,1,1,0.5
11,naive,2022-01-31,1,1,0.5
11,naive,2022-02-01,1,1,0.5
11,naive,2022-02-02,0,1,0.5
11,logistic,2021-08-05,1,0,0.44954537927100013
11,logistic,2021-08-06,0,0,0.45943411564400893
11,logistic,2021-08-09,1,0,0.44672732922965336
11,logistic,2021-08-10,1,0,0.43767227114546475
11,logistic,2021-08-11,1,0,0.44991860404123607
11,logistic,2021-08-12,1,0,0.45653635989961877
11,logistic,2021-08-13,1,0,0.4867760972929703
11,logistic,2021-08-16,0,0,0.4909929021631831
11,logistic,2021-08-17,0,0,0.48679586801315283
11,logistic,2021-08-18,1,0,0.4816664826853628
11,logistic,2021-08-19,1,0,0.43752800162331446
11,logistic,2021-08-20,1,0,0.4363662069956793
11,logistic,2021-08-23,1,0,0.4662344818317417
11,logistic,2021-08-24,1,1,0.5021492742862826
11,logistic,2021-08-25,0,0,0.48058127398268335
11,logistic,2021-08-26,1,0,0.4559743735807389
11,logistic,2021-08-27,1,0,0.4058444732609076
11,logistic,2021-08-30,0,0,0.479938379094138
11,logistic,2021-08-31,1,1,0.5222855092944494
11,logistic,2021-09-01,1,1,0.5229425916098963
11,logistic,2021-09-02,0,1,0.5202295954062728
11,logistic,2021-09-03,0,1,0.5202143652725101
11,logistic,2021-09-07,0,1,0.5245140664775754
11,logistic,2021-09-08,0,0,0.4923179500714102
11,logistic,2021-09-09,0,0,0.4706682170606827
11,logistic,2021-09-10,1,0,0.4665248217801673
11,logistic,2021-09-13,0,0,0.4489523380950314
11,logistic,2021-09-14,1,0,0.4669974941272891
11,logistic,2021-09-15,0,0,0.4254899055342409
11,logistic,2021-09-16,0,0,0.45202180103294776
11,logistic,2021-09-17,0,0,0.45887795165012707
11,logistic,2021-09-20,0,0,0.3662691138021608
11,logistic,2021-09-21,1,0,0.26495460589150455
11,logistic,2021-09-22,1,0,0.26353170795890857
11,logistic,2021-09-23,1,0,0.3372390953735949
11,logistic,2021-09-24,0,0,0.39935760861678826
11,logistic,2021-09-27,0,0,0.3700200484037476
11,logistic,2021-09-28,1,0,0.3490928979227874
11,logistic,2021-09-29,0,0,0.25262677812571827
11,logistic,2021-09-30,1,0,0.3062970068837831
11,logistic,2021-10-01,0,0,0.28215478122311805
11,logistic,2021-10-04,1,0,0.37665886314043284
11,logistic,2021-10-05,1,0,0.3019512611018509
11,logistic,2021-10-06,1,0,0.3122415594230645
11,logistic,2021-10-07,0,0,0.31824334495843
11,logistic,2021-10-08,0,0,0.3293242487788414
11,logistic,2021-10-11,0,0,0.3572654967627718
11,logistic,2021-10-12,1,0,0.3126871059790312
11,logistic,2021-10-13,1,0,0.34566122589896703
11,logistic,2021-10-14,1,0,0.3656913826931533
11,logistic,2021-10-15,1,0,0.47527030037597123
11,logistic,2021-10-18,1,0,0.4879649938813062
11,logistic,2021-10-19,1,0,0.47368194790968937
11,logistic,2021-10-20,1,0,0.4936735920172448
11,logistic,2021-10-21,0,1,0.5207397754417934
11,logistic,2021-10-22,1,1,0.5463284821311655
11,logistic,2021-10-25,1,1,0.5409373165169113
11,logistic,2021-10-26,0,1,0.5525881624807416
11,logistic,2021-10-27,1,1,0.572379602563802
11,logistic,2021-10-28,1,1,0.5180702375150686
11,logistic,2021-10-29,1,1,0.5590740702909569
11,logistic,2021-11-01,1,1,0.5450890807296472
11,logistic,2021-11-02,1,1,0.5433740929294719
11,logistic,2021-11-03,1,1,0.555210402587064
11,logistic,2021-11-04,1,1,0.5597534242635281
11,logistic,2021-11-05,1,1,0.5941069561480843
11,logistic,2021-11-08,0,1,0.6123921200040526
11,logistic,2021-11-09,0,1,0.6190285996207863
11,logistic,2021-11-10,1,1,0.6200448268590713
11,logistic,2021-11-11,1,1,0.5839437018425812
11,logistic,2021-11-12,1,1,0.5824022945431075
11,logistic,2021-11-15,1,1,0.635550411289547
11,logistic,2021-11-16,0,1,0.6048820934964706
11,logistic,2021-11-17,1,1,0.6009603551999809
11,logistic,2021-11-18,0,1,0.5441626871374537
11,logistic,2021-11-19,0,1,0.5568071120200562
11,logistic,2021-11-22,1,1,0.5655090616235412
11,logistic,2021-11-23,1,1,0.5617651107703295
11,logistic,2021-11-24,0,1,0.5765447644975176
11,logistic,2021-11-26,1,1,0.5947677482146269
11,logistic,2021-11-29,0,0,0.45976184460449493
11,logistic,2021-11-30,0,1,0.5657887045915218
11,logistic,2021-12-01,1,0,0.42013336511292193
11,logistic,2021-12-02,0,0,0.34696290014816566
11,logistic,2021-12-03,1,0,0.4307452056358043
11,logistic,2021-12-06,1,0,0.3242245277552938
11,logistic,2021-12-07,1,0,0.3635876619185008
11,logistic,2021-12-08,0,0,0.43060561262327246
11,logistic,2021-12-09,1,0,0.4331187941431607
11,logistic,2021-12-10,0,0,0.4009433848749451
11,logistic,2021-12-13,0,0,0.4547717870519689
11,logistic,2021-12-14,1,0,0.45859004032004286
11,logistic,2021-12-15,0,0,0.4365884913529511
11,logistic,2021-12-16,0,1,0.5489007288806697
11,logistic,2021-12-17,0,1,0.5236591513601153
11,logistic,2021-12-20,1,0,0.48620231115939344
11,logistic,2021-12-21,1,0,0.35927172464822965
11,logistic,2021-12-22,1,0,0.4385357051550849
11,logistic,2021-12-23,1,1,0.504449182234479
11,logistic,2021-12-27,0,0,0.4588503267772766
11,logistic,2021-12-28,1,1,0.5230199220653097
11,logistic,2021-12-29,0,0,0.4900099382903959
11,logistic,2021-12-30,0,1,0.5451826203445544
11,logistic,2021-12-31,1,1,0.5731682023465923
11,logistic,2022-01-03,0,1,0.5752512643423843
11,logistic,2022-01-04,0,1,0.6354267225982204
11,logistic,2022-01-05,0,1,0.6563632148189588
11,logistic,2022-01-06,0,1,0.5263516800293604
11,logistic,2022-01-07,0,0,0.49923948503065707
11,logistic,2022-01-10,1,0,0.44806456195659805
11,logistic,2022-01-11,1,0,0.44823515960923416
11,logistic,2022-01-12,0,1,0.5008541092253854
11,logistic,2022-01-13,1,0,0.47594807417054047
11,logistic,2022-01-14,0,0,0.3912848118568528
11,logistic,2022-01-18,0,0,0.4157718502756818
11,logistic,2022-01-19,0,0,0.3383067920261504
11,logistic,2022-01-20,0,0,0.2860583859583574
11,logistic,2022-01-21,1,0,0.2620539595596344
11,logistic,2022-01-24,0,0,0.15096641501970956
11,logistic,2022-01-25,0,0,0.15066370897754475
11,logistic,2022-01-26,0,0,0.09055281323746063
11,logistic,2022-01-27,1,0,0.0775591216539691
11,logistic,2022-01-28,1,0,0.07126174571047486
11,logistic,2022-01-31,1,0,0.10987772908373902
11,logistic,2022-02-01,1,0,0.17888527490718723
11,logistic,2022-02-02,0,0,0.19218883713351015
11,rf,2021-08-05,1,0,0.4634977587583106
11,rf,2021-08-06,0,1,0.5081122788366275
11,rf,2021-08-09,1,0,0.48312818903773724
11,rf,2021-08-10,1,0,0.4885242843314391
11,rf,2021-08-11,1,0,0.4798579732267857
11,rf,2021-08-12,1,0,0.47638806221572216
11,rf,2021-08-13,1,0,0.4878423364633415
11,rf,2021-08-16,0,1,0.5023303661026418
11,rf,2021-08-17,0,1,0.5031854336952365
11,rf,2021-08-18,1,0,0.4947216052393664
11,rf,2021-08-19,1,0,0.45998428156283216
11,rf,2021-08-20,1,0,0.4682629831189215
11,rf,2021-08-23,1,0,0.48672734339725293
11,rf,2021-08-24,1,0,0.47631846644105735
11,rf,2021-08-25,0,0,0.4917554303157365
11,rf,2021-08-26,1,1,0.5104573432289631
11,rf,2021-08-27,1,0,0.46766585963656515
11,rf,2021-08-30,0,1,0.5096757841412368
11,rf,2021-08-31,1,0,0.4894694099526056
11,rf,2021-09-01,1,1,0.5079789360835044
11,rf,2021-09-02,0,1,0.5128595430307457
11,rf,2021-09-03,0,0,0.4860076113228867
11,rf,2021-09-07,0,0,0.476206311677176
11,rf,2021-09-08,0,0,0.4880006762282555
11,rf,2021-09-09,0,0,0.4857007840447384
11,rf,2021-09-10,1,0,0.4981840398270454
11,rf,2021-09-13,0,0,0.48246564274488385
11,rf,2021-09-14,1,0,0.49491015235765895
11,rf,2021-09-15,0,0,0.4791713993647301
11,rf,2021-09-16,0,0,0.49265251001442123
11,rf,2021-09-17,0,0,0.4846137446036012
11,rf,2021-09-20,0,1,0.5257003686398991
11,rf,2021-09-21,1,1,0.5163427788212288
11,rf,2021-09-22,1,0,0.46040373920941424
11,rf,2021-09-23,1,0,0.4611646771171135
11,rf,2021-09-24,0,0,0.4583249265472889
11,rf,2021-09-27,0,0,0.4710486822522414
11,rf,2021-09-28,1,1,0.5295277017293681
11,rf,2021-09-29,0,1,0.5169074714189736
11,rf,2021-09-30,1,1,0.5136109494454916
11,rf,2021-10-01,0,1,0.5194285957642552
11,rf,2021-10-04,1,1,0.528965252388296
11,rf,2021-10-05,1,1,0.5258116212081622
11,rf,2021-10-06,1,1,0.5141193662852088
11,rf,2021-10-07,0,1,0.5221141327221214
11,rf,2021-10-08,0,1,0.5304797777071846
11,rf,2021-10-11,0,1,0.5202605385249381
11,rf,2021-10-12,1,1,0.5213677409555837
11,rf,2021-10-13,1,1,0.5119218696699417
11,rf,2021-10-14,1,1,0.512146544160636
11,rf,2021-10-15,1,0,0.42386791622597575
11,rf,2021-10-18,1,0,0.40893188713802625
11,rf,2021-10-19,1,0,0.4077877852187185
11,rf,2021-10-20,1,0,0.42457765316173074
11,rf,2021-10-21,0,0,0.413950452829719
11,rf,2021-10-22,1,0,0.4179204893659017
11,rf,2021-10-25,1,0,0.4080417507849329
11,rf,2021-10-26,0,0,0.4098267506537309
11,rf,2021-10-27,1,0,0.41998895076413895
11,rf,2021-10-28,1,0,0.41656344993003835
11,rf,2021-10-29,1,0,0.425395542959953
11,rf,2021-11-01,1,0,0.41745404925235846
11,rf,2021-11-02,1,0,0.4460992802790932
11,rf,2021-11-03,1,0,0.43827751661662967
11,rf,2021-11-04,1,0,0.44442516187994857
11,rf,2021-11-05,1,0,0.44453667171435696
11,rf,2021-11-08,0,0,0.4654743653582924
11,rf,2021-11-09,0,0,0.4810233206806509
11,rf,2021-11-10,1,0,0.4891197050819812
11,rf,2021-11-11,1,0,0.4816116051860343
11,rf,2021-11-12,1,0,0.4928237609866081
11,rf,2021-11-15,1,1,0.5037705698378893
11,rf,2021-11-16,0,0,0.47466786930419735
11,rf,2021-11-17,1,1,0.5219275127185984
11,rf,2021-11-18,0,0,0.4899809809414953
11,rf,2021-11-19,0,1,0.5161822407000104
11,rf,2021-11-22,1,0,0.4968222409383037
11,rf,2021-11-23,1,0,0.4976415555892043
11,rf,2021-11-24,0,0,0.4933960353105465
11,rf,2021-11-26,1,1,0.5075056132164052
11,rf,2021-11-29,0,0,0.4906645609566298
11,rf,2021-11-30,0,1,0.5590083440425819
11,rf,2021-12-01,1,1,0.5495028167964002
11,rf,2021-12-02,0,1,0.5126872034879831
11,rf,2021-12-03,1,1,0.5496476918177505
11,rf,2021-12-06,1,1,0.5035414353998049
11,rf,2021-12-07,1,0,0.4877094073029675
11,rf,2021-12-08,0,0,0.476461584359964
11,rf,2021-12-09,1,0,0.4700816001111257
11,rf,2021-12-10,0,0,0.4593522280415456
11,rf,2021-12-13,0,0,0.47661420235951596
11,rf,2021-12-14,1,0,0.45202405897495895
11,rf,2021-12-15,0,0,0.4582101867694439
11,rf,2021-12-16,0,0,0.48799646989854595
11,rf,2021-12-17,0,1,0.5103954629966119
11,rf,2021-12-20,1,1,0.5211216247256504
11,rf,2021-12-21,1,0,0.4830957491184009
11,rf,2021-12-22,1,0,0.45927238036394874
11,rf,2021-12-23,1,0,0.4807348623612016
11,rf,2021-12-27,0,0,0.4538785649884407
11,rf,2021-12-28,1,0,0.4535534412648323
11,rf,2021-12-29,0,0,0.42066510351902636
11,rf,2021-12-30,0,0,0.4572464202929754
11,rf,2021-12-31,1,0,0.4462427602943638
11,rf,2022-01-03,0,0,0.4436716968419853
11,rf,2022-01-04,0,0,0.4570336727612792
11,rf,2022-01-05,0,0,0.47078583016955183
11,rf,2022-01-06,0,0,0.48503120896720914
11,rf,2022-01-07,0,1,0.5215267961465447
11,rf,2022-01-10,1,1,0.5204702430744534
11,rf,2022-01-11,1,0,0.4682801253541841
11,rf,2022-01-12,0,0,0.47028050499997903
11,rf,2022-01-13,1,1,0.5441292115307156
11,rf,2022-01-14,0,1,0.5075561828717249
11,rf,2022-01-18,0,1,0.5522550607483755
11,rf,2022-01-19,0,1,0.5485674582504808
11,rf,2022-01-20,0,1,0.5308095747180294
11,rf,2022-01-21,1,1,0.5173426966063053
11,rf,2022-01-24,0,1,0.5013235456490623
11,rf,2022-01-25,0,1,0.5232411203775372
11,rf,2022-01-26,0,1,0.5322567509154092
11,rf,2022-01-27,1,1,0.5133241778392645
11,rf,2022-01-28,1,0,0.4981200230044734
11,rf,2022-01-31,1,1,0.5077260995049682
11,rf,2022-02-01,1,1,0.5318537907388046
11,rf,2022-02-02,0,0,0.49038902576073257
11,xgb,2021-08-05,1,0,0.3019842207431793
11,xgb,2021-08-06,0,1,0.9405171871185303
11,xgb,2021-08-09,1,1,0.7335315346717834
11,xgb,2021-08-10,1,1,0.7119291424751282
11,xgb,2021-08-11,1,1,0.6163603067398071
11,xgb,2021-08-12,1,0,0.33017411828041077
11,xgb,2021-08-13,1,1,0.5470089316368103
11,xgb,2021-08-16,0,1,0.836879312992096
11,xgb,2021-08-17,0,0,0.15867573022842407
11,xgb,2021-08-18,1,1,0.7093618512153625
11,xgb,2021-08-19,1,0,0.47628751397132874
11,xgb,2021-08-20,1,1,0.6636719703674316
11,xgb,2021-08-23,1,1,0.6102972626686096
11,xgb,2021-08-24,1,1,0.5629900693893433
11,xgb,2021-08-25,0,1,0.6072561144828796
11,xgb,2021-08-26,1,0,0.18467038869857788
11,xgb,2021-08-27,1,1,0.56889408826828
11,xgb,2021-08-30,0,1,0.6627821922302246
11,xgb,2021-08-31,1,1,0.8636513948440552
11,xgb,2021-09-01,1,1,0.9547572731971741
11,xgb,2021-09-02,0,1,0.9807259440422058
11,xgb,2021-09-03,0,1,0.7435368299484253
11,xgb,2021-09-07,0,0,0.3799910843372345
11,xgb,2021-09-08,0,0,0.4886245131492615
11,xgb,2021-09-09,0,1,0.5439656376838684
11,xgb,2021-09-10,1,1,0.758320689201355
11,xgb,2021-09-13,0,0,0.2935374677181244
11,xgb,2021-09-14,1,0,0.35799694061279297
11,xgb,2021-09-15,0,1,0.8908702731132507
11,xgb,2021-09-16,0,1,0.7896423935890198
11,xgb,2021-09-17,0,0,0.11777088046073914
11,xgb,2021-09-20,0,1,0.7238731384277344
11,xgb,2021-09-21,1,0,0.1412665992975235
11,xgb,2021-09-22,1,0,0.1195044070482254
11,xgb,2021-09-23,1,0,0.3651074469089508
11,xgb,2021-09-24,0,0,0.49982112646102905
11,xgb,2021-09-27,0,1,0.6769628524780273
11,xgb,2021-09-28,1,1,0.932050347328186
11,xgb,2021-09-29,0,1,0.985140323638916
11,xgb,2021-09-30,1,0,0.2958225607872009
11,xgb,2021-10-01,0,0,0.42167964577674866
11,xgb,2021-10-04,1,0,0.4484280049800873
11,xgb,2021-10-05,1,1,0.8460155725479126
11,xgb,2021-10-06,1,1,0.7853522300720215
11,xgb,2021-10-07,0,1,0.659002959728241
11,xgb,2021-10-08,0,1,0.8861582279205322
11,xgb,2021-10-11,0,1,0.7389055490493774
11,xgb,2021-10-12,1,1,0.9161768555641174
11,xgb,2021-10-13,1,1,0.7086634039878845
11,xgb,2021-10-14,1,1,0.81316077709198
11,xgb,2021-10-15,1,0,0.3356787860393524
11,xgb,2021-10-18,1,0,0.08477739244699478
11,xgb,2021-10-19,1,0,0.17097412049770355
11,xgb,2021-10-20,1,0,0.07989279180765152
11,xgb,2021-10-21,0,0,0.06723081320524216
11,xgb,2021-10-22,1,0,0.32244008779525757
11,xgb,2021-10-25,1,0,0.06271693855524063
11,xgb,2021-10-26,0,0,0.13665391504764557
11,xgb,2021-10-27,1,0,0.018365593627095222
11,xgb,2021-10-28,1,0,0.028833962976932526
11,xgb,2021-10-29,1,0,0.04665585234761238
11,xgb,2021-11-01,1,0,0.015855900943279266
11,xgb,2021-11-02,1,0,0.023488733917474747
11,xgb,2021-11-03,1,0,0.006223972886800766
11,xgb,2021-11-04,1,0,0.0971965566277504
11,xgb,2021-11-05,1,0,0.08923026919364929
11,xgb,2021-11-08,0,0,0.1382734626531601
11,xgb,2021-11-09,0,0,0.3902107775211334
11,xgb,2021-11-10,1,0,0.07844424247741699
11,xgb,2021-11-11,1,0,0.08709889650344849
11,xgb,2021-11-12,1,1,0.640333890914917
11,xgb,2021-11-15,1,1,0.5123692154884338
11,xgb,2021-11-16,0,0,0.235758975148201
11,xgb,2021-11-17,1,1,0.7554779648780823
11,xgb,2021-11-18,0,1,0.5764372944831848
11,xgb,2021-11-19,0,1,0.7877333760261536
11,xgb,2021-11-22,1,1,0.8907116055488586
11,xgb,2021-11-23,1,0,0.4437309801578522
11,xgb,2021-11-24,0,1,0.548351526260376
11,xgb,2021-11-26,1,1,0.5178843140602112
11,xgb,2021-11-29,0,0,0.29826268553733826
11,xgb,2021-11-30,0,1,0.5303239226341248
11,xgb,2021-12-01,1,1,0.8835697770118713
11,xgb,2021-12-02,0,0,0.2361552119255066
11,xgb,2021-12-03,1,1,0.7338935732841492
11,xgb,2021-12-06,1,1,0.8059749007225037
11,xgb,2021-12-07,1,1,0.9097575545310974
11,xgb,2021-12-08,0,0,0.16561943292617798
11,xgb,2021-12-09,1,1,0.7864739298820496
11,xgb,2021-12-10,0,1,0.6245599389076233
11,xgb,2021-12-13,0,1,0.7924788594245911
11,xgb,2021-12-14,1,1,0.7372139096260071
11,xgb,2021-12-15,0,1,0.6467587351799011
11,xgb,2021-12-16,0,1,0.8534895181655884
11,xgb,2021-12-17,0,1,0.9257651567459106
11,xgb,2021-12-20,1,1,0.6384806632995605
11,xgb,2021-12-21,1,0,0.2962282598018646
11,xgb,2021-12-22,1,1,0.7182541489601135
11,xgb,2021-12-23,1,1,0.6716126799583435
11,xgb,2021-12-27,0,1,0.8341686725616455
11,xgb,2021-12-28,1,0,0.4166305661201477
11,xgb,2021-12-29,0,0,0.2111155241727829
11,xgb,2021-12-30,0,0,0.3782770335674286
11,xgb,2021-12-31,1,0,0.1890190988779068
11,xgb,2022-01-03,0,1,0.505365788936615
11,xgb,2022-01-04,0,0,0.2881034016609192
11,xgb,2022-01-05,0,0,0.22474978864192963
11,xgb,2022-01-06,0,1,0.5621150135993958
11,xgb,2022-01-07,0,0,0.15474607050418854
11,xgb,2022-01-10,1,0,0.07858530431985855
11,xgb,2022-01-11,1,0,0.27176278829574585
11,xgb,2022-01-12,0,0,0.2618390917778015
11,xgb,2022-01-13,1,1,0.5562666058540344
11,xgb,2022-01-14,0,0,0.0656159296631813
11,xgb,2022-01-18,0,1,0.9878438711166382
11,xgb,2022-01-19,0,1,0.809333086013794
11,xgb,2022-01-20,0,1,0.8624534606933594
11,xgb,2022-01-21,1,1,0.6392558217048645
11,xgb,2022-01-24,0,1,0.9305562376976013
11,xgb,2022-01-25,0,0,0.47083979845046997
11,xgb,2022-01-26,0,1,0.9530786871910095
11,xgb,2022-01-27,1,1,0.7898752689361572
11,xgb,2022-01-28,1,1,0.7127959728240967
11,xgb,2022-01-31,1,1,0.5650211572647095
11,xgb,2022-02-01,1,1,0.7084394097328186
11,xgb,2022-02-02,0,0,0.33961722254753113
12,majority,2022-02-15,1,1,0.5679245283018868
12,majority,2022-02-16,0,1,0.5679245283018868
12,majority,2022-02-17,0,1,0.5679245283018868
12,majority,2022-02-18,0,1,0.5679245283018868
12,majority,2022-02-22,0,1,0.5679245283018868
12,majority,2022-02-23,1,1,0.5679245283018868
12,majority,2022-02-24,1,1,0.5679245283018868
12,majority,2022-02-25,0,1,0.5679245283018868
12,majority,2022-02-28,0,1,0.5679245283018868
12,majority,2022-03-01,1,1,0.5679245283018868
12,majority,2022-03-02,0,1,0.5679245283018868
12,majority,2022-03-03,0,1,0.5679245283018868
12,majority,2022-03-04,0,1,0.5679245283018868
12,majority,2022-03-07,0,1,0.5679245283018868
12,majority,2022-03-08,1,1,0.5679245283018868
12,majority,2022-03-09,0,1,0.5679245283018868
12,majority,2022-03-10,0,1,0.5679245283018868
12,majority,2022-03-11,0,1,0.5679245283018868
12,majority,2022-03-14,1,1,0.5679245283018868
12,majority,2022-03-15,1,1,0.5679245283018868
12,majority,2022-03-16,1,1,0.5679245283018868
12,majority,2022-03-17,1,1,0.5679245283018868
12,majority,2022-03-18,0,1,0.5679245283018868
12,majority,2022-03-21,1,1,0.5679245283018868
12,majority,2022-03-22,0,1,0.5679245283018868
12,majority,2022-03-23,1,1,0.5679245283018868
12,majority,2022-03-24,1,1,0.5679245283018868
12,majority,2022-03-25,1,1,0.5679245283018868
12,majority,2022-03-28,1,1,0.5679245283018868
12,majority,2022-03-29,0,1,0.5679245283018868
12,majority,2022-03-30,0,1,0.5679245283018868
12,majority,2022-03-31,1,1,0.5679245283018868
12,majority,2022-04-01,1,1,0.5679245283018868
12,majority,2022-04-04,0,1,0.5679245283018868
12,majority,2022-04-05,0,1,0.5679245283018868
12,majority,2022-04-06,1,1,0.5679245283018868
12,majority,2022-04-07,0,1,0.5679245283018868
12,majority,2022-04-08,0,1,0.5679245283018868
12,majority,2022-04-11,0,1,0.5679245283018868
12,majority,2022-04-12,1,1,0.5679245283018868
12,majority,2022-04-13,0,1,0.5679245283018868
12,majority,2022-04-14,1,1,0.5679245283018868
12,majority,2022-04-18,1,1,0.5679245283018868
12,majority,2022-04-19,0,1,0.5679245283018868
12,majority,2022-04-20,0,1,0.5679245283018868
12,majority,2022-04-21,0,1,0.5679245283018868
12,majority,2022-04-22,1,1,0.5679245283018868
12,majority,2022-04-25,0,1,0.5679245283018868
12,majority,2022-04-26,1,1,0.5679245283018868
12,majority,2022-04-27,1,1,0.5679245283018868
12,majority,2022-04-28,0,1,0.5679245283018868
12,majority,2022-04-29,1,1,0.5679245283018868
12,majority,2022-05-02,1,1,0.5679245283018868
12,majority,2022-05-03,1,1,0.5679245283018868
12,majority,2022-05-04,0,1,0.5679245283018868
12,majority,2022-05-05,0,1,0.5679245283018868
12,majority,2022-05-06,0,1,0.5679245283018868
12,majority,2022-05-09,1,1,0.5679245283018868
12,majority,2022-05-10,0,1,0.5679245283018868
12,majority,2022-05-11,0,1,0.5679245283018868
12,majority,2022-05-12,1,1,0.5679245283018868
12,majority,2022-05-13,0,1,0.5679245283018868
12,majority,2022-05-16,1,1,0.5679245283018868
12,majority,2022-05-17,0,1,0.5679245283018868
12,majority,2022-05-18,0,1,0.5679245283018868
12,majority,2022-05-19,1,1,0.5679245283018868
12,majority,2022-05-20,1,1,0.5679245283018868
12,majority,2022-05-23,0,1,0.5679245283018868
12,majority,2022-05-24,1,1,0.5679245283018868
12,majority,2022-05-25,1,1,0.5679245283018868
12,majority,2022-05-26,1,1,0.5679245283018868
12,majority,2022-05-27,0,1,0.5679245283018868
12,majority,2022-05-31,0,1,0.5679245283018868
12,majority,2022-06-01,1,1,0.5679245283018868
12,majority,2022-06-02,0,1,0.5679245283018868
12,majority,2022-06-03,1,1,0.5679245283018868
12,majority,2022-06-06,1,1,0.5679245283018868
12,majority,2022-06-07,0,1,0.5679245283018868
12,majority,2022-06-08,0,1,0.5679245283018868
12,majority,2022-06-09,0,1,0.5679245283018868
12,majority,2022-06-10,0,1,0.5679245283018868
12,majority,2022-06-13,0,1,0.5679245283018868
12,majority,2022-06-14,1,1,0.5679245283018868
12,majority,2022-06-15,0,1,0.5679245283018868
12,majority,2022-06-16,1,1,0.5679245283018868
12,majority,2022-06-17,1,1,0.5679245283018868
12,majority,2022-06-21,0,1,0.5679245283018868
12,majority,2022-06-22,1,1,0.5679245283018868
12,majority,2022-06-23,1,1,0.5679245283018868
12,majority,2022-06-24,0,1,0.5679245283018868
12,majority,2022-06-27,0,1,0.5679245283018868
12,majority,2022-06-28,0,1,0.5679245283018868
12,majority,2022-06-29,0,1,0.5679245283018868
12,majority,2022-06-30,1,1,0.5679245283018868
12,majority,2022-07-01,1,1,0.5679245283018868
12,majority,2022-07-05,1,1,0.5679245283018868
12,majority,2022-07-06,1,1,0.5679245283018868
12,majority,2022-07-07,0,1,0.5679245283018868
12,majority,2022-07-08,0,1,0.5679245283018868
12,majority,2022-07-11,0,1,0.5679245283018868
12,majority,2022-07-12,0,1,0.5679245283018868
12,majority,2022-07-13,0,1,0.5679245283018868
12,majority,2022-07-14,1,1,0.5679245283018868
12,majority,2022-07-15,0,1,0.5679245283018868
12,majority,2022-07-18,1,1,0.5679245283018868
12,majority,2022-07-19,1,1,0.5679245283018868
12,majority,2022-07-20,1,1,0.5679245283018868
12,majority,2022-07-21,0,1,0.5679245283018868
12,majority,2022-07-22,1,1,0.5679245283018868
12,majority,2022-07-25,0,1,0.5679245283018868
12,majority,2022-07-26,1,1,0.5679245283018868
12,majority,2022-07-27,1,1,0.5679245283018868
12,majority,2022-07-28,1,1,0.5679245283018868
12,majority,2022-07-29,0,1,0.5679245283018868
12,majority,2022-08-01,0,1,0.5679245283018868
12,majority,2022-08-02,1,1,0.5679245283018868
12,majority,2022-08-03,0,1,0.5679245283018868
12,majority,2022-08-04,0,1,0.5679245283018868
12,majority,2022-08-05,0,1,0.5679245283018868
12,majority,2022-08-08,0,1,0.5679245283018868
12,majority,2022-08-09,1,1,0.5679245283018868
12,majority,2022-08-10,0,1,0.5679245283018868
12,majority,2022-08-11,1,1,0.5679245283018868
12,majority,2022-08-12,1,1,0.5679245283018868
12,majority,2022-08-15,1,1,0.5679245283018868
12,majority,2022-08-16,0,1,0.5679245283018868
12,naive,2022-02-15,1,1,0.5
12,naive,2022-02-16,0,1,0.5
12,naive,2022-02-17,0,0,0.5
12,naive,2022-02-18,0,0,0.5
12,naive,2022-02-22,0,0,0.5
12,naive,2022-02-23,1,0,0.5
12,naive,2022-02-24,1,1,0.5
12,naive,2022-02-25,0,1,0.5
12,naive,2022-02-28,0,0,0.5
12,naive,2022-03-01,1,0,0.5
12,naive,2022-03-02,0,1,0.5
12,naive,2022-03-03,0,0,0.5
12,naive,2022-03-04,0,0,0.5
12,naive,2022-03-07,0,0,0.5
12,naive,2022-03-08,1,0,0.5
12,naive,2022-03-09,0,1,0.5
12,naive,2022-03-10,0,0,0.5
12,naive,2022-03-11,0,0,0.5
12,naive,2022-03-14,1,0,0.5
12,naive,2022-03-15,1,1,0.5
12,naive,2022-03-16,1,1,0.5
12,naive,2022-03-17,1,1,0.5
12,naive,2022-03-18,0,1,0.5
12,naive,2022-03-21,1,0,0.5
12,naive,2022-03-22,0,1,0.5
12,naive,2022-03-23,1,0,0.5
12,naive,2022-03-24,1,1,0.5
12,naive,2022-03-25,1,1,0.5
12,naive,2022-03-28,1,1,0.5
12,naive,2022-03-29,0,1,0.5
12,naive,2022-03-30,0,0,0.5
12,naive,2022-03-31,1,0,0.5
12,naive,2022-04-01,1,1,0.5
12,naive,2022-04-04,0,1,0.5
12,naive,2022-04-05,0,0,0.5
12,naive,2022-04-06,1,0,0.5
12,naive,2022-04-07,0,1,0.5
12,naive,2022-04-08,0,0,0.5
12,naive,2022-04-11,0,0,0.5
12,naive,2022-04-12,1,0,0.5
12,naive,2022-04-13,0,1,0.5
12,naive,2022-04-14,1,0,0.5
12,naive,2022-04-18,1,1,0.5
12,naive,2022-04-19,0,1,0.5
12,naive,2022-04-20,0,0,0.5
12,naive,2022-04-21,0,0,0.5
12,naive,2022-04-22,1,0,0.5
12,naive,2022-04-25,0,1,0.5
12,naive,2022-04-26,1,0,0.5
12,naive,2022-04-27,1,1,0.5
12,naive,2022-04-28,0,1,0.5
12,naive,2022-04-29,1,0,0.5
12,naive,2022-05-02,1,1,0.5
12,naive,2022-05-03,1,1,0.5
12,naive,2022-05-04,0,1,0.5
12,naive,2022-05-05,0,0,0.5
12,naive,2022-05-06,0,0,0.5
12,naive,2022-05-09,1,0,0.5
12,naive,2022-05-10,0,1,0.5
12,naive,2022-05-11,0,0,0.5
12,naive,2022-05-12,1,0,0.5
12,naive,2022-05-13,0,1,0.5
12,naive,2022-05-16,1,0,0.5
12,naive,2022-05-17,0,1,0.5
12,naive,2022-05-18,0,0,0.5
12,naive,2022-05-19,1,0,0.5
12,naive,2022-05-20,1,1,0.5
12,naive,2022-05-23,0,1,0.5
12,naive,2022-05-24,1,0,0.5
12,naive,2022-05-25,1,1,0.5
12,naive,2022-05-26,1,1,0.5
12,naive,2022-05-27,0,1,0.5
12,naive,2022-05-31,0,0,0.5
12,naive,2022-06-01,1,0,0.5
12,naive,2022-06-02,0,1,0.5
12,naive,2022-06-03,1,0,0.5
12,naive,2022-06-06,1,1,0.5
12,naive,2022-06-07,0,1,0.5
12,naive,2022-06-08,0,0,0.5
12,naive,2022-06-09,0,0,0.5
12,naive,2022-06-10,0,0,0.5
12,naive,2022-06-13,0,0,0.5
12,naive,2022-06-14,1,0,0.5
12,naive,2022-06-15,0,1,0.5
12,naive,2022-06-16,1,0,0.5
12,naive,2022-06-17,1,1,0.5
12,naive,2022-06-21,0,1,0.5
12,naive,2022-06-22,1,0,0.5
12,naive,2022-06-23,1,1,0.5
12,naive,2022-06-24,0,1,0.5
12,naive,2022-06-27,0,0,0.5
12,naive,2022-06-28,0,0,0.5
12,naive,2022-06-29,0,0,0.5
12,naive,2022-06-30,1,0,0.5
12,naive,2022-07-01,1,1,0.5
12,naive,2022-07-05,1,1,0.5
12,naive,2022-07-06,1,1,0.5
12,naive,2022-07-07,0,1,0.5
12,naive,2022-07-08,0,0,0.5
12,naive,2022-07-11,0,0,0.5
12,naive,2022-07-12,0,0,0.5
12,naive,2022-07-13,0,0,0.5
12,naive,2022-07-14,1,0,0.5
12,naive,2022-07-15,0,1,0.5
12,naive,2022-07-18,1,0,0.5
12,naive,2022-07-19,1,1,0.5
12,naive,2022-07-20,1,1,0.5
12,naive,2022-07-21,0,1,0.5
12,naive,2022-07-22,1,0,0.5
12,naive,2022-07-25,0,1,0.5
12,naive,2022-07-26,1,0,0.5
12,naive,2022-07-27,1,1,0.5
12,naive,2022-07-28,1,1,0.5
12,naive,2022-07-29,0,1,0.5
12,naive,2022-08-01,0,0,0.5
12,naive,2022-08-02,1,0,0.5
12,naive,2022-08-03,0,1,0.5
12,naive,2022-08-04,0,0,0.5
12,naive,2022-08-05,0,0,0.5
12,naive,2022-08-08,0,0,0.5
12,naive,2022-08-09,1,0,0.5
12,naive,2022-08-10,0,1,0.5
12,naive,2022-08-11,1,0,0.5
12,naive,2022-08-12,1,1,0.5
12,naive,2022-08-15,1,1,0.5
12,naive,2022-08-16,0,1,0.5
12,logistic,2022-02-15,1,0,0.44252490369361314
12,logistic,2022-02-16,0,1,0.562266650644122
12,logistic,2022-02-17,0,1,0.7083973202066802
12,logistic,2022-02-18,0,1,0.5719409630723927
12,logistic,2022-02-22,0,1,0.5106638077261123
12,logistic,2022-02-23,1,1,0.5108663573188371
12,logistic,2022-02-24,1,0,0.45814682282256874
12,logistic,2022-02-25,0,1,0.5228484686455112
12,logistic,2022-02-28,0,1,0.5773434291285483
12,logistic,2022-03-01,1,1,0.6151070502838195
12,logistic,2022-03-02,0,1,0.5009480815768639
12,logistic,2022-03-03,0,1,0.5276196919762387
12,logistic,2022-03-04,0,1,0.5371246991315516
12,logistic,2022-03-07,0,1,0.6618534241840169
12,logistic,2022-03-08,1,1,0.5295878125118321
12,logistic,2022-03-09,0,0,0.4556200423475117
12,logistic,2022-03-10,0,1,0.649915783458327
12,logistic,2022-03-11,0,1,0.6762381382959763
12,logistic,2022-03-14,1,1,0.5968253184567931
12,logistic,2022-03-15,1,0,0.40401419234283337
12,logistic,2022-03-16,1,0,0.48885024951121925
12,logistic,2022-03-17,1,1,0.6781848521389107
12,logistic,2022-03-18,0,1,0.6842567134933752
12,logistic,2022-03-21,1,1,0.6387849896390598
12,logistic,2022-03-22,0,1,0.5815445850059574
12,logistic,2022-03-23,1,1,0.6973926243785251
12,logistic,2022-03-24,1,1,0.6300353127231579
12,logistic,2022-03-25,1,1,0.6688002395472489
12,logistic,2022-03-28,1,1,0.6541356297464622
12,logistic,2022-03-29,0,1,0.6618125770823688
12,logistic,2022-03-30,0,1,0.697747390273989
12,logistic,2022-03-31,1,1,0.6226508683590061
12,logistic,2022-04-01,1,1,0.5404814278155661
12,logistic,2022-04-04,0,1,0.531783913656388
12,logistic,2022-04-05,0,1,0.6599790760461925
12,logistic,2022-04-06,1,1,0.6731233327553791
12,logistic,2022-04-07,0,1,0.6220942842522994
12,logistic,2022-04-08,0,1,0.6112085767911746
12,logistic,2022-04-11,0,1,0.7028833526618395
12,logistic,2022-04-12,1,1,0.6577222675657063
12,logistic,2022-04-13,0,1,0.609771475626731
12,logistic,2022-04-14,1,1,0.6745096745899264
12,logistic,2022-04-18,1,1,0.6427727406642048
12,logistic,2022-04-19,0,1,0.6204413466534323
12,logistic,2022-04-20,0,1,0.6276867071124453
12,logistic,2022-04-21,0,1,0.6457078366504747
12,logistic,2022-04-22,1,1,0.650838751642428
12,logistic,2022-04-25,0,0,0.4577086455219031
12,logistic,2022-04-26,1,1,0.5501143321268822
12,logistic,2022-04-27,1,0,0.4544335134799482
12,logistic,2022-04-28,0,0,0.4773615821683458
12,logistic,2022-04-29,1,1,0.6616867224356092
12,logistic,2022-05-02,1,0,0.3944845581227158
12,logistic,2022-05-03,1,0,0.4345450840604936
12,logistic,2022-05-04,0,0,0.3428760127685642
12,logistic,2022-05-05,0,1,0.6533986041344692
12,logistic,2022-05-06,0,1,0.5497565698237362
12,logistic,2022-05-09,1,1,0.5447379949391318
12,logistic,2022-05-10,0,0,0.3900658352230283
12,logistic,2022-05-11,0,0,0.48306437049061074
12,logistic,2022-05-12,1,0,0.46840868246302786
12,logistic,2022-05-13,0,0,0.3961720657691941
12,logistic,2022-05-16,1,0,0.4846846992173039
12,logistic,2022-05-17,0,0,0.3901199884034501
12,logistic,2022-05-18,0,1,0.6960766563572585
12,logistic,2022-05-19,1,0,0.41796792920599984
12,logistic,2022-05-20,1,0,0.4457717249240681
12,logistic,2022-05-23,0,1,0.5061583702812402
12,logistic,2022-05-24,1,1,0.6938809137468847
12,logistic,2022-05-25,1,1,0.6765411153889344
12,logistic,2022-05-26,1,1,0.5826680975967744
12,logistic,2022-05-27,0,1,0.5403661888485386
12,logistic,2022-05-31,0,1,0.6869487711532298
12,logistic,2022-06-01,1,1,0.7064513241491994
12,logistic,2022-06-02,0,1,0.6102578323778285
12,logistic,2022-06-03,1,1,0.760927975777645
12,logistic,2022-06-06,1,1,0.7372093027260046
12,logistic,2022-06-07,0,1,0.7869770661225832
12,logistic,2022-06-08,0,1,0.7737772047195747
12,logistic,2022-06-09,0,1,0.7764880690653292
12,logistic,2022-06-10,0,1,0.8033656822621214
12,logistic,2022-06-13,0,1,0.7500843981583725
12,logistic,2022-06-14,1,1,0.5731553256254541
12,logistic,2022-06-15,0,1,0.6114766410695147
12,logistic,2022-06-16,1,1,0.7543592638533998
12,logistic,2022-06-17,1,1,0.5887431104313163
12,logistic,2022-06-21,0,0,0.46280294069338285
12,logistic,2022-06-22,1,0,0.45856970347468806
12,logistic,2022-06-23,1,0,0.48055715961989803
12,logistic,2022-06-24,0,0,0.47721333361507
12,logistic,2022-06-27,0,1,0.5356323229867223
12,logistic,2022-06-28,0,1,0.6204418055250875
12,logistic,2022-06-29,0,1,0.5747814581495468
12,logistic,2022-06-30,1,1,0.5499673759596487
12,logistic,2022-07-01,1,1,0.5324693597744153
12,logistic,2022-07-05,1,1,0.6612961993805481
12,logistic,2022-07-06,1,1,0.6692745774782959
12,logistic,2022-07-07,0,1,0.6501509659357049
12,logistic,2022-07-08,0,1,0.6810804184728955
12,logistic,2022-07-11,0,1,0.6984613639049339
12,logistic,2022-07-12,0,1,0.7124295577532461
12,logistic,2022-07-13,0,1,0.6753571017178377
12,logistic,2022-07-14,1,1,0.6888999231921321
12,logistic,2022-07-15,0,1,0.7257361096687517
12,logistic,2022-07-18,1,1,0.8206488518107502
12,logistic,2022-07-19,1,1,0.70941855807817
12,logistic,2022-07-20,1,1,0.7721198509789541
12,logistic,2022-07-21,0,1,0.7191688710794745
12,logistic,2022-07-22,1,1,0.7779129312734082
12,logistic,2022-07-25,0,1,0.7439155303067965
12,logistic,2022-07-26,1,1,0.7441061195832479
12,logistic,2022-07-27,1,1,0.6919066190162892
12,logistic,2022-07-28,1,1,0.7733180128073797
12,logistic,2022-07-29,0,1,0.7681545470448206
12,logistic,2022-08-01,0,1,0.7743736163944247
12,logistic,2022-08-02,1,1,0.7345501472389778
12,logistic,2022-08-03,0,1,0.5941197233139603
12,logistic,2022-08-04,0,1,0.7058200516788027
12,logistic,2022-08-05,0,1,0.6977868796369523
12,logistic,2022-08-08,0,1,0.7424179246176981
12,logistic,2022-08-09,1,1,0.7185047258071813
12,logistic,2022-08-10,0,1,0.6385437309593843
12,logistic,2022-08-11,1,1,0.7707810725056988
12,logistic,2022-08-12,1,1,0.7079228512406291
12,logistic,2022-08-15,1,1,0.7362270011006559
12,logistic,2022-08-16,0,1,0.7324826716628375
12,rf,2022-02-15,1,1,0.5683165668088231
12,rf,2022-02-16,0,1,0.5880060943971395
12,rf,2022-02-17,0,1,0.5947359201306979
12,rf,2022-02-18,0,1,0.5373821676276208
12,rf,2022-02-22,0,0,0.42039470194994955
12,rf,2022-02-23,1,0,0.4804408561112153
12,rf,2022-02-24,1,1,0.5541848043043034
12,rf,2022-02-25,0,1,0.5880932830401285
12,rf,2022-02-28,0,1,0.5940523248062263
12,rf,2022-03-01,1,1,0.6358737788988992
12,rf,2022-03-02,0,1,0.5370883552395211
12,rf,2022-03-03,0,1,0.6046411749589484
12,rf,2022-03-04,0,1,0.6395331624706794
12,rf,2022-03-07,0,1,0.588894332280081
12,rf,2022-03-08,1,0,0.45050370303233683
12,rf,2022-03-09,0,1,0.6560187826225223
12,rf,2022-03-10,0,1,0.6662685079156627
12,rf,2022-03-11,0,1,0.688443266595199
12,rf,2022-03-14,1,1,0.5742910654557201
12,rf,2022-03-15,1,1,0.5778688216471901
12,rf,2022-03-16,1,1,0.5759129150892996
12,rf,2022-03-17,1,1,0.5305593853716871
12,rf,2022-03-18,0,0,0.46393031343318164
12,rf,2022-03-21,1,1,0.5097783902711813
12,rf,2022-03-22,0,0,0.4250830137041177
12,rf,2022-03-23,1,0,0.4671936541607416
12,rf,2022-03-24,1,0,0.45073399006718196
12,rf,2022-03-25,1,0,0.4260361232863062
12,rf,2022-03-28,1,0,0.43203925724215836
12,rf,2022-03-29,0,0,0.3784374078954958
12,rf,2022-03-30,0,0,0.4625024750178722
12,rf,2022-03-31,1,1,0.5245675087775993
12,rf,2022-04-01,1,1,0.5068202502875443
12,rf,2022-04-04,0,0,0.4809665859991364
12,rf,2022-04-05,0,1,0.5805535067945058
12,rf,2022-04-06,1,1,0.6177068107794066
12,rf,2022-04-07,0,1,0.6018935892428937
12,rf,2022-04-08,0,1,0.6287778025253153
12,rf,2022-04-11,0,1,0.6699901397570087
12,rf,2022-04-12,1,1,0.6152803635312543
12,rf,2022-04-13,0,1,0.5328908482134274
12,rf,2022-04-14,1,1,0.6131544889068088
12,rf,2022-04-18,1,1,0.6662290743831513
12,rf,2022-04-19,0,1,0.6028451378786586
12,rf,2022-04-20,0,1,0.5542129450580519
12,rf,2022-04-21,0,1,0.6668815650078443
12,rf,2022-04-22,1,1,0.5986822666786528
12,rf,2022-04-25,0,0,0.4941836802126629
12,rf,2022-04-26,1,1,0.56372913620486
12,rf,2022-04-27,1,1,0.54638547690208
12,rf,2022-04-28,0,1,0.600685919392336
12,rf,2022-04-29,1,1,0.563346122434407
12,rf,2022-05-02,1,1,0.5530867069983454
12,rf,2022-05-03,1,1,0.5626132326360197
12,rf,2022-05-04,0,1,0.632047579600408
12,rf,2022-05-05,0,1,0.6174602570587314
12,rf,2022-05-06,0,1,0.5281334397373005
12,rf,2022-05-09,1,0,0.45341008692399576
12,rf,2022-05-10,0,0,0.42334083001793504
12,rf,2022-05-11,0,0,0.4582313959610533
12,rf,2022-05-12,1,1,0.5497158249475873
12,rf,2022-05-13,0,1,0.5891300401897007
12,rf,2022-05-16,1,1,0.5933993651795795
12,rf,2022-05-17,0,1,0.6766092220541757
12,rf,2022-05-18,0,1,0.5541247314858636
12,rf,2022-05-19,1,0,0.49402834377860416
12,rf,2022-05-20,1,1,0.5033024752225645
12,rf,2022-05-23,0,1,0.6097173563623839
12,rf,2022-05-24,1,1,0.621497105977142
12,rf,2022-05-25,1,1,0.6395205402888028
12,rf,2022-05-26,1,1,0.6115609542289403
12,rf,2022-05-27,0,1,0.5959555221660086
12,rf,2022-05-31,0,1,0.602271485508599
12,rf,2022-06-01,1,1,0.6383649250291448
12,rf,2022-06-02,0,1,0.5389095449815519
12,rf,2022-06-03,1,1,0.6432598187407499
12,rf,2022-06-06,1,1,0.6931921653006532
12,rf,2022-06-07,0,1,0.6039606097768413
12,rf,2022-06-08,0,1,0.6499504442484786
12,rf,2022-06-09,0,1,0.6705392946391416
12,rf,2022-06-10,0,1,0.5572096609583671
12,rf,2022-06-13,0,0,0.4716478118752858
12,rf,2022-06-14,1,0,0.4368258249880781
12,rf,2022-06-15,0,1,0.508963549696511
12,rf,2022-06-16,1,1,0.5329022870628815
12,rf,2022-06-17,1,0,0.4716205265715695
12,rf,2022-06-21,0,1,0.5099824913627952
12,rf,2022-06-22,1,1,0.5386583557307699
12,rf,2022-06-23,1,1,0.6015514481941665
12,rf,2022-06-24,0,1,0.6053757159476685
12,rf,2022-06-27,0,1,0.6345662549385938
12,rf,2022-06-28,0,1,0.6667621509808309
12,rf,2022-06-29,0,1,0.6120023009807989
12,rf,2022-06-30,1,1,0.6288485082190879
12,rf,2022-07-01,1,1,0.6770083509974669
12,rf,2022-07-05,1,1,0.6517014154134878
12,rf,2022-07-06,1,1,0.6845654668888124
12,rf,2022-07-07,0,1,0.649422183573701
12,rf,2022-07-08,0,1,0.6771751789325827
12,rf,2022-07-11,0,1,0.6609358833074479
12,rf,2022-07-12,0,1,0.5924218761266841
12,rf,2022-07-13,0,1,0.5854705937896701
12,rf,2022-07-14,1,1,0.6345356009459504
12,rf,2022-07-15,0,1,0.624803056086995
12,rf,2022-07-18,1,1,0.6136212988194069
12,rf,2022-07-19,1,1,0.5977268608376132
12,rf,2022-07-20,1,1,0.6381736572671717
12,rf,2022-07-21,0,1,0.5830246199103836
12,rf,2022-07-22,1,1,0.5883808620641051
12,rf,2022-07-25,0,1,0.6281714875255695
12,rf,2022-07-26,1,1,0.6249242434833299
12,rf,2022-07-27,1,1,0.5843300079879696
12,rf,2022-07-28,1,1,0.5050469614804302
12,rf,2022-07-29,0,0,0.4713819288078798
12,rf,2022-08-01,0,0,0.49104790534204734
12,rf,2022-08-02,1,1,0.5700277141342316
12,rf,2022-08-03,0,0,0.4880435915799998
12,rf,2022-08-04,0,1,0.5001829761937466
12,rf,2022-08-05,0,0,0.49015454414594745
12,rf,2022-08-08,0,1,0.5393564914555131
12,rf,2022-08-09,1,1,0.5490904632885352
12,rf,2022-08-10,0,1,0.5214033199470832
12,rf,2022-08-11,1,0,0.46976435533186733
12,rf,2022-08-12,1,0,0.49778142523496655
12,rf,2022-08-15,1,0,0.4773688688100882
12,rf,2022-08-16,0,0,0.4748738082906471
12,xgb,2022-02-15,1,1,0.7390795946121216
12,xgb,2022-02-16,0,1,0.7471440434455872
12,xgb,2022-02-17,0,1,0.7279663681983948
12,xgb,2022-02-18,0,1,0.5368807315826416
12,xgb,2022-02-22,0,0,0.31872230768203735
12,xgb,2022-02-23,1,1,0.5546557307243347
12,xgb,2022-02-24,1,1,0.6708842515945435
12,xgb,2022-02-25,0,0,0.4665713608264923
12,xgb,2022-02-28,0,1,0.5344898700714111
12,xgb,2022-03-01,1,1,0.8709176182746887
12,xgb,2022-03-02,0,0,0.14766591787338257
12,xgb,2022-03-03,0,1,0.8401373028755188
12,xgb,2022-03-04,0,1,0.9147393703460693
12,xgb,2022-03-07,0,1,0.8544019460678101
12,xgb,2022-03-08,1,0,0.2988869249820709
12,xgb,2022-03-09,0,1,0.8276623487472534
12,xgb,2022-03-10,0,1,0.766437292098999
12,xgb,2022-03-11,0,1,0.9310072660446167
12,xgb,2022-03-14,1,1,0.7190678715705872
12,xgb,2022-03-15,1,0,0.42937609553337097
12,xgb,2022-03-16,1,0,0.43221819400787354
12,xgb,2022-03-17,1,1,0.5584402680397034
12,xgb,2022-03-18,0,1,0.5141408443450928
12,xgb,2022-03-21,1,1,0.6067813634872437
12,xgb,2022-03-22,0,0,0.19052071869373322
12,xgb,2022-03-23,1,0,0.15176023542881012
12,xgb,2022-03-24,1,0,0.467009037733078
12,xgb,2022-03-25,1,0,0.23669394850730896
12,xgb,2022-03-28,1,0,0.4314301908016205
12,xgb,2022-03-29,0,0,0.04273202642798424
12,xgb,2022-03-30,0,0,0.1112721860408783
12,xgb,2022-03-31,1,1,0.6093630194664001
12,xgb,2022-04-01,1,1,0.589826762676239
12,xgb,2022-04-04,0,1,0.5838568210601807
12,xgb,2022-04-05,0,1,0.7618103623390198
12,xgb,2022-04-06,1,1,0.9480538368225098
12,xgb,2022-04-07,0,1,0.6483971476554871
12,xgb,2022-04-08,0,1,0.6832001209259033
12,xgb,2022-04-11,0,1,0.9429867267608643
12,xgb,2022-04-12,1,1,0.8492929935455322
12,xgb,2022-04-13,0,0,0.2219107300043106
12,xgb,2022-04-14,1,1,0.5595102310180664
12,xgb,2022-04-18,1,1,0.7443162202835083
12,xgb,2022-04-19,0,1,0.505099356174469
12,xgb,2022-04-20,0,0,0.3304517865180969
12,xgb,2022-04-21,0,1,0.8642289638519287
12,xgb,2022-04-22,1,1,0.5873640775680542
12,xgb,2022-04-25,0,0,0.46647050976753235
12,xgb,2022-04-26,1,1,0.6396353840827942
12,xgb,2022-04-27,1,1,0.6932513117790222
12,xgb,2022-04-28,0,1,0.5895508527755737
12,xgb,2022-04-29,1,1,0.8432957530021667
12,xgb,2022-05-02,1,1,0.538525402545929
12,xgb,2022-05-03,1,1,0.5969312787055969
12,xgb,2022-05-04,0,0,0.46340420842170715
12,xgb,2022-05-05,0,1,0.7765899300575256
12,xgb,2022-05-06,0,1,0.628001868724823
12,xgb,2022-05-09,1,1,0.5378091335296631
12,xgb,2022-05-10,0,0,0.46673330664634705
12,xgb,2022-05-11,0,1,0.6223469972610474
12,xgb,2022-05-12,1,1,0.6936860680580139
12,xgb,2022-05-13,0,0,0.4571547210216522
12,xgb,2022-05-16,1,1,0.7067437767982483
12,xgb,2022-05-17,0,1,0.8514514565467834
12,xgb,2022-05-18,0,1,0.582207441329956
12,xgb,2022-05-19,1,1,0.6376820802688599
12,xgb,2022-05-20,1,0,0.21462352573871613
12,xgb,2022-05-23,0,1,0.7523970603942871
12,xgb,2022-05-24,1,1,0.8402450084686279
12,xgb,2022-05-25,1,1,0.8079515695571899
12,xgb,2022-05-26,1,1,0.635469377040863
12,xgb,2022-05-27,0,1,0.6421026587486267
12,xgb,2022-05-31,0,0,0.35450029373168945
12,xgb,2022-06-01,1,1,0.7093073725700378
12,xgb,2022-06-02,0,1,0.5007905960083008
12,xgb,2022-06-03,1,1,0.7258985042572021
12,xgb,2022-06-06,1,1,0.9638679027557373
12,xgb,2022-06-07,0,1,0.8114273548126221
12,xgb,2022-06-08,0,1,0.7384172677993774
12,xgb,2022-06-09,0,1,0.8735232353210449
12,xgb,2022-06-10,0,0,0.29252150654792786
12,xgb,2022-06-13,0,1,0.5879761576652527
12,xgb,2022-06-14,1,1,0.7077352404594421
12,xgb,2022-06-15,0,0,0.3249058723449707
12,xgb,2022-06-16,1,1,0.6257772445678711
12,xgb,2022-06-17,1,0,0.1765056848526001
12,xgb,2022-06-21,0,0,0.36639922857284546
12,xgb,2022-06-22,1,0,0.4611731171607971
12,xgb,2022-06-23,1,1,0.8195813894271851
12,xgb,2022-06-24,0,1,0.6544011235237122
12,xgb,2022-06-27,0,1,0.8131290078163147
12,xgb,2022-06-28,0,1,0.8654423356056213
12,xgb,2022-06-29,0,1,0.8388696908950806
12,xgb,2022-06-30,1,1,0.9633321762084961
12,xgb,2022-07-01,1,1,0.9729527831077576
12,xgb,2022-07-05,1,1,0.6645178198814392
12,xgb,2022-07-06,1,1,0.748403787612915
12,xgb,2022-07-07,0,1,0.6861488223075867
12,xgb,2022-07-08,0,1,0.9145380854606628
12,xgb,2022-07-11,0,1,0.786275327205658
12,xgb,2022-07-12,0,1,0.5654893517494202
12,xgb,2022-07-13,0,1,0.8493888974189758
12,xgb,2022-07-14,1,1,0.8863860964775085
12,xgb,2022-07-15,0,1,0.8756200075149536
12,xgb,2022-07-18,1,1,0.6720309853553772
12,xgb,2022-07-19,1,1,0.8726267218589783
12,xgb,2022-07-20,1,1,0.6599530577659607
12,xgb,2022-07-21,0,1,0.8146592378616333
12,xgb,2022-07-22,1,1,0.5517066717147827
12,xgb,2022-07-25,0,1,0.5147666931152344
12,xgb,2022-07-26,1,0,0.381416916847229
12,xgb,2022-07-27,1,1,0.9032015204429626
12,xgb,2022-07-28,1,0,0.4577760100364685
12,xgb,2022-07-29,0,0,0.46948322653770447
12,xgb,2022-08-01,0,1,0.5967910289764404
12,xgb,2022-08-02,1,1,0.8226934671401978
12,xgb,2022-08-03,0,0,0.32054784893989563
12,xgb,2022-08-04,0,1,0.5887243747711182
12,xgb,2022-08-05,0,0,0.47621601819992065
12,xgb,2022-08-08,0,1,0.9197613596916199
12,xgb,2022-08-09,1,1,0.8545721173286438
12,xgb,2022-08-10,0,1,0.8484522104263306
12,xgb,2022-08-11,1,0,0.39728832244873047
12,xgb,2022-08-12,1,1,0.7606690526008606
12,xgb,2022-08-15,1,1,0.755070686340332
12,xgb,2022-08-16,0,1,0.6522641181945801
13,majority,2022-08-25,0,1,0.5788479697828139
13,majority,2022-08-26,0,1,0.5788479697828139
13,majority,2022-08-29,0,1,0.5788479697828139
13,majority,2022-08-30,0,1,0.5788479697828139
13,majority,2022-08-31,1,1,0.5788479697828139
13,majority,2022-09-01,0,1,0.5788479697828139
13,majority,2022-09-02,0,1,0.5788479697828139
13,majority,2022-09-06,1,1,0.5788479697828139
13,majority,2022-09-07,1,1,0.5788479697828139
13,majority,2022-09-08,1,1,0.5788479697828139
13,majority,2022-09-09,1,1,0.5788479697828139
13,majority,2022-09-12,0,1,0.5788479697828139
13,majority,2022-09-13,1,1,0.5788479697828139
13,majority,2022-09-14,0,1,0.5788479697828139
13,majority,2022-09-15,0,1,0.5788479697828139
13,majority,2022-09-16,1,1,0.5788479697828139
13,majority,2022-09-19,0,1,0.5788479697828139
13,majority,2022-09-20,0,1,0.5788479697828139
13,majority,2022-09-21,0,1,0.5788479697828139
13,majority,2022-09-22,0,1,0.5788479697828139
13,majority,2022-09-23,0,1,0.5788479697828139
13,majority,2022-09-26,0,1,0.5788479697828139
13,majority,2022-09-27,1,1,0.5788479697828139
13,majority,2022-09-28,0,1,0.5788479697828139
13,majority,2022-09-29,0,1,0.5788479697828139
13,majority,2022-09-30,1,1,0.5788479697828139
13,majority,2022-10-03,1,1,0.5788479697828139
13,majority,2022-10-04,0,1,0.5788479697828139
13,majority,2022-10-05,0,1,0.5788479697828139
13,majority,2022-10-06,0,1,0.5788479697828139
13,majority,2022-10-07,0,1,0.5788479697828139
13,majority,2022-10-10,0,1,0.5788479697828139
13,majority,2022-10-11,0,1,0.5788479697828139
13,majority,2022-10-12,1,1,0.5788479697828139
13,majority,2022-10-13,0,1,0.5788479697828139
13,majority,2022-10-14,1,1,0.5788479697828139
13,majority,2022-10-17,1,1,0.5788479697828139
13,majority,2022-10-18,0,1,0.5788479697828139
13,majority,2022-10-19,0,1,0.5788479697828139
13,majority,2022-10-20,1,1,0.5788479697828139
13,majority,2022-10-21,1,1,0.5788479697828139
13,majority,2022-10-24,1,1,0.5788479697828139
13,majority,2022-10-25,0,1,0.5788479697828139
13,majority,2022-10-26,0,1,0.5788479697828139
13,majority,2022-10-27,1,1,0.5788479697828139
13,majority,2022-10-28,0,1,0.5788479697828139
13,majority,2022-10-31,0,1,0.5788479697828139
13,majority,2022-11-01,0,1,0.5788479697828139
13,majority,2022-11-02,0,1,0.5788479697828139
13,majority,2022-11-03,1,1,0.5788479697828139
13,majority,2022-11-04,1,1,0.5788479697828139
13,majority,2022-11-07,1,1,0.5788479697828139
13,majority,2022-11-08,0,1,0.5788479697828139
13,majority,2022-11-09,1,1,0.5788479697828139
13,majority,2022-11-10,1,1,0.5788479697828139
13,majority,2022-11-11,0,1,0.5788479697828139
13,majority,2022-11-14,1,1,0.5788479697828139
13,majority,2022-11-15,0,1,0.5788479697828139
13,majority,2022-11-16,0,1,0.5788479697828139
13,majority,2022-11-17,1,1,0.5788479697828139
13,majority,2022-11-18,0,1,0.5788479697828139
13,majority,2022-11-21,1,1,0.5788479697828139
13,majority,2022-11-22,1,1,0.5788479697828139
13,majority,2022-11-23,0,1,0.5788479697828139
13,majority,2022-11-25,0,1,0.5788479697828139
13,majority,2022-11-28,0,1,0.5788479697828139
13,majority,2022-11-29,1,1,0.5788479697828139
13,majority,2022-11-30,0,1,0.5788479697828139
13,majority,2022-12-01,0,1,0.5788479697828139
13,majority,2022-12-02,0,1,0.5788479697828139
13,majority,2022-12-05,0,1,0.5788479697828139
13,majority,2022-12-06,0,1,0.5788479697828139
13,majority,2022-12-07,1,1,0.5788479697828139
13,majority,2022-12-08,0,1,0.5788479697828139
13,majority,2022-12-09,1,1,0.5788479697828139
13,majority,2022-12-12,1,1,0.5788479697828139
13,majority,2022-12-13,0,1,0.5788479697828139
13,majority,2022-12-14,0,1,0.5788479697828139
13,majority,2022-12-15,0,1,0.5788479697828139
13,majority,2022-12-16,0,1,0.5788479697828139
13,majority,2022-12-19,1,1,0.5788479697828139
13,majority,2022-12-20,1,1,0.5788479697828139
13,majority,2022-12-21,0,1,0.5788479697828139
13,majority,2022-12-22,1,1,0.5788479697828139
13,majority,2022-12-23,0,1,0.5788479697828139
13,majority,2022-12-27,0,1,0.5788479697828139
13,majority,2022-12-28,1,1,0.5788479697828139
13,majority,2022-12-29,0,1,0.5788479697828139
13,majority,2022-12-30,0,1,0.5788479697828139
13,majority,2023-01-03,1,1,0.5788479697828139
13,majority,2023-01-04,0,1,0.5788479697828139
13,majority,2023-01-05,1,1,0.5788479697828139
13,majority,2023-01-06,0,1,0.5788479697828139
13,majority,2023-01-09,1,1,0.5788479697828139
13,majority,2023-01-10,1,1,0.5788479697828139
13,majority,2023-01-11,1,1,0.5788479697828139
13,majority,2023-01-12,1,1,0.5788479697828139
13,majority,2023-01-13,0,1,0.5788479697828139
13,majority,2023-01-17,0,1,0.5788479697828139
13,majority,2023-01-18,0,1,0.5788479697828139
13,majority,2023-01-19,1,1,0.5788479697828139
13,majority,2023-01-20,1,1,0.5788479697828139
13,majority,2023-01-23,0,1,0.5788479697828139
13,majority,2023-01-24,1,1,0.5788479697828139
13,majority,2023-01-25,1,1,0.5788479697828139
13,majority,2023-01-26,1,1,0.5788479697828139
13,majority,2023-01-27,0,1,0.5788479697828139
13,majority,2023-01-30,1,1,0.5788479697828139
13,majority,2023-01-31,1,1,0.5788479697828139
13,majority,2023-02-01,1,1,0.5788479697828139
13,majority,2023-02-02,0,1,0.5788479697828139
13,majority,2023-02-03,0,1,0.5788479697828139
13,majority,2023-02-06,1,1,0.5788479697828139
13,majority,2023-02-07,0,1,0.5788479697828139
13,majority,2023-02-08,0,1,0.5788479697828139
13,majority,2023-02-09,1,1,0.5788479697828139
13,majority,2023-02-10,1,1,0.5788479697828139
13,majority,2023-02-13,0,1,0.5788479697828139
13,majority,2023-02-14,1,1,0.5788479697828139
13,majority,2023-02-15,0,1,0.5788479697828139
13,majority,2023-02-16,0,1,0.5788479697828139
13,majority,2023-02-17,0,1,0.5788479697828139
13,majority,2023-02-21,0,1,0.5788479697828139
13,majority,2023-02-22,1,1,0.5788479697828139
13,majority,2023-02-23,0,1,0.5788479697828139
13,majority,2023-02-24,1,1,0.5788479697828139
13,naive,2022-08-25,0,1,0.5
13,naive,2022-08-26,0,0,0.5
13,naive,2022-08-29,0,0,0.5
13,naive,2022-08-30,0,0,0.5
13,naive,2022-08-31,1,0,0.5
13,naive,2022-09-01,0,1,0.5
13,naive,2022-09-02,0,0,0.5
13,naive,2022-09-06,1,0,0.5
13,naive,2022-09-07,1,1,0.5
13,naive,2022-09-08,1,1,0.5
13,naive,2022-09-09,1,1,0.5
13,naive,2022-09-12,0,1,0.5
13,naive,2022-09-13,1,0,0.5
13,naive,2022-09-14,0,1,0.5
13,naive,2022-09-15,0,0,0.5
13,naive,2022-09-16,1,0,0.5
13,naive,2022-09-19,0,1,0.5
13,naive,2022-09-20,0,0,0.5
13,naive,2022-09-21,0,0,0.5
13,naive,2022-09-22,0,0,0.5
13,naive,2022-09-23,0,0,0.5
13,naive,2022-09-26,0,0,0.5
13,naive,2022-09-27,1,0,0.5
13,naive,2022-09-28,0,1,0.5
13,naive,2022-09-29,0,0,0.5
13,naive,2022-09-30,1,0,0.5
13,naive,2022-10-03,1,1,0.5
13,naive,2022-10-04,0,1,0.5
13,naive,2022-10-05,0,0,0.5
13,naive,2022-10-06,0,0,0.5
13,naive,2022-10-07,0,0,0.5
13,naive,2022-10-10,0,0,0.5
13,naive,2022-10-11,0,0,0.5
13,naive,2022-10-12,1,0,0.5
13,naive,2022-10-13,0,1,0.5
13,naive,2022-10-14,1,0,0.5
13,naive,2022-10-17,1,1,0.5
13,naive,2022-10-18,0,1,0.5
13,naive,2022-10-19,0,0,0.5
13,naive,2022-10-20,1,0,0.5
13,naive,2022-10-21,1,1,0.5
13,naive,2022-10-24,1,1,0.5
13,naive,2022-10-25,0,1,0.5
13,naive,2022-10-26,0,0,0.5
13,naive,2022-10-27,1,0,0.5
13,naive,2022-10-28,0,1,0.5
13,naive,2022-10-31,0,0,0.5
13,naive,2022-11-01,0,0,0.5
13,naive,2022-11-02,0,0,0.5
13,naive,2022-11-03,1,0,0.5
13,naive,2022-11-04,1,1,0.5
13,naive,2022-11-07,1,1,0.5
13,naive,2022-11-08,0,1,0.5
13,naive,2022-11-09,1,0,0.5
13,naive,2022-11-10,1,1,0.5
13,naive,2022-11-11,0,1,0.5
13,naive,2022-11-14,1,0,0.5
13,naive,2022-11-15,0,1,0.5
13,naive,2022-11-16,0,0,0.5
13,naive,2022-11-17,1,0,0.5
13,naive,2022-11-18,0,1,0.5
13,naive,2022-11-21,1,0,0.5
13,naive,2022-11-22,1,1,0.5
13,naive,2022-11-23,0,1,0.5
13,naive,2022-11-25,0,0,0.5
13,naive,2022-11-28,0,0,0.5
13,naive,2022-11-29,1,0,0.5
13,naive,2022-11-30,0,1,0.5
13,naive,2022-12-01,0,0,0.5
13,naive,2022-12-02,0,0,0.5
13,naive,2022-12-05,0,0,0.5
13,naive,2022-12-06,0,0,0.5
13,naive,2022-12-07,1,0,0.5
13,naive,2022-12-08,0,1,0.5
13,naive,2022-12-09,1,0,0.5
13,naive,2022-12-12,1,1,0.5
13,naive,2022-12-13,0,1,0.5
13,naive,2022-12-14,0,0,0.5
13,naive,2022-12-15,0,0,0.5
13,naive,2022-12-16,0,0,0.5
13,naive,2022-12-19,1,0,0.5
13,naive,2022-12-20,1,1,0.5
13,naive,2022-12-21,0,1,0.5
13,naive,2022-12-22,1,0,0.5
13,naive,2022-12-23,0,1,0.5
13,naive,2022-12-27,0,0,0.5
13,naive,2022-12-28,1,0,0.5
13,naive,2022-12-29,0,1,0.5
13,naive,2022-12-30,0,0,0.5
13,naive,2023-01-03,1,0,0.5
13,naive,2023-01-04,0,1,0.5
13,naive,2023-01-05,1,0,0.5
13,naive,2023-01-06,0,1,0.5
13,naive,2023-01-09,1,0,0.5
13,naive,2023-01-10,1,1,0.5
13,naive,2023-01-11,1,1,0.5
13,naive,2023-01-12,1,1,0.5
13,naive,2023-01-13,0,1,0.5
13,naive,2023-01-17,0,0,0.5
13,naive,2023-01-18,0,0,0.5
13,naive,2023-01-19,1,0,0.5
13,naive,2023-01-20,1,1,0.5
13,naive,2023-01-23,0,1,0.5
13,naive,2023-01-24,1,0,0.5
13,naive,2023-01-25,1,1,0.5
13,naive,2023-01-26,1,1,0.5
13,naive,2023-01-27,0,1,0.5
13,naive,2023-01-30,1,0,0.5
13,naive,2023-01-31,1,1,0.5
13,naive,2023-02-01,1,1,0.5
13,naive,2023-02-02,0,1,0.5
13,naive,2023-02-03,0,0,0.5
13,naive,2023-02-06,1,0,0.5
13,naive,2023-02-07,0,1,0.5
13,naive,2023-02-08,0,0,0.5
13,naive,2023-02-09,1,0,0.5
13,naive,2023-02-10,1,1,0.5
13,naive,2023-02-13,0,1,0.5
13,naive,2023-02-14,1,0,0.5
13,naive,2023-02-15,0,1,0.5
13,naive,2023-02-16,0,0,0.5
13,naive,2023-02-17,0,0,0.5
13,naive,2023-02-21,0,0,0.5
13,naive,2023-02-22,1,0,0.5
13,naive,2023-02-23,0,1,0.5
13,naive,2023-02-24,1,0,0.5
13,logistic,2022-08-25,0,1,0.6317766159972672
13,logistic,2022-08-26,0,1,0.7243207018142748
13,logistic,2022-08-29,0,1,0.5676933562234504
13,logistic,2022-08-30,0,1,0.5723789689714216
13,logistic,2022-08-31,1,1,0.5291219650944675
13,logistic,2022-09-01,0,1,0.5419363898917617
13,logistic,2022-09-02,0,1,0.6004412251482831
13,logistic,2022-09-06,1,0,0.49856035476543364
13,logistic,2022-09-07,1,0,0.47310743022600843
13,logistic,2022-09-08,1,1,0.5141920398002681
13,logistic,2022-09-09,1,0,0.48433860836452675
13,logistic,2022-09-12,0,1,0.5190750901289535
13,logistic,2022-09-13,1,1,0.6042934870847972
13,logistic,2022-09-14,0,0,0.4453720546658699
13,logistic,2022-09-15,0,1,0.5930192928278119
13,logistic,2022-09-16,1,1,0.5636940759755296
13,logistic,2022-09-19,0,1,0.6112317395268263
13,logistic,2022-09-20,0,1,0.664318480520033
13,logistic,2022-09-21,0,1,0.5860099694961559
13,logistic,2022-09-22,0,1,0.5723019114561645
13,logistic,2022-09-23,0,1,0.5781891000475603
13,logistic,2022-09-26,0,1,0.5330882649829212
13,logistic,2022-09-27,1,1,0.5623797276719955
13,logistic,2022-09-28,0,1,0.5398373079249211
13,logistic,2022-09-29,0,1,0.630610767560499
13,logistic,2022-09-30,1,1,0.5595775016738631
13,logistic,2022-10-03,1,0,0.45853579116505255
13,logistic,2022-10-04,0,1,0.509722496640732
13,logistic,2022-10-05,0,1,0.5991314184453641
13,logistic,2022-10-06,0,1,0.6170322905675099
13,logistic,2022-10-07,0,1,0.6190582676052669
13,logistic,2022-10-10,0,1,0.5473917810282214
13,logistic,2022-10-11,0,1,0.6225415917464173
13,logistic,2022-10-12,1,1,0.6833575043824478
13,logistic,2022-10-13,0,1,0.6782944729931979
13,logistic,2022-10-14,1,1,0.7832460286314651
13,logistic,2022-10-17,1,1,0.6391279066948429
13,logistic,2022-10-18,0,1,0.7395018157265782
13,logistic,2022-10-19,0,1,0.7186376769699249
13,logistic,2022-10-20,1,1,0.7092938134079504
13,logistic,2022-10-21,1,1,0.6954139360244672
13,logistic,2022-10-24,1,1,0.7226390084443894
13,logistic,2022-10-25,0,1,0.7198136886176298
13,logistic,2022-10-26,0,1,0.7617636658416147
13,logistic,2022-10-27,1,1,0.6822426286330261
13,logistic,2022-10-28,0,1,0.5956896068319218
13,logistic,2022-10-31,0,1,0.6994850842128137
13,logistic,2022-11-01,0,1,0.6700960073511574
13,logistic,2022-11-02,0,1,0.7514073249208016
13,logistic,2022-11-03,1,1,0.653332481996701
13,logistic,2022-11-04,1,1,0.6428899420134888
13,logistic,2022-11-07,1,1,0.7202478858993491
13,logistic,2022-11-08,0,1,0.7194726830615863
13,logistic,2022-11-09,1,1,0.7501108568001715
13,logistic,2022-11-10,1,1,0.5641496839979497
13,logistic,2022-11-11,0,1,0.7096269689265073
13,logistic,2022-11-14,1,1,0.7030932607002807
13,logistic,2022-11-15,0,1,0.6571747211926343
13,logistic,2022-11-16,0,1,0.6664201806681381
13,logistic,2022-11-17,1,1,0.6181809655373454
13,logistic,2022-11-18,0,1,0.6891311845890479
13,logistic,2022-11-21,1,1,0.7032239117738258
13,logistic,2022-11-22,1,1,0.6235812759990937
13,logistic,2022-11-23,0,1,0.64064011852609
13,logistic,2022-11-25,0,1,0.6136524876227083
13,logistic,2022-11-28,0,1,0.6224948914057278
13,logistic,2022-11-29,1,1,0.5601450843712852
13,logistic,2022-11-30,0,0,0.4895903816251125
13,logistic,2022-12-01,0,1,0.6447443563466305
13,logistic,2022-12-02,0,1,0.6301150074101958
13,logistic,2022-12-05,0,1,0.6530208108520081
13,logistic,2022-12-06,0,1,0.5870759115852126
13,logistic,2022-12-07,1,1,0.5724838087316305
13,logistic,2022-12-08,0,1,0.6536101239948441
13,logistic,2022-12-09,1,1,0.6929841296593366
13,logistic,2022-12-12,1,1,0.6384600663649641
13,logistic,2022-12-13,0,1,0.6627917120678279
13,logistic,2022-12-14,0,1,0.6490316628988303
13,logistic,2022-12-15,0,1,0.6511723125569344
13,logistic,2022-12-16,0,1,0.5840602251588904
13,logistic,2022-12-19,1,1,0.5670646156355129
13,logistic,2022-12-20,1,1,0.5907128509797417
13,logistic,2022-12-21,0,1,0.6185709914342598
13,logistic,2022-12-22,1,1,0.6755042558839208
13,logistic,2022-12-23,0,1,0.5480035098764642
13,logistic,2022-12-27,0,1,0.5545002709872761
13,logistic,2022-12-28,1,1,0.5282426072578471
13,logistic,2022-12-29,0,1,0.5113749491666005
13,logistic,2022-12-30,0,1,0.6166085439849562
13,logistic,2023-01-03,1,1,0.6009700634960403
13,logistic,2023-01-04,0,1,0.6061291295577519
13,logistic,2023-01-05,1,1,0.6274499191622346
13,logistic,2023-01-06,0,1,0.5294746314307364
13,logistic,2023-01-09,1,1,0.6546795930668128
13,logistic,2023-01-10,1,1,0.5913086567556097
13,logistic,2023-01-11,1,1,0.6039783566760183
13,logistic,2023-01-12,1,1,0.6338625626726804
13,logistic,2023-01-13,0,1,0.5925013093483398
13,logistic,2023-01-17,0,1,0.6215624058095915
13,logistic,2023-01-18,0,1,0.6213551768970788
13,logistic,2023-01-19,1,1,0.5841772394371082
13,logistic,2023-01-20,1,1,0.5891125632489769
13,logistic,2023-01-23,0,1,0.6363709226425579
13,logistic,2023-01-24,1,1,0.6482373155790594
13,logistic,2023-01-25,1,1,0.6219599467911349
13,logistic,2023-01-26,1,1,0.545775865022858
13,logistic,2023-01-27,0,1,0.5707786501286172
13,logistic,2023-01-30,1,1,0.6076057098006643
13,logistic,2023-01-31,1,1,0.5630053048771804
13,logistic,2023-02-01,1,1,0.6102408873282351
13,logistic,2023-02-02,0,1,0.5898528646473795
13,logistic,2023-02-03,0,1,0.6625877681735582
13,logistic,2023-02-06,1,1,0.5970716111043424
13,logistic,2023-02-07,0,1,0.5252099820724943
13,logistic,2023-02-08,0,1,0.6041866356840455
13,logistic,2023-02-09,1,1,0.6029946654128144
13,logistic,2023-02-10,1,1,0.6092270011436073
13,logistic,2023-02-13,0,1,0.5736081549729866
13,logistic,2023-02-14,1,1,0.5994522380799231
13,logistic,2023-02-15,0,1,0.5978001563776048
13,logistic,2023-02-16,0,1,0.6157024491432583
13,logistic,2023-02-17,0,1,0.5393418843516334
13,logistic,2023-02-21,0,1,0.5925505097066458
13,logistic,2023-02-22,1,1,0.551173411070207
13,logistic,2023-02-23,0,1,0.587596793146654
13,logistic,2023-02-24,1,1,0.6052961581952467
13,rf,2022-08-25,0,1,0.5309876200728494
13,rf,2022-08-26,0,1,0.5503158870766517
13,rf,2022-08-29,0,1,0.517426871074368
13,rf,2022-08-30,0,1,0.5116812434506257
13,rf,2022-08-31,1,1,0.5186192465618532
13,rf,2022-09-01,0,1,0.520879128100609
13,rf,2022-09-02,0,1,0.5237022589775174
13,rf,2022-09-06,1,1,0.513561788468958
13,rf,2022-09-07,1,1,0.5156502181641162
13,rf,2022-09-08,1,1,0.5225666568278565
13,rf,2022-09-09,1,1,0.5392505684714562
13,rf,2022-09-12,0,1,0.5355612690691048
13,rf,2022-09-13,1,1,0.5396824474419897
13,rf,2022-09-14,0,0,0.49643744397657535
13,rf,2022-09-15,0,1,0.5337325619746845
13,rf,2022-09-16,1,1,0.5377882898333372
13,rf,2022-09-19,0,1,0.5459691551295809
13,rf,2022-09-20,0,1,0.544661846195133
13,rf,2022-09-21,0,1,0.5322155971604313
13,rf,2022-09-22,0,1,0.5058640923385922
13,rf,2022-09-23,0,0,0.49910880364591165
13,rf,2022-09-26,0,0,0.49471578594706034
13,rf,2022-09-27,1,0,0.4894240423309696
13,rf,2022-09-28,0,1,0.5117122787436055
13,rf,2022-09-29,0,1,0.5076572339786929
13,rf,2022-09-30,1,1,0.5074091401550568
13,rf,2022-10-03,1,1,0.5069644223467711
13,rf,2022-10-04,0,1,0.5422730839678278
13,rf,2022-10-05,0,1,0.552166422911186
13,rf,2022-10-06,0,1,0.544284255121173
13,rf,2022-10-07,0,1,0.5160236937115309
13,rf,2022-10-10,0,1,0.500122100253757
13,rf,2022-10-11,0,1,0.5260068609163727
13,rf,2022-10-12,1,1,0.5137533011517308
13,rf,2022-10-13,0,1,0.5463042049491884
13,rf,2022-10-14,1,1,0.5425032815392805
13,rf,2022-10-17,1,1,0.5392524306660583
13,rf,2022-10-18,0,1,0.5412495232585087
13,rf,2022-10-19,0,1,0.5559287580190079
13,rf,2022-10-20,1,1,0.5408205394916299
13,rf,2022-10-21,1,1,0.5402516048893676
13,rf,2022-10-24,1,1,0.5273797497793534
13,rf,2022-10-25,0,0,0.49815059869298933
13,rf,2022-10-26,0,1,0.5209882725935906
13,rf,2022-10-27,1,1,0.5284972554106443
13,rf,2022-10-28,0,0,0.4683567383502526
13,rf,2022-10-31,0,1,0.5285940645716175
13,rf,2022-11-01,0,1,0.536675846604831
13,rf,2022-11-02,0,1,0.5443767268969691
13,rf,2022-11-03,1,1,0.542022198444859
13,rf,2022-11-04,1,1,0.5464480513999339
13,rf,2022-11-07,1,1,0.5425376519877906
13,rf,2022-11-08,0,1,0.5455461643264367
13,rf,2022-11-09,1,1,0.5513696169578889
13,rf,2022-11-10,1,0,0.4984608933282494
13,rf,2022-11-11,0,0,0.46563874418359397
13,rf,2022-11-14,1,1,0.5223826217603279
13,rf,2022-11-15,0,0,0.4882572287592923
13,rf,2022-11-16,0,1,0.5263021996297228
13,rf,2022-11-17,1,1,0.5368179348909404
13,rf,2022-11-18,0,1,0.5222882860783248
13,rf,2022-11-21,1,1,0.5325626384060894
13,rf,2022-11-22,1,1,0.5109815198368263
13,rf,2022-11-23,0,0,0.4948334383571039
13,rf,2022-11-25,0,1,0.5007754805978113
13,rf,2022-11-28,0,1,0.5435755012108858
13,rf,2022-11-29,1,1,0.5301119203475587
13,rf,2022-11-30,0,0,0.4962880772401604
13,rf,2022-12-01,0,1,0.5146149664194631
13,rf,2022-12-02,0,1,0.5189878730265348
13,rf,2022-12-05,0,1,0.5318399437830793
13,rf,2022-12-06,0,1,0.534740808306301
13,rf,2022-12-07,1,1,0.5431125614363118
13,rf,2022-12-08,0,1,0.5421649791012032
13,rf,2022-12-09,1,1,0.5439416782505618
13,rf,2022-12-12,1,1,0.5265459694779203
13,rf,2022-12-13,0,1,0.5312356671106514
13,rf,2022-12-14,0,1,0.5313255818064999
13,rf,2022-12-15,0,1,0.5464711620553389
13,rf,2022-12-16,0,1,0.5399001724121505
13,rf,2022-12-19,1,1,0.5173051686381166
13,rf,2022-12-20,1,1,0.5229497353367478
13,rf,2022-12-21,0,1,0.5360413218476573
13,rf,2022-12-22,1,1,0.5530732105933667
13,rf,2022-12-23,0,1,0.5361146608417215
13,rf,2022-12-27,0,1,0.5413428219693593
13,rf,2022-12-28,1,1,0.5292128957392058
13,rf,2022-12-29,0,1,0.5244817538212332
13,rf,2022-12-30,0,1,0.5254244300414745
13,rf,2023-01-03,1,1,0.5406312279968156
13,rf,2023-01-04,0,1,0.5346545399420863
13,rf,2023-01-05,1,1,0.534286704030396
13,rf,2023-01-06,0,1,0.5277835377430418
13,rf,2023-01-09,1,1,0.5409596166503194
13,rf,2023-01-10,1,1,0.5275129259533166
13,rf,2023-01-11,1,1,0.5079226801685375
13,rf,2023-01-12,1,1,0.5048189237793912
13,rf,2023-01-13,0,0,0.4800824324534372
13,rf,2023-01-17,0,1,0.5181882729741953
13,rf,2023-01-18,0,1,0.512737365578924
13,rf,2023-01-19,1,1,0.5103589590519597
13,rf,2023-01-20,1,1,0.5193147112506415
13,rf,2023-01-23,0,1,0.5164101451137756
13,rf,2023-01-24,1,1,0.5291541027125022
13,rf,2023-01-25,1,1,0.52158436442359
13,rf,2023-01-26,1,1,0.5072296820502962
13,rf,2023-01-27,0,1,0.5013924685316519
13,rf,2023-01-30,1,1,0.517488440336992
13,rf,2023-01-31,1,1,0.5066910803134854
13,rf,2023-02-01,1,1,0.50334388519233
13,rf,2023-02-02,0,0,0.4672401081564361
13,rf,2023-02-03,0,1,0.5183840383599294
13,rf,2023-02-06,1,0,0.4990020891737592
13,rf,2023-02-07,0,0,0.49882525897519847
13,rf,2023-02-08,0,1,0.5074853050322311
13,rf,2023-02-09,1,1,0.5127803898573922
13,rf,2023-02-10,1,1,0.5193671781679917
13,rf,2023-02-13,0,1,0.5040933904884655
13,rf,2023-02-14,1,1,0.5108190588448415
13,rf,2023-02-15,0,1,0.5012149034119682
13,rf,2023-02-16,0,1,0.5209089422997822
13,rf,2023-02-17,0,1,0.5092260754326353
13,rf,2023-02-21,0,1,0.5453860771023596
13,rf,2023-02-22,1,1,0.5308388176539354
13,rf,2023-02-23,0,1,0.5203916820463331
13,rf,2023-02-24,1,1,0.5351070223479929
13,xgb,2022-08-25,0,1,0.9097093343734741
13,xgb,2022-08-26,0,1,0.9944154024124146
13,xgb,2022-08-29,0,1,0.9947283864021301
13,xgb,2022-08-30,0,1,0.986333429813385
13,xgb,2022-08-31,1,1,0.9357845187187195
13,xgb,2022-09-01,0,1,0.7307876944541931
13,xgb,2022-09-02,0,1,0.9485445022583008
13,xgb,2022-09-06,1,1,0.9167575240135193
13,xgb,2022-09-07,1,1,0.8766329884529114
13,xgb,2022-09-08,1,1,0.6473623514175415
13,xgb,2022-09-09,1,1,0.6178146600723267
13,xgb,2022-09-12,0,1,0.9344510436058044
13,xgb,2022-09-13,1,1,0.7492886781692505
13,xgb,2022-09-14,0,0,0.3423559367656708
13,xgb,2022-09-15,0,0,0.4251593351364136
13,xgb,2022-09-16,1,1,0.9742610454559326
13,xgb,2022-09-19,0,1,0.8119271993637085
13,xgb,2022-09-20,0,1,0.9251160025596619
13,xgb,2022-09-21,0,1,0.9490072131156921
13,xgb,2022-09-22,0,1,0.7701458930969238
13,xgb,2022-09-23,0,1,0.716375470161438
13,xgb,2022-09-26,0,1,0.8552406430244446
13,xgb,2022-09-27,1,0,0.4550086259841919
13,xgb,2022-09-28,0,0,0.4287881851196289
13,xgb,2022-09-29,0,1,0.505238950252533
13,xgb,2022-09-30,1,1,0.7303119897842407
13,xgb,2022-10-03,1,0,0.2997623383998871
13,xgb,2022-10-04,0,1,0.705950140953064
13,xgb,2022-10-05,0,1,0.9475293159484863
13,xgb,2022-10-06,0,1,0.9308115839958191
13,xgb,2022-10-07,0,1,0.7546767592430115
13,xgb,2022-10-10,0,1,0.5592639446258545
13,xgb,2022-10-11,0,1,0.8153712749481201
13,xgb,2022-10-12,1,1,0.7392551302909851
13,xgb,2022-10-13,0,1,0.9585667252540588
13,xgb,2022-10-14,1,1,0.9118406772613525
13,xgb,2022-10-17,1,1,0.7990730404853821
13,xgb,2022-10-18,0,1,0.6781787276268005
13,xgb,2022-10-19,0,1,0.9345365762710571
13,xgb,2022-10-20,1,1,0.6291898488998413
13,xgb,2022-10-21,1,1,0.9596928358078003
13,xgb,2022-10-24,1,1,0.915134608745575
13,xgb,2022-10-25,0,1,0.6623507142066956
13,xgb,2022-10-26,0,1,0.8014920949935913
13,xgb,2022-10-27,1,1,0.7328428030014038
13,xgb,2022-10-28,0,0,0.1091657355427742
13,xgb,2022-10-31,0,1,0.9923835396766663
13,xgb,2022-11-01,0,1,0.9849452376365662
13,xgb,2022-11-02,0,1,0.9457761645317078
13,xgb,2022-11-03,1,1,0.9902818202972412
13,xgb,2022-11-04,1,1,0.9565093517303467
13,xgb,2022-11-07,1,0,0.48669472336769104
13,xgb,2022-11-08,0,1,0.5647594928741455
13,xgb,2022-11-09,1,1,0.9826874136924744
13,xgb,2022-11-10,1,1,0.7814083695411682
13,xgb,2022-11-11,0,0,0.07798749953508377
13,xgb,2022-11-14,1,1,0.7395910620689392
13,xgb,2022-11-15,0,0,0.04635171592235565
13,xgb,2022-11-16,0,1,0.5593815445899963
13,xgb,2022-11-17,1,1,0.951522171497345
13,xgb,2022-11-18,0,1,0.6737525463104248
13,xgb,2022-11-21,1,1,0.8381713032722473
13,xgb,2022-11-22,1,1,0.837304413318634
13,xgb,2022-11-23,0,1,0.7718877196311951
13,xgb,2022-11-25,0,1,0.5120459198951721
13,xgb,2022-11-28,0,1,0.967795193195343
13,xgb,2022-11-29,1,1,0.9017885327339172
13,xgb,2022-11-30,0,1,0.8451585173606873
13,xgb,2022-12-01,0,1,0.7596691846847534
13,xgb,2022-12-02,0,1,0.7423340082168579
13,xgb,2022-12-05,0,1,0.9564491510391235
13,xgb,2022-12-06,0,1,0.987509548664093
13,xgb,2022-12-07,1,1,0.9912974834442139
13,xgb,2022-12-08,0,1,0.7535185217857361
13,xgb,2022-12-09,1,1,0.9725432991981506
13,xgb,2022-12-12,1,1,0.7714223861694336
13,xgb,2022-12-13,0,1,0.797737181186676
13,xgb,2022-12-14,0,1,0.8078088164329529
13,xgb,2022-12-15,0,1,0.9885129928588867
13,xgb,2022-12-16,0,1,0.9141204357147217
13,xgb,2022-12-19,1,1,0.9245420098304749
13,xgb,2022-12-20,1,1,0.709782600402832
13,xgb,2022-12-21,0,1,0.797161877155304
13,xgb,2022-12-22,1,1,0.973248302936554
13,xgb,2022-12-23,0,1,0.7049822807312012
13,xgb,2022-12-27,0,1,0.979907751083374
13,xgb,2022-12-28,1,1,0.9294179677963257
13,xgb,2022-12-29,0,1,0.6567670106887817
13,xgb,2022-12-30,0,1,0.909261167049408
13,xgb,2023-01-03,1,1,0.9335803985595703
13,xgb,2023-01-04,0,1,0.986329972743988
13,xgb,2023-01-05,1,1,0.9432498812675476
13,xgb,2023-01-06,0,1,0.9009080529212952
13,xgb,2023-01-09,1,1,0.9937794804573059
13,xgb,2023-01-10,1,1,0.6326591372489929
13,xgb,2023-01-11,1,1,0.7565603256225586
13,xgb,2023-01-12,1,1,0.9192429184913635
13,xgb,2023-01-13,0,1,0.5403687953948975
13,xgb,2023-01-17,0,1,0.9889206290245056
13,xgb,2023-01-18,0,1,0.9334338903427124
13,xgb,2023-01-19,1,1,0.8954370021820068
13,xgb,2023-01-20,1,1,0.6401556134223938
13,xgb,2023-01-23,0,0,0.48946672677993774
13,xgb,2023-01-24,1,1,0.7404111623764038
13,xgb,2023-01-25,1,1,0.9839385151863098
13,xgb,2023-01-26,1,1,0.8544889092445374
13,xgb,2023-01-27,0,0,0.19608446955680847
13,xgb,2023-01-30,1,1,0.912483811378479
13,xgb,2023-01-31,1,1,0.5607224106788635
13,xgb,2023-02-01,1,1,0.5040902495384216
13,xgb,2023-02-02,0,1,0.5760576725006104
13,xgb,2023-02-03,0,1,0.9478986263275146
13,xgb,2023-02-06,1,1,0.5367295145988464
13,xgb,2023-02-07,0,0,0.34607720375061035
13,xgb,2023-02-08,0,1,0.6941013336181641
13,xgb,2023-02-09,1,1,0.9824826717376709
13,xgb,2023-02-10,1,1,0.8825752139091492
13,xgb,2023-02-13,0,1,0.635900616645813
13,xgb,2023-02-14,1,1,0.5976067781448364
13,xgb,2023-02-15,0,0,0.32721585035324097
13,xgb,2023-02-16,0,1,0.9300557374954224
13,xgb,2023-02-17,0,1,0.9960944056510925
13,xgb,2023-02-21,0,1,0.9981204867362976
13,xgb,2023-02-22,1,1,0.9707404375076294
13,xgb,2023-02-23,0,1,0.9068598747253418
13,xgb,2023-02-24,1,1,0.9695008397102356
14,majority,2023-03-07,1,1,0.5561850802644004
14,majority,2023-03-08,0,1,0.5561850802644004
14,majority,2023-03-09,0,1,0.5561850802644004
14,majority,2023-03-10,0,1,0.5561850802644004
14,majority,2023-03-13,1,1,0.5561850802644004
14,majority,2023-03-14,0,1,0.5561850802644004
14,majority,2023-03-15,1,1,0.5561850802644004
14,majority,2023-03-16,0,1,0.5561850802644004
14,majority,2023-03-17,1,1,0.5561850802644004
14,majority,2023-03-20,1,1,0.5561850802644004
14,majority,2023-03-21,0,1,0.5561850802644004
14,majority,2023-03-22,1,1,0.5561850802644004
14,majority,2023-03-23,1,1,0.5561850802644004
14,majority,2023-03-24,1,1,0.5561850802644004
14,majority,2023-03-27,0,1,0.5561850802644004
14,majority,2023-03-28,1,1,0.5561850802644004
14,majority,2023-03-29,1,1,0.5561850802644004
14,majority,2023-03-30,1,1,0.5561850802644004
14,majority,2023-03-31,1,1,0.5561850802644004
14,majority,2023-04-03,0,1,0.5561850802644004
14,majority,2023-04-04,0,1,0.5561850802644004
14,majority,2023-04-05,1,1,0.5561850802644004
14,majority,2023-04-06,1,1,0.5561850802644004
14,majority,2023-04-10,1,1,0.5561850802644004
14,majority,2023-04-11,0,1,0.5561850802644004
14,majority,2023-04-12,1,1,0.5561850802644004
14,majority,2023-04-13,0,1,0.5561850802644004
14,majority,2023-04-14,1,1,0.5561850802644004
14,majority,2023-04-17,1,1,0.5561850802644004
14,majority,2023-04-18,0,1,0.5561850802644004
14,majority,2023-04-19,0,1,0.5561850802644004
14,majority,2023-04-20,1,1,0.5561850802644004
14,majority,2023-04-21,1,1,0.5561850802644004
14,majority,2023-04-24,0,1,0.5561850802644004
14,majority,2023-04-25,0,1,0.5561850802644004
14,majority,2023-04-26,1,1,0.5561850802644004
14,majority,2023-04-27,1,1,0.5561850802644004
14,majority,2023-04-28,0,1,0.5561850802644004
14,majority,2023-05-01,0,1,0.5561850802644004
14,majority,2023-05-02,0,1,0.5561850802644004
14,majority,2023-05-03,0,1,0.5561850802644004
14,majority,2023-05-04,1,1,0.5561850802644004
14,majority,2023-05-05,1,1,0.5561850802644004
14,majority,2023-05-08,0,1,0.5561850802644004
14,majority,2023-05-09,1,1,0.5561850802644004
14,majority,2023-05-10,0,1,0.5561850802644004
14,majority,2023-05-11,0,1,0.5561850802644004
14,majority,2023-05-12,1,1,0.5561850802644004
14,majority,2023-05-15,0,1,0.5561850802644004
14,majority,2023-05-16,1,1,0.5561850802644004
14,majority,2023-05-17,1,1,0.5561850802644004
14,majority,2023-05-18,0,1,0.5561850802644004
14,majority,2023-05-19,1,1,0.5561850802644004
14,majority,2023-05-22,0,1,0.5561850802644004
14,majority,2023-05-23,0,1,0.5561850802644004
14,majority,2023-05-24,1,1,0.5561850802644004
14,majority,2023-05-25,1,1,0.5561850802644004
14,majority,2023-05-26,1,1,0.5561850802644004
14,majority,2023-05-30,0,1,0.5561850802644004
14,majority,2023-05-31,1,1,0.5561850802644004
14,majority,2023-06-01,1,1,0.5561850802644004
14,majority,2023-06-02,0,1,0.5561850802644004
14,majority,2023-06-05,1,1,0.5561850802644004
14,majority,2023-06-06,0,1,0.5561850802644004
14,majority,2023-06-07,1,1,0.5561850802644004
14,majority,2023-06-08,1,1,0.5561850802644004
14,majority,2023-06-09,1,1,0.5561850802644004
14,majority,2023-06-12,1,1,0.5561850802644004
14,majority,2023-06-13,1,1,0.5561850802644004
14,majority,2023-06-14,1,1,0.5561850802644004
14,majority,2023-06-15,0,1,0.5561850802644004
14,majority,2023-06-16,0,1,0.5561850802644004
14,majority,2023-06-20,0,1,0.5561850802644004
14,majority,2023-06-21,1,1,0.5561850802644004
14,majority,2023-06-22,0,1,0.5561850802644004
14,majority,2023-06-23,0,1,0.5561850802644004
14,majority,2023-06-26,1,1,0.5561850802644004
14,majority,2023-06-27,1,1,0.5561850802644004
14,majority,2023-06-28,1,1,0.5561850802644004
14,majority,2023-06-29,1,1,0.5561850802644004
14,majority,2023-06-30,1,1,0.5561850802644004
14,majority,2023-07-03,0,1,0.5561850802644004
14,majority,2023-07-05,0,1,0.5561850802644004
14,majority,2023-07-06,0,1,0.5561850802644004
14,majority,2023-07-07,1,1,0.5561850802644004
14,majority,2023-07-10,1,1,0.5561850802644004
14,majority,2023-07-11,1,1,0.5561850802644004
14,majority,2023-07-12,1,1,0.5561850802644004
14,majority,2023-07-13,0,1,0.5561850802644004
14,majority,2023-07-14,1,1,0.5561850802644004
14,majority,2023-07-17,1,1,0.5561850802644004
14,majority,2023-07-18,1,1,0.5561850802644004
14,majority,2023-07-19,0,1,0.5561850802644004
14,majority,2023-07-20,0,1,0.5561850802644004
14,majority,2023-07-21,1,1,0.5561850802644004
14,majority,2023-07-24,1,1,0.5561850802644004
14,majority,2023-07-25,1,1,0.5561850802644004
14,majority,2023-07-26,0,1,0.5561850802644004
14,majority,2023-07-27,1,1,0.5561850802644004
14,majority,2023-07-28,1,1,0.5561850802644004
14,majority,2023-07-31,0,1,0.5561850802644004
14,majority,2023-08-01,0,1,0.5561850802644004
14,majority,2023-08-02,0,1,0.5561850802644004
14,majority,2023-08-03,0,1,0.5561850802644004
14,majority,2023-08-04,1,1,0.5561850802644004
14,majority,2023-08-07,0,1,0.5561850802644004
14,majority,2023-08-08,0,1,0.5561850802644004
14,majority,2023-08-09,1,1,0.5561850802644004
14,majority,2023-08-10,0,1,0.5561850802644004
14,majority,2023-08-11,1,1,0.5561850802644004
14,majority,2023-08-14,0,1,0.5561850802644004
14,majority,2023-08-15,0,1,0.5561850802644004
14,majority,2023-08-16,0,1,0.5561850802644004
14,majority,2023-08-17,1,1,0.5561850802644004
14,majority,2023-08-18,1,1,0.5561850802644004
14,majority,2023-08-21,0,1,0.5561850802644004
14,majority,2023-08-22,1,1,0.5561850802644004
14,majority,2023-08-23,0,1,0.5561850802644004
14,majority,2023-08-24,1,1,0.5561850802644004
14,majority,2023-08-25,1,1,0.5561850802644004
14,majority,2023-08-28,1,1,0.5561850802644004
14,majority,2023-08-29,1,1,0.5561850802644004
14,majority,2023-08-30,0,1,0.5561850802644004
14,majority,2023-08-31,1,1,0.5561850802644004
14,majority,2023-09-01,0,1,0.5561850802644004
14,majority,2023-09-05,0,1,0.5561850802644004
14,naive,2023-03-07,1,0,0.5
14,naive,2023-03-08,0,1,0.5
14,naive,2023-03-09,0,0,0.5
14,naive,2023-03-10,0,0,0.5
14,naive,2023-03-13,1,0,0.5
14,naive,2023-03-14,0,1,0.5
14,naive,2023-03-15,1,0,0.5
14,naive,2023-03-16,0,1,0.5
14,naive,2023-03-17,1,0,0.5
14,naive,2023-03-20,1,1,0.5
14,naive,2023-03-21,0,1,0.5
14,naive,2023-03-22,1,0,0.5
14,naive,2023-03-23,1,1,0.5
14,naive,2023-03-24,1,1,0.5
14,naive,2023-03-27,0,1,0.5
14,naive,2023-03-28,1,0,0.5
14,naive,2023-03-29,1,1,0.5
14,naive,2023-03-30,1,1,0.5
14,naive,2023-03-31,1,1,0.5
14,naive,2023-04-03,0,1,0.5
14,naive,2023-04-04,0,0,0.5
14,naive,2023-04-05,1,0,0.5
14,naive,2023-04-06,1,1,0.5
14,naive,2023-04-10,1,1,0.5
14,naive,2023-04-11,0,1,0.5
14,naive,2023-04-12,1,0,0.5
14,naive,2023-04-13,0,1,0.5
14,naive,2023-04-14,1,0,0.5
14,naive,2023-04-17,1,1,0.5
14,naive,2023-04-18,0,1,0.5
14,naive,2023-04-19,0,0,0.5
14,naive,2023-04-20,1,0,0.5
14,naive,2023-04-21,1,1,0.5
14,naive,2023-04-24,0,1,0.5
14,naive,2023-04-25,0,0,0.5
14,naive,2023-04-26,1,0,0.5
14,naive,2023-04-27,1,1,0.5
14,naive,2023-04-28,0,1,0.5
14,naive,2023-05-01,0,0,0.5
14,naive,2023-05-02,0,0,0.5
14,naive,2023-05-03,0,0,0.5
14,naive,2023-05-04,1,0,0.5
14,naive,2023-05-05,1,1,0.5
14,naive,2023-05-08,0,1,0.5
14,naive,2023-05-09,1,0,0.5
14,naive,2023-05-10,0,1,0.5
14,naive,2023-05-11,0,0,0.5
14,naive,2023-05-12,1,0,0.5
14,naive,2023-05-15,0,1,0.5
14,naive,2023-05-16,1,0,0.5
14,naive,2023-05-17,1,1,0.5
14,naive,2023-05-18,0,1,0.5
14,naive,2023-05-19,1,0,0.5
14,naive,2023-05-22,0,1,0.5
14,naive,2023-05-23,0,0,0.5
14,naive,2023-05-24,1,0,0.5
14,naive,2023-05-25,1,1,0.5
14,naive,2023-05-26,1,1,0.5
14,naive,2023-05-30,0,1,0.5
14,naive,2023-05-31,1,0,0.5
14,naive,2023-06-01,1,1,0.5
14,naive,2023-06-02,0,1,0.5
14,naive,2023-06-05,1,0,0.5
14,naive,2023-06-06,0,1,0.5
14,naive,2023-06-07,1,0,0.5
14,naive,2023-06-08,1,1,0.5
14,naive,2023-06-09,1,1,0.5
14,naive,2023-06-12,1,1,0.5
14,naive,2023-06-13,1,1,0.5
14,naive,2023-06-14,1,1,0.5
14,naive,2023-06-15,0,1,0.5
14,naive,2023-06-16,0,0,0.5
14,naive,2023-06-20,0,0,0.5
14,naive,2023-06-21,1,0,0.5
14,naive,2023-06-22,0,1,0.5
14,naive,2023-06-23,0,0,0.5
14,naive,2023-06-26,1,0,0.5
14,naive,2023-06-27,1,1,0.5
14,naive,2023-06-28,1,1,0.5
14,naive,2023-06-29,1,1,0.5
14,naive,2023-06-30,1,1,0.5
14,naive,2023-07-03,0,1,0.5
14,naive,2023-07-05,0,0,0.5
14,naive,2023-07-06,0,0,0.5
14,naive,2023-07-07,1,0,0.5
14,naive,2023-07-10,1,1,0.5
14,naive,2023-07-11,1,1,0.5
14,naive,2023-07-12,1,1,0.5
14,naive,2023-07-13,0,1,0.5
14,naive,2023-07-14,1,0,0.5
14,naive,2023-07-17,1,1,0.5
14,naive,2023-07-18,1,1,0.5
14,naive,2023-07-19,0,1,0.5
14,naive,2023-07-20,0,0,0.5
14,naive,2023-07-21,1,0,0.5
14,naive,2023-07-24,1,1,0.5
14,naive,2023-07-25,1,1,0.5
14,naive,2023-07-26,0,1,0.5
14,naive,2023-07-27,1,0,0.5
14,naive,2023-07-28,1,1,0.5
14,naive,2023-07-31,0,1,0.5
14,naive,2023-08-01,0,0,0.5
14,naive,2023-08-02,0,0,0.5
14,naive,2023-08-03,0,0,0.5
14,naive,2023-08-04,1,0,0.5
14,naive,2023-08-07,0,1,0.5
14,naive,2023-08-08,0,0,0.5
14,naive,2023-08-09,1,0,0.5
14,naive,2023-08-10,0,1,0.5
14,naive,2023-08-11,1,0,0.5
14,naive,2023-08-14,0,1,0.5
14,naive,2023-08-15,0,0,0.5
14,naive,2023-08-16,0,0,0.5
14,naive,2023-08-17,1,0,0.5
14,naive,2023-08-18,1,1,0.5
14,naive,2023-08-21,0,1,0.5
14,naive,2023-08-22,1,0,0.5
14,naive,2023-08-23,0,1,0.5
14,naive,2023-08-24,1,0,0.5
14,naive,2023-08-25,1,1,0.5
14,naive,2023-08-28,1,1,0.5
14,naive,2023-08-29,1,1,0.5
14,naive,2023-08-30,0,1,0.5
14,naive,2023-08-31,1,0,0.5
14,naive,2023-09-01,0,1,0.5
14,naive,2023-09-05,0,0,0.5
14,logistic,2023-03-07,1,1,0.5165896235058777
14,logistic,2023-03-08,0,0,0.466896869745006
14,logistic,2023-03-09,0,1,0.5102473676985514
14,logistic,2023-03-10,0,0,0.4800566985848466
14,logistic,2023-03-13,1,0,0.49211852775055487
14,logistic,2023-03-14,0,1,0.5071987455842212
14,logistic,2023-03-15,1,1,0.5372750965603964
14,logistic,2023-03-16,0,0,0.4883462169579472
14,logistic,2023-03-17,1,1,0.548158290679426
14,logistic,2023-03-20,1,0,0.46462819397522187
14,logistic,2023-03-21,0,0,0.4834703997055
14,logistic,2023-03-22,1,1,0.558390224949819
14,logistic,2023-03-23,1,0,0.47263031599898553
14,logistic,2023-03-24,1,1,0.5364372857991593
14,logistic,2023-03-27,0,1,0.5329528826998934
14,logistic,2023-03-28,1,1,0.5303905747462943
14,logistic,2023-03-29,1,1,0.5282448293260371
14,logistic,2023-03-30,1,1,0.5422784497257755
14,logistic,2023-03-31,1,1,0.511548417958269
14,logistic,2023-04-03,0,1,0.5327374271504278
14,logistic,2023-04-04,0,1,0.5210642439712426
14,logistic,2023-04-05,1,0,0.4916434343032032
14,logistic,2023-04-06,1,0,0.4865211907233679
14,logistic,2023-04-10,1,0,0.48636324979814316
14,logistic,2023-04-11,0,1,0.5032293197667967
14,logistic,2023-04-12,1,1,0.5239738768561671
14,logistic,2023-04-13,0,1,0.5040449774615813
14,logistic,2023-04-14,1,1,0.5551612825236639
14,logistic,2023-04-17,1,1,0.5069416024903136
14,logistic,2023-04-18,0,1,0.5274760682318466
14,logistic,2023-04-19,0,1,0.5326395053301948
14,logistic,2023-04-20,1,0,0.4966482375579467
14,logistic,2023-04-21,1,0,0.4894899770684166
14,logistic,2023-04-24,0,1,0.5103120016771886
14,logistic,2023-04-25,0,1,0.5152202973324943
14,logistic,2023-04-26,1,0,0.49529584462673565
14,logistic,2023-04-27,1,1,0.5339286329524737
14,logistic,2023-04-28,0,1,0.5795907244755486
14,logistic,2023-05-01,0,1,0.571021319333799
14,logistic,2023-05-02,0,1,0.5576121263197998
14,logistic,2023-05-03,0,1,0.515478502995689
14,logistic,2023-05-04,1,1,0.5041802859338754
14,logistic,2023-05-05,1,1,0.5299759217021971
14,logistic,2023-05-08,0,1,0.6025678378721152
14,logistic,2023-05-09,1,1,0.5736619536479002
14,logistic,2023-05-10,0,1,0.532716435174235
14,logistic,2023-05-11,0,1,0.5531914692685764
14,logistic,2023-05-12,1,1,0.5197103975735011
14,logistic,2023-05-15,0,1,0.5414413915621226
14,logistic,2023-05-16,1,1,0.5608988630803794
14,logistic,2023-05-17,1,1,0.5299316763671116
14,logistic,2023-05-18,0,1,0.5644288391274318
14,logistic,2023-05-19,1,1,0.5767094044727166
14,logistic,2023-05-22,0,1,0.5469459618615469
14,logistic,2023-05-23,0,1,0.5536434469985244
14,logistic,2023-05-24,1,0,0.49996950121454786
14,logistic,2023-05-25,1,1,0.5190345770196622
14,logistic,2023-05-26,1,1,0.5793302641971306
14,logistic,2023-05-30,0,1,0.5794228613934042
14,logistic,2023-05-31,1,1,0.5578049858959294
14,logistic,2023-06-01,1,1,0.5118577506462206
14,logistic,2023-06-02,0,1,0.5131926911585157
14,logistic,2023-06-05,1,1,0.5457212678619093
14,logistic,2023-06-06,0,1,0.5220794038284127
14,logistic,2023-06-07,1,1,0.543534585288988
14,logistic,2023-06-08,1,1,0.5102222975420528
14,logistic,2023-06-09,1,1,0.5400127554157065
14,logistic,2023-06-12,1,1,0.5404383884079391
14,logistic,2023-06-13,1,1,0.5457767535027599
14,logistic,2023-06-14,1,1,0.5413951636142418
14,logistic,2023-06-15,0,1,0.5088556451074668
14,logistic,2023-06-16,0,1,0.5689276297162094
14,logistic,2023-06-20,0,1,0.5252267998797843
14,logistic,2023-06-21,1,1,0.5263743231905632
14,logistic,2023-06-22,0,1,0.5051139606201878
14,logistic,2023-06-23,0,1,0.529783883116779
14,logistic,2023-06-26,1,1,0.5301877947432386
14,logistic,2023-06-27,1,1,0.5274836626269329
14,logistic,2023-06-28,1,1,0.5557305511606806
14,logistic,2023-06-29,1,1,0.5263156684496063
14,logistic,2023-06-30,1,1,0.5470236520948102
14,logistic,2023-07-03,0,1,0.5636819314173818
14,logistic,2023-07-05,0,1,0.5308633005305248
14,logistic,2023-07-06,0,1,0.5262943253852282
14,logistic,2023-07-07,1,1,0.5121593363202734
14,logistic,2023-07-10,1,1,0.5175198080244863
14,logistic,2023-07-11,1,1,0.5428763773911387
14,logistic,2023-07-12,1,1,0.5573931955049111
14,logistic,2023-07-13,0,1,0.5596908536877938
14,logistic,2023-07-14,1,1,0.5661744796368093
14,logistic,2023-07-17,1,1,0.5390699262189101
14,logistic,2023-07-18,1,1,0.5197184900726288
14,logistic,2023-07-19,0,1,0.5349619808413703
14,logistic,2023-07-20,0,1,0.5303214315268149
14,logistic,2023-07-21,1,1,0.5296095726105011
14,logistic,2023-07-24,1,1,0.5318759773686619
14,logistic,2023-07-25,1,1,0.5376419640988367
14,logistic,2023-07-26,0,1,0.5468980120855174
14,logistic,2023-07-27,1,1,0.554543579365687
14,logistic,2023-07-28,1,1,0.5274382261546918
14,logistic,2023-07-31,0,1,0.5583171318567374
14,logistic,2023-08-01,0,1,0.5487524476410597
14,logistic,2023-08-02,0,1,0.5224618214044942
14,logistic,2023-08-03,0,1,0.5039788443737133
14,logistic,2023-08-04,1,1,0.5141332229551067
14,logistic,2023-08-07,0,1,0.5291946682826234
14,logistic,2023-08-08,0,1,0.5660821402990042
14,logistic,2023-08-09,1,1,0.5318489072505364
14,logistic,2023-08-10,0,1,0.5011507206351903
14,logistic,2023-08-11,1,1,0.5120213774983737
14,logistic,2023-08-14,0,0,0.49472921781948526
14,logistic,2023-08-15,0,1,0.524495868275906
14,logistic,2023-08-16,0,0,0.4829741710566226
14,logistic,2023-08-17,1,0,0.47347009940831775
14,logistic,2023-08-18,1,0,0.4368515036152146
14,logistic,2023-08-21,0,0,0.45007636778959853
14,logistic,2023-08-22,1,0,0.4834755165006554
14,logistic,2023-08-23,0,0,0.45892742562514804
14,logistic,2023-08-24,1,0,0.48904233377158146
14,logistic,2023-08-25,1,0,0.4234691934725932
14,logistic,2023-08-28,1,0,0.47962193347105325
14,logistic,2023-08-29,1,1,0.5047404374447303
14,logistic,2023-08-30,0,1,0.5111759614134346
14,logistic,2023-08-31,1,1,0.5276284919301389
14,logistic,2023-09-01,0,0,0.48290685959594243
14,logistic,2023-09-05,0,1,0.5151244119431005
14,rf,2023-03-07,1,0,0.47333382511766986
14,rf,2023-03-08,0,1,0.5238205672471916
14,rf,2023-03-09,0,1,0.5356968113178582
14,rf,2023-03-10,0,1,0.5228932219352896
14,rf,2023-03-13,1,0,0.477463158761226
14,rf,2023-03-14,0,0,0.4680084849703561
14,rf,2023-03-15,1,0,0.4927858860578117
14,rf,2023-03-16,0,0,0.4474538887036929
14,rf,2023-03-17,1,1,0.5125890619552202
14,rf,2023-03-20,1,0,0.4953360317595734
14,rf,2023-03-21,0,1,0.557656368229734
14,rf,2023-03-22,1,1,0.5039368754648765
14,rf,2023-03-23,1,1,0.5177330550286532
14,rf,2023-03-24,1,1,0.5367829949528065
14,rf,2023-03-27,0,1,0.556745512774282
14,rf,2023-03-28,1,1,0.5703250043428857
14,rf,2023-03-29,1,1,0.5674143221350818
14,rf,2023-03-30,1,1,0.5931153717816645
14,rf,2023-03-31,1,0,0.4943255729914626
14,rf,2023-04-03,0,1,0.5293327930541462
14,rf,2023-04-04,0,0,0.48114275669580747
14,rf,2023-04-05,1,1,0.5556528909298625
14,rf,2023-04-06,1,0,0.45547731777658174
14,rf,2023-04-10,1,0,0.475669991261554
14,rf,2023-04-11,0,0,0.4901664756576371
14,rf,2023-04-12,1,0,0.41946470956965043
14,rf,2023-04-13,0,0,0.481044254484711
14,rf,2023-04-14,1,0,0.4802867456535795
14,rf,2023-04-17,1,1,0.5137087436312783
14,rf,2023-04-18,0,1,0.6158189457313394
14,rf,2023-04-19,0,0,0.47743047698569047
14,rf,2023-04-20,1,0,0.4817042135150564
14,rf,2023-04-21,1,0,0.4945215278797305
14,rf,2023-04-24,0,1,0.5291656268060303
14,rf,2023-04-25,0,1,0.5608911374739917
14,rf,2023-04-26,1,1,0.5082874584405129
14,rf,2023-04-27,1,1,0.5101000410625597
14,rf,2023-04-28,0,1,0.6180401863889731
14,rf,2023-05-01,0,1,0.6124592268459129
14,rf,2023-05-02,0,1,0.5203026894956518
14,rf,2023-05-03,0,1,0.5282129551982572
14,rf,2023-05-04,1,1,0.5290761778037765
14,rf,2023-05-05,1,1,0.5215269849290963
14,rf,2023-05-08,0,1,0.5527766616875095
14,rf,2023-05-09,1,1,0.566640343123046
14,rf,2023-05-10,0,1,0.6106517692714147
14,rf,2023-05-11,0,1,0.6216680436973291
14,rf,2023-05-12,1,1,0.6393206494523818
14,rf,2023-05-15,0,1,0.5786579244416848
14,rf,2023-05-16,1,1,0.5521165267394962
14,rf,2023-05-17,1,1,0.5628378759722926
14,rf,2023-05-18,0,1,0.5553586303472838
14,rf,2023-05-19,1,1,0.5539780585765992
14,rf,2023-05-22,0,1,0.5746423240904586
14,rf,2023-05-23,0,1,0.5086061941021752
14,rf,2023-05-24,1,1,0.5028887065948516
14,rf,2023-05-25,1,1,0.5101614779716384
14,rf,2023-05-26,1,1,0.6129772448074268
14,rf,2023-05-30,0,1,0.5675713064558382
14,rf,2023-05-31,1,0,0.4941391035955986
14,rf,2023-06-01,1,1,0.5949528740934621
14,rf,2023-06-02,0,0,0.4992050057602156
14,rf,2023-06-05,1,1,0.5646384283585515
14,rf,2023-06-06,0,1,0.5380288992958142
14,rf,2023-06-07,1,1,0.6459898875203424
14,rf,2023-06-08,1,1,0.536820643704101
14,rf,2023-06-09,1,1,0.5406408747715898
14,rf,2023-06-12,1,1,0.5326315534401483
14,rf,2023-06-13,1,1,0.501155938513226
14,rf,2023-06-14,1,1,0.5555523082973364
14,rf,2023-06-15,0,0,0.4906464076843591
14,rf,2023-06-16,0,1,0.563619646779075
14,rf,2023-06-20,0,0,0.48347426030158014
14,rf,2023-06-21,1,1,0.5748544328702915
14,rf,2023-06-22,0,0,0.4986586261851172
14,rf,2023-06-23,0,1,0.623435242781979
14,rf,2023-06-26,1,1,0.5955982824445064
14,rf,2023-06-27,1,1,0.545547602767363
14,rf,2023-06-28,1,1,0.5558853756276176
14,rf,2023-06-29,1,1,0.574015536173087
14,rf,2023-06-30,1,1,0.5253323146885918
14,rf,2023-07-03,0,0,0.47047906376715987
14,rf,2023-07-05,0,1,0.507852591581152
14,rf,2023-07-06,0,1,0.5558136522321512
14,rf,2023-07-07,1,1,0.600495109745015
14,rf,2023-07-10,1,1,0.6403180563652259
14,rf,2023-07-11,1,1,0.6392667491386492
14,rf,2023-07-12,1,0,0.4920165339641419
14,rf,2023-07-13,0,0,0.4954293971578205
14,rf,2023-07-14,1,1,0.5307139514698764
14,rf,2023-07-17,1,1,0.5460829425140062
14,rf,2023-07-18,1,0,0.4861202203587296
14,rf,2023-07-19,0,1,0.5285599139290038
14,rf,2023-07-20,0,0,0.4980547995348392
14,rf,2023-07-21,1,1,0.5332684813663416
14,rf,2023-07-24,1,0,0.4668544556628768
14,rf,2023-07-25,1,0,0.4790476156861782
14,rf,2023-07-26,0,0,0.41680134206062813
14,rf,2023-07-27,1,0,0.492491250885539
14,rf,2023-07-28,1,0,0.4553619031362126
14,rf,2023-07-31,0,0,0.49601866091159347
14,rf,2023-08-01,0,1,0.5210154809704947
14,rf,2023-08-02,0,1,0.5553841626322028
14,rf,2023-08-03,0,1,0.504998661040018
14,rf,2023-08-04,1,1,0.6395506936657692
14,rf,2023-08-07,0,1,0.5920892681982547
14,rf,2023-08-08,0,1,0.5720566925127802
14,rf,2023-08-09,1,1,0.5061062211367815
14,rf,2023-08-10,0,1,0.5220665112677261
14,rf,2023-08-11,1,1,0.5524052292740124
14,rf,2023-08-14,0,1,0.5316532835555593
14,rf,2023-08-15,0,1,0.5904783186911016
14,rf,2023-08-16,0,1,0.5612334790926666
14,rf,2023-08-17,1,1,0.5281017115028532
14,rf,2023-08-18,1,1,0.546694514709312
14,rf,2023-08-21,0,1,0.632215344916771
14,rf,2023-08-22,1,1,0.5821872365366464
14,rf,2023-08-23,0,0,0.44323130491039126
14,rf,2023-08-24,1,1,0.5438416009745979
14,rf,2023-08-25,1,0,0.46860228339133303
14,rf,2023-08-28,1,1,0.5416273452315122
14,rf,2023-08-29,1,1,0.5923565128846933
14,rf,2023-08-30,0,1,0.5319220905286426
14,rf,2023-08-31,1,1,0.5318828968359883
14,rf,2023-09-01,0,1,0.6060374305666847
14,rf,2023-09-05,0,1,0.5560334524975804
14,xgb,2023-03-07,1,1,0.6784956455230713
14,xgb,2023-03-08,0,1,0.8842934966087341
14,xgb,2023-03-09,0,1,0.7993693351745605
14,xgb,2023-03-10,0,1,0.8622027635574341
14,xgb,2023-03-13,1,0,0.3168290853500366
14,xgb,2023-03-14,0,0,0.4758951663970947
14,xgb,2023-03-15,1,1,0.5113982558250427
14,xgb,2023-03-16,0,0,0.3756023943424225
14,xgb,2023-03-17,1,1,0.7795539498329163
14,xgb,2023-03-20,1,0,0.36441782116889954
14,xgb,2023-03-21,0,1,0.8638889789581299
14,xgb,2023-03-22,1,1,0.8220701813697815
14,xgb,2023-03-23,1,1,0.772754430770874
14,xgb,2023-03-24,1,1,0.7962824106216431
14,xgb,2023-03-27,0,1,0.7292811274528503
14,xgb,2023-03-28,1,1,0.7826089859008789
14,xgb,2023-03-29,1,1,0.7071225047111511
14,xgb,2023-03-30,1,1,0.7728328704833984
14,xgb,2023-03-31,1,1,0.5953565239906311
14,xgb,2023-04-03,0,1,0.546151340007782
14,xgb,2023-04-04,0,0,0.4883764684200287
14,xgb,2023-04-05,1,1,0.674157440662384
14,xgb,2023-04-06,1,0,0.46869292855262756
14,xgb,2023-04-10,1,1,0.7201842069625854
14,xgb,2023-04-11,0,0,0.34830185770988464
14,xgb,2023-04-12,1,0,0.1841311901807785
14,xgb,2023-04-13,0,0,0.22130098938941956
14,xgb,2023-04-14,1,1,0.5516858100891113
14,xgb,2023-04-17,1,1,0.7465783357620239
14,xgb,2023-04-18,0,1,0.8482325673103333
14,xgb,2023-04-19,0,0,0.3891810178756714
14,xgb,2023-04-20,1,0,0.2985982894897461
14,xgb,2023-04-21,1,0,0.2364150732755661
14,xgb,2023-04-24,0,0,0.3651524782180786
14,xgb,2023-04-25,0,1,0.5666322708129883
14,xgb,2023-04-26,1,1,0.5496254563331604
14,xgb,2023-04-27,1,0,0.40836629271507263
14,xgb,2023-04-28,0,0,0.4903389513492584
14,xgb,2023-05-01,0,1,0.5546389818191528
14,xgb,2023-05-02,0,1,0.5281223654747009
14,xgb,2023-05-03,0,0,0.4992898106575012
14,xgb,2023-05-04,1,0,0.4435212314128876
14,xgb,2023-05-05,1,1,0.7593661546707153
14,xgb,2023-05-08,0,1,0.7542491555213928
14,xgb,2023-05-09,1,1,0.6061180233955383
14,xgb,2023-05-10,0,1,0.7960262894630432
14,xgb,2023-05-11,0,1,0.762971818447113
14,xgb,2023-05-12,1,1,0.7125827670097351
14,xgb,2023-05-15,0,1,0.6327261924743652
14,xgb,2023-05-16,1,1,0.5480519533157349
14,xgb,2023-05-17,1,1,0.5710095763206482
14,xgb,2023-05-18,0,0,0.30430135130882263
14,xgb,2023-05-19,1,1,0.5061424970626831
14,xgb,2023-05-22,0,1,0.625739574432373
14,xgb,2023-05-23,0,0,0.2699292004108429
14,xgb,2023-05-24,1,1,0.5020642280578613
14,xgb,2023-05-25,1,0,0.38676247000694275
14,xgb,2023-05-26,1,1,0.5803050398826599
14,xgb,2023-05-30,0,0,0.47378110885620117
14,xgb,2023-05-31,1,0,0.38168996572494507
14,xgb,2023-06-01,1,1,0.7789337635040283
14,xgb,2023-06-02,0,0,0.35435423254966736
14,xgb,2023-06-05,1,1,0.8132627010345459
14,xgb,2023-06-06,0,1,0.6493123769760132
14,xgb,2023-06-07,1,1,0.8366718888282776
14,xgb,2023-06-08,1,1,0.5860891938209534
14,xgb,2023-06-09,1,1,0.5107665657997131
14,xgb,2023-06-12,1,1,0.7983729243278503
14,xgb,2023-06-13,1,0,0.476838082075119
14,xgb,2023-06-14,1,1,0.5633832812309265
14,xgb,2023-06-15,0,1,0.5529075860977173
14,xgb,2023-06-16,0,1,0.5176684856414795
14,xgb,2023-06-20,0,0,0.47977396845817566
14,xgb,2023-06-21,1,1,0.6436647176742554
14,xgb,2023-06-22,0,0,0.34255513548851013
14,xgb,2023-06-23,0,1,0.6450347900390625
14,xgb,2023-06-26,1,1,0.785897433757782
14,xgb,2023-06-27,1,1,0.6214290261268616
14,xgb,2023-06-28,1,1,0.5867589116096497
14,xgb,2023-06-29,1,1,0.7421373128890991
14,xgb,2023-06-30,1,0,0.3690014183521271
14,xgb,2023-07-03,0,0,0.3396000266075134
14,xgb,2023-07-05,0,1,0.670281708240509
14,xgb,2023-07-06,0,1,0.6026748418807983
14,xgb,2023-07-07,1,0,0.3646411597728729
14,xgb,2023-07-10,1,1,0.7564707398414612
14,xgb,2023-07-11,1,1,0.7287378311157227
14,xgb,2023-07-12,1,0,0.4386383891105652
14,xgb,2023-07-13,0,0,0.3974493741989136
14,xgb,2023-07-14,1,0,0.4629144072532654
14,xgb,2023-07-17,1,1,0.5253264307975769
14,xgb,2023-07-18,1,0,0.4909707307815552
14,xgb,2023-07-19,0,0,0.42123374342918396
14,xgb,2023-07-20,0,1,0.5362312197685242
14,xgb,2023-07-21,1,1,0.5750159025192261
14,xgb,2023-07-24,1,0,0.2785896062850952
14,xgb,2023-07-25,1,0,0.37199869751930237
14,xgb,2023-07-26,0,0,0.3956723213195801
14,xgb,2023-07-27,1,0,0.36946919560432434
14,xgb,2023-07-28,1,0,0.38335275650024414
14,xgb,2023-07-31,0,0,0.24803349375724792
14,xgb,2023-08-01,0,0,0.37458258867263794
14,xgb,2023-08-02,0,1,0.5611832141876221
14,xgb,2023-08-03,0,0,0.4116166830062866
14,xgb,2023-08-04,1,1,0.5535132884979248
14,xgb,2023-08-07,0,1,0.5919484496116638
14,xgb,2023-08-08,0,1,0.6029264330863953
14,xgb,2023-08-09,1,0,0.43758219480514526
14,xgb,2023-08-10,0,0,0.44235119223594666
14,xgb,2023-08-11,1,0,0.30263254046440125
14,xgb,2023-08-14,0,0,0.4087432324886322
14,xgb,2023-08-15,0,0,0.4928029477596283
14,xgb,2023-08-16,0,1,0.5903455018997192
14,xgb,2023-08-17,1,0,0.16722770035266876
14,xgb,2023-08-18,1,0,0.3484407365322113
14,xgb,2023-08-21,0,1,0.6589528322219849
14,xgb,2023-08-22,1,1,0.685494065284729
14,xgb,2023-08-23,0,0,0.34793296456336975
14,xgb,2023-08-24,1,1,0.6783668398857117
14,xgb,2023-08-25,1,0,0.39697781205177307
14,xgb,2023-08-28,1,1,0.5977855920791626
14,xgb,2023-08-29,1,1,0.5277377367019653
14,xgb,2023-08-30,0,1,0.7030400037765503
14,xgb,2023-08-31,1,1,0.699439525604248
14,xgb,2023-09-01,0,1,0.8440105319023132
14,xgb,2023-09-05,0,1,0.6766996383666992
15,majority,2023-09-18,0,1,0.5425330812854442
15,majority,2023-09-19,0,1,0.5425330812854442
15,majority,2023-09-20,0,1,0.5425330812854442
15,majority,2023-09-21,0,1,0.5425330812854442
15,majority,2023-09-22,1,1,0.5425330812854442
15,majority,2023-09-25,0,1,0.5425330812854442
15,majority,2023-09-26,1,1,0.5425330812854442
15,majority,2023-09-27,1,1,0.5425330812854442
15,majority,2023-09-28,0,1,0.5425330812854442
15,majority,2023-09-29,0,1,0.5425330812854442
15,majority,2023-10-02,0,1,0.5425330812854442
15,majority,2023-10-03,1,1,0.5425330812854442
15,majority,2023-10-04,0,1,0.5425330812854442
15,majority,2023-10-05,1,1,0.5425330812854442
15,majority,2023-10-06,1,1,0.5425330812854442
15,majority,2023-10-09,1,1,0.5425330812854442
15,majority,2023-10-10,1,1,0.5425330812854442
15,majority,2023-10-11,0,1,0.5425330812854442
15,majority,2023-10-12,0,1,0.5425330812854442
15,majority,2023-10-13,1,1,0.5425330812854442
15,majority,2023-10-16,0,1,0.5425330812854442
15,majority,2023-10-17,0,1,0.5425330812854442
15,majority,2023-10-18,0,1,0.5425330812854442
15,majority,2023-10-19,0,1,0.5425330812854442
15,majority,2023-10-20,0,1,0.5425330812854442
15,majority,2023-10-23,1,1,0.5425330812854442
15,majority,2023-10-24,0,1,0.5425330812854442
15,majority,2023-10-25,0,1,0.5425330812854442
15,majority,2023-10-26,0,1,0.5425330812854442
15,majority,2023-10-27,1,1,0.5425330812854442
15,majority,2023-10-30,1,1,0.5425330812854442
15,majority,2023-10-31,1,1,0.5425330812854442
15,majority,2023-11-01,1,1,0.5425330812854442
15,majority,2023-11-02,1,1,0.5425330812854442
15,majority,2023-11-03,1,1,0.5425330812854442
15,majority,2023-11-06,1,1,0.5425330812854442
15,majority,2023-11-07,1,1,0.5425330812854442
15,majority,2023-11-08,0,1,0.5425330812854442
15,majority,2023-11-09,1,1,0.5425330812854442
15,majority,2023-11-10,0,1,0.5425330812854442
15,majority,2023-11-13,1,1,0.5425330812854442
15,majority,2023-11-14,1,1,0.5425330812854442
15,majority,2023-11-15,1,1,0.5425330812854442
15,majority,2023-11-16,1,1,0.5425330812854442
15,majority,2023-11-17,1,1,0.5425330812854442
15,majority,2023-11-20,0,1,0.5425330812854442
15,majority,2023-11-21,1,1,0.5425330812854442
15,majority,2023-11-22,1,1,0.5425330812854442
15,majority,2023-11-24,0,1,0.5425330812854442
15,majority,2023-11-27,1,1,0.5425330812854442
15,majority,2023-11-28,0,1,0.5425330812854442
15,majority,2023-11-29,1,1,0.5425330812854442
15,majority,2023-11-30,1,1,0.5425330812854442
15,majority,2023-12-01,0,1,0.5425330812854442
15,majority,2023-12-04,0,1,0.5425330812854442
15,majority,2023-12-05,0,1,0.5425330812854442
15,majority,2023-12-06,1,1,0.5425330812854442
15,majority,2023-12-07,1,1,0.5425330812854442
15,majority,2023-12-08,1,1,0.5425330812854442
15,majority,2023-12-11,1,1,0.5425330812854442
15,majority,2023-12-12,1,1,0.5425330812854442
15,majority,2023-12-13,1,1,0.5425330812854442
15,majority,2023-12-14,0,1,0.5425330812854442
15,majority,2023-12-15,1,1,0.5425330812854442
15,majority,2023-12-18,1,1,0.5425330812854442
15,majority,2023-12-19,0,1,0.5425330812854442
15,majority,2023-12-20,1,1,0.5425330812854442
15,majority,2023-12-21,1,1,0.5425330812854442
15,majority,2023-12-22,1,1,0.5425330812854442
15,majority,2023-12-26,1,1,0.5425330812854442
15,majority,2023-12-27,1,1,0.5425330812854442
15,majority,2023-12-28,0,1,0.5425330812854442
15,majority,2023-12-29,0,1,0.5425330812854442
15,majority,2024-01-02,0,1,0.5425330812854442
15,majority,2024-01-03,0,1,0.5425330812854442
15,majority,2024-01-04,1,1,0.5425330812854442
15,majority,2024-01-05,1,1,0.5425330812854442
15,majority,2024-01-08,0,1,0.5425330812854442
15,majority,2024-01-09,1,1,0.5425330812854442
15,majority,2024-01-10,0,1,0.5425330812854442
15,majority,2024-01-11,1,1,0.5425330812854442
15,majority,2024-01-12,0,1,0.5425330812854442
15,majority,2024-01-16,0,1,0.5425330812854442
15,majority,2024-01-17,1,1,0.5425330812854442
15,majority,2024-01-18,1,1,0.5425330812854442
15,majority,2024-01-19,1,1,0.5425330812854442
15,majority,2024-01-22,1,1,0.5425330812854442
15,majority,2024-01-23,1,1,0.5425330812854442
15,majority,2024-01-24,1,1,0.5425330812854442
15,majority,2024-01-25,0,1,0.5425330812854442
15,majority,2024-01-26,1,1,0.5425330812854442
15,majority,2024-01-29,0,1,0.5425330812854442
15,majority,2024-01-30,0,1,0.5425330812854442
15,majority,2024-01-31,1,1,0.5425330812854442
15,majority,2024-02-01,1,1,0.5425330812854442
15,majority,2024-02-02,0,1,0.5425330812854442
15,majority,2024-02-05,1,1,0.5425330812854442
15,majority,2024-02-06,1,1,0.5425330812854442
15,majority,2024-02-07,1,1,0.5425330812854442
15,majority,2024-02-08,1,1,0.5425330812854442
15,majority,2024-02-09,0,1,0.5425330812854442
15,majority,2024-02-12,0,1,0.5425330812854442
15,majority,2024-02-13,1,1,0.5425330812854442
15,majority,2024-02-14,1,1,0.5425330812854442
15,majority,2024-02-15,0,1,0.5425330812854442
15,majority,2024-02-16,0,1,0.5425330812854442
15,majority,2024-02-20,1,1,0.5425330812854442
15,majority,2024-02-21,1,1,0.5425330812854442
15,majority,2024-02-22,1,1,0.5425330812854442
15,majority,2024-02-23,0,1,0.5425330812854442
15,majority,2024-02-26,1,1,0.5425330812854442
15,majority,2024-02-27,0,1,0.5425330812854442
15,majority,2024-02-28,1,1,0.5425330812854442
15,majority,2024-02-29,1,1,0.5425330812854442
15,majority,2024-03-01,0,1,0.5425330812854442
15,majority,2024-03-04,0,1,0.5425330812854442
15,majority,2024-03-05,1,1,0.5425330812854442
15,majority,2024-03-06,1,1,0.5425330812854442
15,majority,2024-03-07,0,1,0.5425330812854442
15,majority,2024-03-08,0,1,0.5425330812854442
15,majority,2024-03-11,1,1,0.5425330812854442
15,majority,2024-03-12,0,1,0.5425330812854442
15,majority,2024-03-13,0,1,0.5425330812854442
15,majority,2024-03-14,0,1,0.5425330812854442
15,majority,2024-03-15,1,1,0.5425330812854442
15,majority,2024-03-18,1,1,0.5425330812854442
15,naive,2023-09-18,0,1,0.5
15,naive,2023-09-19,0,0,0.5
15,naive,2023-09-20,0,0,0.5
15,naive,2023-09-21,0,0,0.5
15,naive,2023-09-22,1,0,0.5
15,naive,2023-09-25,0,1,0.5
15,naive,2023-09-26,1,0,0.5
15,naive,2023-09-27,1,1,0.5
15,naive,2023-09-28,0,1,0.5
15,naive,2023-09-29,0,0,0.5
15,naive,2023-10-02,0,0,0.5
15,naive,2023-10-03,1,0,0.5
15,naive,2023-10-04,0,1,0.5
15,naive,2023-10-05,1,0,0.5
15,naive,2023-10-06,1,1,0.5
15,naive,2023-10-09,1,1,0.5
15,naive,2023-10-10,1,1,0.5
15,naive,2023-10-11,0,1,0.5
15,naive,2023-10-12,0,0,0.5
15,naive,2023-10-13,1,0,0.5
15,naive,2023-10-16,0,1,0.5
15,naive,2023-10-17,0,0,0.5
15,naive,2023-10-18,0,0,0.5
15,naive,2023-10-19,0,0,0.5
15,naive,2023-10-20,0,0,0.5
15,naive,2023-10-23,1,0,0.5
15,naive,2023-10-24,0,1,0.5
15,naive,2023-10-25,0,0,0.5
15,naive,2023-10-26,0,0,0.5
15,naive,2023-10-27,1,0,0.5
15,naive,2023-10-30,1,1,0.5
15,naive,2023-10-31,1,1,0.5
15,naive,2023-11-01,1,1,0.5
15,naive,2023-11-02,1,1,0.5
15,naive,2023-11-03,1,1,0.5
15,naive,2023-11-06,1,1,0.5
15,naive,2023-11-07,1,1,0.5
15,naive,2023-11-08,0,1,0.5
15,naive,2023-11-09,1,0,0.5
15,naive,2023-11-10,0,1,0.5
15,naive,2023-11-13,1,0,0.5
15,naive,2023-11-14,1,1,0.5
15,naive,2023-11-15,1,1,0.5
15,naive,2023-11-16,1,1,0.5
15,naive,2023-11-17,1,1,0.5
15,naive,2023-11-20,0,1,0.5
15,naive,2023-11-21,1,0,0.5
15,naive,2023-11-22,1,1,0.5
15,naive,2023-11-24,0,1,0.5
15,naive,2023-11-27,1,0,0.5
15,naive,2023-11-28,0,1,0.5
15,naive,2023-11-29,1,0,0.5
15,naive,2023-11-30,1,1,0.5
15,naive,2023-12-01,0,1,0.5
15,naive,2023-12-04,0,0,0.5
15,naive,2023-12-05,0,0,0.5
15,naive,2023-12-06,1,0,0.5
15,naive,2023-12-07,1,1,0.5
15,naive,2023-12-08,1,1,0.5
15,naive,2023-12-11,1,1,0.5
15,naive,2023-12-12,1,1,0.5
15,naive,2023-12-13,1,1,0.5
15,naive,2023-12-14,0,1,0.5
15,naive,2023-12-15,1,0,0.5
15,naive,2023-12-18,1,1,0.5
15,naive,2023-12-19,0,1,0.5
15,naive,2023-12-20,1,0,0.5
15,naive,2023-12-21,1,1,0.5
15,naive,2023-12-22,1,1,0.5
15,naive,2023-12-26,1,1,0.5
15,naive,2023-12-27,1,1,0.5
15,naive,2023-12-28,0,1,0.5
15,naive,2023-12-29,0,0,0.5
15,naive,2024-01-02,0,0,0.5
15,naive,2024-01-03,0,0,0.5
15,naive,2024-01-04,1,0,0.5
15,naive,2024-01-05,1,1,0.5
15,naive,2024-01-08,0,1,0.5
15,naive,2024-01-09,1,0,0.5
15,naive,2024-01-10,0,1,0.5
15,naive,2024-01-11,1,0,0.5
15,naive,2024-01-12,0,1,0.5
15,naive,2024-01-16,0,0,0.5
15,naive,2024-01-17,1,0,0.5
15,naive,2024-01-18,1,1,0.5
15,naive,2024-01-19,1,1,0.5
15,naive,2024-01-22,1,1,0.5
15,naive,2024-01-23,1,1,0.5
15,naive,2024-01-24,1,1,0.5
15,naive,2024-01-25,0,1,0.5
15,naive,2024-01-26,1,0,0.5
15,naive,2024-01-29,0,1,0.5
15,naive,2024-01-30,0,0,0.5
15,naive,2024-01-31,1,0,0.5
15,naive,2024-02-01,1,1,0.5
15,naive,2024-02-02,0,1,0.5
15,naive,2024-02-05,1,0,0.5
15,naive,2024-02-06,1,1,0.5
15,naive,2024-02-07,1,1,0.5
15,naive,2024-02-08,1,1,0.5
15,naive,2024-02-09,0,1,0.5
15,naive,2024-02-12,0,0,0.5
15,naive,2024-02-13,1,0,0.5
15,naive,2024-02-14,1,1,0.5
15,naive,2024-02-15,0,1,0.5
15,naive,2024-02-16,0,0,0.5
15,naive,2024-02-20,1,0,0.5
15,naive,2024-02-21,1,1,0.5
15,naive,2024-02-22,1,1,0.5
15,naive,2024-02-23,0,1,0.5
15,naive,2024-02-26,1,0,0.5
15,naive,2024-02-27,0,1,0.5
15,naive,2024-02-28,1,0,0.5
15,naive,2024-02-29,1,1,0.5
15,naive,2024-03-01,0,1,0.5
15,naive,2024-03-04,0,0,0.5
15,naive,2024-03-05,1,0,0.5
15,naive,2024-03-06,1,1,0.5
15,naive,2024-03-07,0,1,0.5
15,naive,2024-03-08,0,0,0.5
15,naive,2024-03-11,1,0,0.5
15,naive,2024-03-12,0,1,0.5
15,naive,2024-03-13,0,0,0.5
15,naive,2024-03-14,0,0,0.5
15,naive,2024-03-15,1,0,0.5
15,naive,2024-03-18,1,1,0.5
15,logistic,2023-09-18,0,0,0.4403648803753272
15,logistic,2023-09-19,0,0,0.45621121964244327
15,logistic,2023-09-20,0,0,0.45264544464825873
15,logistic,2023-09-21,0,0,0.4500891867354148
15,logistic,2023-09-22,1,0,0.42103781838307863
15,logistic,2023-09-25,0,0,0.4431881171521356
15,logistic,2023-09-26,1,0,0.46436247568852007
15,logistic,2023-09-27,1,0,0.409338139783075
15,logistic,2023-09-28,0,0,0.42083392322753527
15,logistic,2023-09-29,0,0,0.41779438305642314
15,logistic,2023-10-02,0,0,0.38550131935529297
15,logistic,2023-10-03,1,0,0.39003050710962134
15,logistic,2023-10-04,0,0,0.3620425872865824
15,logistic,2023-10-05,1,0,0.38797922413283753
15,logistic,2023-10-06,1,0,0.40005509525674987
15,logistic,2023-10-09,1,0,0.4148696201604909
15,logistic,2023-10-10,1,0,0.4474593005429379
15,logistic,2023-10-11,0,0,0.43808661250824166
15,logistic,2023-10-12,0,0,0.4496852963864959
15,logistic,2023-10-13,1,0,0.4219400199826641
15,logistic,2023-10-16,0,0,0.4650909135514673
15,logistic,2023-10-17,0,1,0.514145791550922
15,logistic,2023-10-18,0,0,0.4881423061437282
15,logistic,2023-10-19,0,0,0.43248425240204896
15,logistic,2023-10-20,0,0,0.43219790044276074
15,logistic,2023-10-23,1,0,0.4432424644625643
15,logistic,2023-10-24,0,0,0.4658081471884756
15,logistic,2023-10-25,0,0,0.4911545743798858
15,logistic,2023-10-26,0,0,0.4470502530201457
15,logistic,2023-10-27,1,0,0.41946946514381245
15,logistic,2023-10-30,1,0,0.4403532906619802
15,logistic,2023-10-31,1,0,0.450029413242086
15,logistic,2023-11-01,1,0,0.44893433119156373
15,logistic,2023-11-02,1,0,0.43697504490987327
15,logistic,2023-11-03,1,0,0.45974633776799895
15,logistic,2023-11-06,1,0,0.4516467271585592
15,logistic,2023-11-07,1,0,0.43900040009166563
15,logistic,2023-11-08,0,0,0.4598939535694633
15,logistic,2023-11-09,1,0,0.4773401685638036
15,logistic,2023-11-10,0,0,0.4614892148461727
15,logistic,2023-11-13,1,1,0.5145441276522184
15,logistic,2023-11-14,1,0,0.47707126243564457
15,logistic,2023-11-15,1,1,0.5027557553237948
15,logistic,2023-11-16,1,0,0.4839993007044833
15,logistic,2023-11-17,1,0,0.4437139613862092
15,logistic,2023-11-20,0,0,0.45328814325789873
15,logistic,2023-11-21,1,0,0.47255379564758687
15,logistic,2023-11-22,1,0,0.4565271138020344
15,logistic,2023-11-24,0,0,0.4514347248212618
15,logistic,2023-11-27,1,0,0.45835909110474443
15,logistic,2023-11-28,0,0,0.47087252314972017
15,logistic,2023-11-29,1,1,0.5044606173402502
15,logistic,2023-11-30,1,1,0.5236423982651963
15,logistic,2023-12-01,0,1,0.5313202088543637
15,logistic,2023-12-04,0,1,0.5180179563218781
15,logistic,2023-12-05,0,0,0.4972829300549383
15,logistic,2023-12-06,1,1,0.5063553198202119
15,logistic,2023-12-07,1,1,0.5361485636281285
15,logistic,2023-12-08,1,1,0.5509435679107743
15,logistic,2023-12-11,1,1,0.55466777060445
15,logistic,2023-12-12,1,1,0.5390651321138975
15,logistic,2023-12-13,1,0,0.49833863895515557
15,logistic,2023-12-14,0,1,0.5037364762572263
15,logistic,2023-12-15,1,0,0.4990668671887259
15,logistic,2023-12-18,1,0,0.49344778062107003
15,logistic,2023-12-19,0,1,0.5084060915447624
15,logistic,2023-12-20,1,1,0.5085115373624478
15,logistic,2023-12-21,1,0,0.4782175779866044
15,logistic,2023-12-22,1,1,0.5276450504133608
15,logistic,2023-12-26,1,1,0.5276898877417552
15,logistic,2023-12-27,1,1,0.5205044656216997
15,logistic,2023-12-28,0,1,0.5309546474764979
15,logistic,2023-12-29,0,1,0.5140995503343444
15,logistic,2024-01-02,0,1,0.5042473434126871
15,logistic,2024-01-03,0,0,0.4788551662936472
15,logistic,2024-01-04,1,0,0.451771532662722
15,logistic,2024-01-05,1,0,0.4777362248408835
15,logistic,2024-01-08,0,1,0.5345462272412337
15,logistic,2024-01-09,1,1,0.5478251294859939
15,logistic,2024-01-10,0,1,0.5369430632720451
15,logistic,2024-01-11,1,1,0.5282965471800294
15,logistic,2024-01-12,0,1,0.5328701473333034
15,logistic,2024-01-16,0,1,0.5117258904762508
15,logistic,2024-01-17,1,0,0.4916753361305396
15,logistic,2024-01-18,1,1,0.5087768827088817
15,logistic,2024-01-19,1,1,0.5390719833202356
15,logistic,2024-01-22,1,1,0.5251839258804383
15,logistic,2024-01-23,1,1,0.5057346919619152
15,logistic,2024-01-24,1,1,0.5033545370943727
15,logistic,2024-01-25,0,1,0.507684483918528
15,logistic,2024-01-26,1,1,0.5314697837327016
15,logistic,2024-01-29,0,1,0.5216362487237263
15,logistic,2024-01-30,0,1,0.5347521927856985
15,logistic,2024-01-31,1,1,0.514660229615628
15,logistic,2024-02-01,1,0,0.47312509437870415
15,logistic,2024-02-02,0,1,0.5136505783225598
15,logistic,2024-02-05,1,1,0.5222794622261513
15,logistic,2024-02-06,1,0,0.49175091976378615
15,logistic,2024-02-07,1,1,0.5010590992704529
15,logistic,2024-02-08,1,1,0.5161639068206738
15,logistic,2024-02-09,0,1,0.5018239286817826
15,logistic,2024-02-12,0,1,0.5109480912869677
15,logistic,2024-02-13,1,0,0.4741247214646776
15,logistic,2024-02-14,1,0,0.46166489988162424
15,logistic,2024-02-15,0,1,0.5257366864382004
15,logistic,2024-02-16,0,1,0.5404998248748597
15,logistic,2024-02-20,1,0,0.4880003058131154
15,logistic,2024-02-21,1,0,0.4950828597846956
15,logistic,2024-02-22,1,0,0.4909664474859712
15,logistic,2024-02-23,0,1,0.5511079978207789
15,logistic,2024-02-26,1,1,0.5204913488864151
15,logistic,2024-02-27,0,1,0.500914988580148
15,logistic,2024-02-28,1,1,0.5153201253410479
15,logistic,2024-02-29,1,0,0.49508406981873765
15,logistic,2024-03-01,0,1,0.5151205500693651
15,logistic,2024-03-04,0,1,0.5351042708421325
15,logistic,2024-03-05,1,0,0.4986227428255727
15,logistic,2024-03-06,1,0,0.49859176826560175
15,logistic,2024-03-07,0,1,0.5335389401457888
15,logistic,2024-03-08,0,1,0.5523808780479772
15,logistic,2024-03-11,1,1,0.5262380225036235
15,logistic,2024-03-12,0,1,0.5280446548342962
15,logistic,2024-03-13,0,1,0.5402471434270804
15,logistic,2024-03-14,0,1,0.516804370661997
15,logistic,2024-03-15,1,0,0.49881567151739503
15,logistic,2024-03-18,1,1,0.515578329552892
15,rf,2023-09-18,0,1,0.5969169894095046
15,rf,2023-09-19,0,0,0.4865751261233925
15,rf,2023-09-20,0,1,0.5866717947485699
15,rf,2023-09-21,0,1,0.5890901358279165
15,rf,2023-09-22,1,1,0.5579723013463141
15,rf,2023-09-25,0,1,0.6482205312487304
15,rf,2023-09-26,1,1,0.5507842048054743
15,rf,2023-09-27,1,1,0.6143270062734608
15,rf,2023-09-28,0,1,0.5685635632429665
15,rf,2023-09-29,0,1,0.5125407373263471
15,rf,2023-10-02,0,0,0.4752065086807255
15,rf,2023-10-03,1,0,0.41056363751197056
15,rf,2023-10-04,0,0,0.4224526236085188
15,rf,2023-10-05,1,1,0.5048037894792401
15,rf,2023-10-06,1,0,0.47791743368511697
15,rf,2023-10-09,1,0,0.48667423939456084
15,rf,2023-10-10,1,1,0.5163202305379047
15,rf,2023-10-11,0,1,0.5127049996510098
15,rf,2023-10-12,0,0,0.4607682035085307
15,rf,2023-10-13,1,1,0.5371295951212681
15,rf,2023-10-16,0,1,0.6065856779971582
15,rf,2023-10-17,0,1,0.6022893870058923
15,rf,2023-10-18,0,1,0.5430504747340438
15,rf,2023-10-19,0,1,0.5352299046124531
15,rf,2023-10-20,0,0,0.49332913366007747
15,rf,2023-10-23,1,1,0.5618629256807158
15,rf,2023-10-24,0,0,0.4693601412600756
15,rf,2023-10-25,0,0,0.4841836799724556
15,rf,2023-10-26,0,1,0.577087655455579
15,rf,2023-10-27,1,0,0.45370229919283567
15,rf,2023-10-30,1,1,0.5169194281484729
15,rf,2023-10-31,1,1,0.5060772250191572
15,rf,2023-11-01,1,0,0.3714309415315964
15,rf,2023-11-02,1,1,0.5276786140643488
15,rf,2023-11-03,1,0,0.48130973006213734
15,rf,2023-11-06,1,0,0.4724299259949147
15,rf,2023-11-07,1,0,0.47357072898290875
15,rf,2023-11-08,0,0,0.4426034995311461
15,rf,2023-11-09,1,0,0.49885637395635213
15,rf,2023-11-10,0,1,0.5298257805717571
15,rf,2023-11-13,1,1,0.6235338623815339
15,rf,2023-11-14,1,0,0.4955266994819661
15,rf,2023-11-15,1,0,0.42913168227131876
15,rf,2023-11-16,1,0,0.4637639813056532
15,rf,2023-11-17,1,0,0.41366701286729307
15,rf,2023-11-20,0,0,0.38840271227948625
15,rf,2023-11-21,1,0,0.3436671097536406
15,rf,2023-11-22,1,0,0.4313735047234761
15,rf,2023-11-24,0,0,0.4699643669666398
15,rf,2023-11-27,1,1,0.5132371090253682
15,rf,2023-11-28,0,0,0.46471188732785573
15,rf,2023-11-29,1,1,0.5253605472905645
15,rf,2023-11-30,1,0,0.476664863771919
15,rf,2023-12-01,0,0,0.48841648165805035
15,rf,2023-12-04,0,1,0.5313963189560916
15,rf,2023-12-05,0,1,0.5075741136824742
15,rf,2023-12-06,1,1,0.6081043944754966
15,rf,2023-12-07,1,1,0.6385260898629397
15,rf,2023-12-08,1,1,0.5215610324922815
15,rf,2023-12-11,1,0,0.42011879122383
15,rf,2023-12-12,1,1,0.5012409323752745
15,rf,2023-12-13,1,0,0.4500746343719967
15,rf,2023-12-14,0,1,0.5126228134287798
15,rf,2023-12-15,1,1,0.535158156959055
15,rf,2023-12-18,1,1,0.5324396776743037
15,rf,2023-12-19,0,1,0.5575523273220118
15,rf,2023-12-20,1,0,0.4920626102716464
15,rf,2023-12-21,1,1,0.5225599397184015
15,rf,2023-12-22,1,1,0.5325143874914265
15,rf,2023-12-26,1,1,0.599959349707488
15,rf,2023-12-27,1,1,0.6063521381311144
15,rf,2023-12-28,0,1,0.5221711898096821
15,rf,2023-12-29,0,0,0.45612208086008943
15,rf,2024-01-02,0,0,0.42711081537645623
15,rf,2024-01-03,0,1,0.5386809526498433
15,rf,2024-01-04,1,1,0.5826384896945436
15,rf,2024-01-05,1,1,0.5608721787083175
15,rf,2024-01-08,0,1,0.6102946078620678
15,rf,2024-01-09,1,1,0.5714957769735675
15,rf,2024-01-10,0,0,0.4983507463293537
15,rf,2024-01-11,1,1,0.6761928578116791
15,rf,2024-01-12,0,1,0.5755046941090228
15,rf,2024-01-16,0,1,0.538333549921714
15,rf,2024-01-17,1,1,0.5143104038656107
15,rf,2024-01-18,1,1,0.5756199432874627
15,rf,2024-01-19,1,0,0.4789347958674033
15,rf,2024-01-22,1,1,0.513277479598811
15,rf,2024-01-23,1,0,0.4896513397614698
15,rf,2024-01-24,1,1,0.5478606668027575
15,rf,2024-01-25,0,0,0.45660633099121056
15,rf,2024-01-26,1,0,0.4902517369751693
15,rf,2024-01-29,0,1,0.5526458249019015
15,rf,2024-01-30,0,0,0.49195306124457633
15,rf,2024-01-31,1,1,0.5287235208746265
15,rf,2024-02-01,1,1,0.5203374521119664
15,rf,2024-02-02,0,1,0.5559639860322843
15,rf,2024-02-05,1,1,0.5762423853261247
15,rf,2024-02-06,1,1,0.581804160073771
15,rf,2024-02-07,1,1,0.5243273332888115
15,rf,2024-02-08,1,0,0.4776699002936017
15,rf,2024-02-09,0,0,0.4954366779625022
15,rf,2024-02-12,0,1,0.6187760511888345
15,rf,2024-02-13,1,1,0.5113206460593654
15,rf,2024-02-14,1,1,0.5690991533731973
15,rf,2024-02-15,0,1,0.5569122826726316
15,rf,2024-02-16,0,1,0.5481031189161965
15,rf,2024-02-20,1,1,0.5226420585377816
15,rf,2024-02-21,1,1,0.5246262203454872
15,rf,2024-02-22,1,0,0.4504697871108446
15,rf,2024-02-23,0,1,0.5915248290744277
15,rf,2024-02-26,1,1,0.5864185529196523
15,rf,2024-02-27,0,1,0.5686137780577325
15,rf,2024-02-28,1,0,0.4902961431341521
15,rf,2024-02-29,1,1,0.5080571636769149
15,rf,2024-03-01,0,0,0.4565366273637252
15,rf,2024-03-04,0,1,0.564597039385937
15,rf,2024-03-05,1,1,0.5462602227629261
15,rf,2024-03-06,1,1,0.6162411843596602
15,rf,2024-03-07,0,0,0.4901636173340117
15,rf,2024-03-08,0,1,0.5448811068511912
15,rf,2024-03-11,1,1,0.5115433570624687
15,rf,2024-03-12,0,0,0.4860701369662518
15,rf,2024-03-13,0,1,0.6027878197763069
15,rf,2024-03-14,0,0,0.49702634625335984
15,rf,2024-03-15,1,1,0.5529073480728964
15,rf,2024-03-18,1,1,0.6087268522937986
15,xgb,2023-09-18,0,0,0.45458984375
15,xgb,2023-09-19,0,0,0.4337958097457886
15,xgb,2023-09-20,0,1,0.6182349920272827
15,xgb,2023-09-21,0,1,0.8080757260322571
15,xgb,2023-09-22,1,1,0.6924551129341125
15,xgb,2023-09-25,0,1,0.7243397235870361
15,xgb,2023-09-26,1,1,0.5682733654975891
15,xgb,2023-09-27,1,1,0.7881308197975159
15,xgb,2023-09-28,0,1,0.6611844301223755
15,xgb,2023-09-29,0,1,0.6356920599937439
15,xgb,2023-10-02,0,1,0.6569795608520508
15,xgb,2023-10-03,1,0,0.29701974987983704
15,xgb,2023-10-04,0,1,0.5684818625450134
15,xgb,2023-10-05,1,1,0.5357193946838379
15,xgb,2023-10-06,1,1,0.5029700994491577
15,xgb,2023-10-09,1,0,0.4870399832725525
15,xgb,2023-10-10,1,1,0.5711368322372437
15,xgb,2023-10-11,0,0,0.4009073078632355
15,xgb,2023-10-12,0,1,0.5734159350395203
15,xgb,2023-10-13,1,0,0.4979061782360077
15,xgb,2023-10-16,0,1,0.7054929137229919
15,xgb,2023-10-17,0,1,0.7563430070877075
15,xgb,2023-10-18,0,0,0.41138696670532227
15,xgb,2023-10-19,0,1,0.6203855872154236
15,xgb,2023-10-20,0,0,0.49945080280303955
15,xgb,2023-10-23,1,1,0.6292479038238525
15,xgb,2023-10-24,0,1,0.5195059180259705
15,xgb,2023-10-25,0,1,0.6544255614280701
15,xgb,2023-10-26,0,1,0.5900735259056091
15,xgb,2023-10-27,1,0,0.34095364809036255
15,xgb,2023-10-30,1,0,0.4785493314266205
15,xgb,2023-10-31,1,0,0.38561952114105225
15,xgb,2023-11-01,1,0,0.28989025950431824
15,xgb,2023-11-02,1,0,0.47096118330955505
15,xgb,2023-11-03,1,0,0.27795618772506714
15,xgb,2023-11-06,1,0,0.32875630259513855
15,xgb,2023-11-07,1,0,0.27753591537475586
15,xgb,2023-11-08,0,0,0.30871766805648804
15,xgb,2023-11-09,1,1,0.6971527338027954
15,xgb,2023-11-10,0,0,0.45637357234954834
15,xgb,2023-11-13,1,1,0.505948007106781
15,xgb,2023-11-14,1,1,0.5403639078140259
15,xgb,2023-11-15,1,0,0.4843078553676605
15,xgb,2023-11-16,1,0,0.35657140612602234
15,xgb,2023-11-17,1,0,0.2936630845069885
15,xgb,2023-11-20,0,0,0.28742659091949463
15,xgb,2023-11-21,1,0,0.23628439009189606
15,xgb,2023-11-22,1,0,0.3965032398700714
15,xgb,2023-11-24,0,0,0.3793613314628601
15,xgb,2023-11-27,1,0,0.4478435218334198
15,xgb,2023-11-28,0,0,0.39726266264915466
15,xgb,2023-11-29,1,1,0.671839714050293
15,xgb,2023-11-30,1,1,0.5511513948440552
15,xgb,2023-12-01,0,1,0.5402464866638184
15,xgb,2023-12-04,0,1,0.6041646003723145
15,xgb,2023-12-05,0,1,0.5017158389091492
15,xgb,2023-12-06,1,1,0.5665026307106018
15,xgb,2023-12-07,1,1,0.7551562786102295
15,xgb,2023-12-08,1,1,0.6272876262664795
15,xgb,2023-12-11,1,1,0.6801880598068237
15,xgb,2023-12-12,1,1,0.5759454369544983
15,xgb,2023-12-13,1,0,0.4148799180984497
15,xgb,2023-12-14,0,1,0.5087335109710693
15,xgb,2023-12-15,1,0,0.38561418652534485
15,xgb,2023-12-18,1,1,0.6552239656448364
15,xgb,2023-12-19,0,0,0.36471110582351685
15,xgb,2023-12-20,1,0,0.3964719772338867
15,xgb,2023-12-21,1,1,0.6218620538711548
15,xgb,2023-12-22,1,1,0.6619204878807068
15,xgb,2023-12-26,1,1,0.5690383315086365
15,xgb,2023-12-27,1,1,0.5402586460113525
15,xgb,2023-12-28,0,1,0.5621907711029053
15,xgb,2023-12-29,0,0,0.36187803745269775
15,xgb,2024-01-02,0,0,0.48260992765426636
15,xgb,2024-01-03,0,1,0.5338659882545471
15,xgb,2024-01-04,1,1,0.597574770450592
15,xgb,2024-01-05,1,0,0.430312842130661
15,xgb,2024-01-08,0,1,0.6995826959609985
15,xgb,2024-01-09,1,1,0.7952219843864441
15,xgb,2024-01-10,0,1,0.680044949054718
15,xgb,2024-01-11,1,1,0.8043041825294495
15,xgb,2024-01-12,0,1,0.6120890974998474
15,xgb,2024-01-16,0,1,0.5197177529335022
15,xgb,2024-01-17,1,0,0.49408262968063354
15,xgb,2024-01-18,1,1,0.7166053056716919
15,xgb,2024-01-19,1,1,0.5104372501373291
15,xgb,2024-01-22,1,1,0.5298900604248047
15,xgb,2024-01-23,1,0,0.2951065003871918
15,xgb,2024-01-24,1,1,0.5078815221786499
15,xgb,2024-01-25,0,0,0.4383558928966522
15,xgb,2024-01-26,1,1,0.5019910335540771
15,xgb,2024-01-29,0,1,0.59122234582901
15,xgb,2024-01-30,0,1,0.5064646601676941
15,xgb,2024-01-31,1,0,0.43339288234710693
15,xgb,2024-02-01,1,1,0.5312544703483582
15,xgb,2024-02-02,0,1,0.5724102258682251
15,xgb,2024-02-05,1,1,0.5563052892684937
15,xgb,2024-02-06,1,0,0.39971500635147095
15,xgb,2024-02-07,1,1,0.5680068731307983
15,xgb,2024-02-08,1,0,0.47656089067459106
15,xgb,2024-02-09,0,0,0.4965299963951111
15,xgb,2024-02-12,0,1,0.6686116456985474
15,xgb,2024-02-13,1,0,0.2932324707508087
15,xgb,2024-02-14,1,1,0.5162880420684814
15,xgb,2024-02-15,0,1,0.5296332836151123
15,xgb,2024-02-16,0,1,0.6337044835090637
15,xgb,2024-02-20,1,0,0.3900670111179352
15,xgb,2024-02-21,1,0,0.4028410017490387
15,xgb,2024-02-22,1,0,0.4239087700843811
15,xgb,2024-02-23,0,1,0.6009552478790283
15,xgb,2024-02-26,1,1,0.5328076481819153
15,xgb,2024-02-27,0,0,0.4938693642616272
15,xgb,2024-02-28,1,0,0.3349032402038574
15,xgb,2024-02-29,1,1,0.520309329032898
15,xgb,2024-03-01,0,0,0.493169903755188
15,xgb,2024-03-04,0,1,0.631752610206604
15,xgb,2024-03-05,1,1,0.5675281286239624
15,xgb,2024-03-06,1,0,0.4903288185596466
15,xgb,2024-03-07,0,1,0.5199043154716492
15,xgb,2024-03-08,0,1,0.6005415320396423
15,xgb,2024-03-11,1,1,0.5336138606071472
15,xgb,2024-03-12,0,0,0.4328121840953827
15,xgb,2024-03-13,0,1,0.6000019907951355
15,xgb,2024-03-14,0,0,0.34475719928741455
15,xgb,2024-03-15,1,0,0.457385778427124
15,xgb,2024-03-18,1,0,0.481456995010376
16,majority,2024-03-27,0,1,0.5415094339622641
16,majority,2024-03-28,0,1,0.5415094339622641
16,majority,2024-04-01,0,1,0.5415094339622641
16,majority,2024-04-02,1,1,0.5415094339622641
16,majority,2024-04-03,0,1,0.5415094339622641
16,majority,2024-04-04,1,1,0.5415094339622641
16,majority,2024-04-05,1,1,0.5415094339622641
16,majority,2024-04-08,1,1,0.5415094339622641
16,majority,2024-04-09,0,1,0.5415094339622641
16,majority,2024-04-10,1,1,0.5415094339622641
16,majority,2024-04-11,0,1,0.5415094339622641
16,majority,2024-04-12,0,1,0.5415094339622641
16,majority,2024-04-15,0,1,0.5415094339622641
16,majority,2024-04-16,0,1,0.5415094339622641
16,majority,2024-04-17,0,1,0.5415094339622641
16,majority,2024-04-18,0,1,0.5415094339622641
16,majority,2024-04-19,1,1,0.5415094339622641
16,majority,2024-04-22,1,1,0.5415094339622641
16,majority,2024-04-23,0,1,0.5415094339622641
16,majority,2024-04-24,0,1,0.5415094339622641
16,majority,2024-04-25,1,1,0.5415094339622641
16,majority,2024-04-26,1,1,0.5415094339622641
16,majority,2024-04-29,0,1,0.5415094339622641
16,majority,2024-04-30,0,1,0.5415094339622641
16,majority,2024-05-01,1,1,0.5415094339622641
16,majority,2024-05-02,1,1,0.5415094339622641
16,majority,2024-05-03,1,1,0.5415094339622641
16,majority,2024-05-06,1,1,0.5415094339622641
16,majority,2024-05-07,1,1,0.5415094339622641
16,majority,2024-05-08,1,1,0.5415094339622641
16,majority,2024-05-09,1,1,0.5415094339622641
16,majority,2024-05-10,1,1,0.5415094339622641
16,majority,2024-05-13,1,1,0.5415094339622641
16,majority,2024-05-14,1,1,0.5415094339622641
16,majority,2024-05-15,0,1,0.5415094339622641
16,majority,2024-05-16,1,1,0.5415094339622641
16,majority,2024-05-17,1,1,0.5415094339622641
16,majority,2024-05-20,1,1,0.5415094339622641
16,majority,2024-05-21,0,1,0.5415094339622641
16,majority,2024-05-22,0,1,0.5415094339622641
16,majority,2024-05-23,1,1,0.5415094339622641
16,majority,2024-05-24,1,1,0.5415094339622641
16,majority,2024-05-28,0,1,0.5415094339622641
16,majority,2024-05-29,0,1,0.5415094339622641
16,majority,2024-05-30,1,1,0.5415094339622641
16,majority,2024-05-31,1,1,0.5415094339622641
16,majority,2024-06-03,1,1,0.5415094339622641
16,majority,2024-06-04,1,1,0.5415094339622641
16,majority,2024-06-05,0,1,0.5415094339622641
16,majority,2024-06-06,0,1,0.5415094339622641
16,majority,2024-06-07,1,1,0.5415094339622641
16,majority,2024-06-10,1,1,0.5415094339622641
16,majority,2024-06-11,1,1,0.5415094339622641
16,majority,2024-06-12,1,1,0.5415094339622641
16,majority,2024-06-13,1,1,0.5415094339622641
16,majority,2024-06-14,1,1,0.5415094339622641
16,majority,2024-06-17,1,1,0.5415094339622641
16,majority,2024-06-18,0,1,0.5415094339622641
16,majority,2024-06-20,0,1,0.5415094339622641
16,majority,2024-06-21,0,1,0.5415094339622641
16,majority,2024-06-24,1,1,0.5415094339622641
16,majority,2024-06-25,1,1,0.5415094339622641
16,majority,2024-06-26,1,1,0.5415094339622641
16,majority,2024-06-27,0,1,0.5415094339622641
16,majority,2024-06-28,1,1,0.5415094339622641
16,majority,2024-07-01,1,1,0.5415094339622641
16,majority,2024-07-02,1,1,0.5415094339622641
16,majority,2024-07-03,1,1,0.5415094339622641
16,majority,2024-07-05,1,1,0.5415094339622641
16,majority,2024-07-08,1,1,0.5415094339622641
16,majority,2024-07-09,1,1,0.5415094339622641
16,majority,2024-07-10,0,1,0.5415094339622641
16,majority,2024-07-11,1,1,0.5415094339622641
16,majority,2024-07-12,1,1,0.5415094339622641
16,majority,2024-07-15,1,1,0.5415094339622641
16,majority,2024-07-16,0,1,0.5415094339622641
16,majority,2024-07-17,0,1,0.5415094339622641
16,majority,2024-07-18,0,1,0.5415094339622641
16,majority,2024-07-19,1,1,0.5415094339622641
16,majority,2024-07-22,0,1,0.5415094339622641
16,majority,2024-07-23,0,1,0.5415094339622641
16,majority,2024-07-24,0,1,0.5415094339622641
16,majority,2024-07-25,1,1,0.5415094339622641
16,majority,2024-07-26,1,1,0.5415094339622641
16,majority,2024-07-29,0,1,0.5415094339622641
16,majority,2024-07-30,1,1,0.5415094339622641
16,majority,2024-07-31,0,1,0.5415094339622641
16,majority,2024-08-01,0,1,0.5415094339622641
16,majority,2024-08-02,0,1,0.5415094339622641
16,majority,2024-08-05,1,1,0.5415094339622641
16,majority,2024-08-06,0,1,0.5415094339622641
16,majority,2024-08-07,1,1,0.5415094339622641
16,majority,2024-08-08,1,1,0.5415094339622641
16,majority,2024-08-09,1,1,0.5415094339622641
16,majority,2024-08-12,1,1,0.5415094339622641
16,majority,2024-08-13,1,1,0.5415094339622641
16,majority,2024-08-14,1,1,0.5415094339622641
16,majority,2024-08-15,1,1,0.5415094339622641
16,majority,2024-08-16,1,1,0.5415094339622641
16,majority,2024-08-19,0,1,0.5415094339622641
16,majority,2024-08-20,1,1,0.5415094339622641
16,majority,2024-08-21,0,1,0.5415094339622641
16,majority,2024-08-22,1,1,0.5415094339622641
16,majority,2024-08-23,0,1,0.5415094339622641
16,majority,2024-08-26,1,1,0.5415094339622641
16,majority,2024-08-27,0,1,0.5415094339622641
16,majority,2024-08-28,1,1,0.5415094339622641
16,majority,2024-08-29,1,1,0.5415094339622641
16,majority,2024-08-30,0,1,0.5415094339622641
16,majority,2024-09-03,0,1,0.5415094339622641
16,majority,2024-09-04,0,1,0.5415094339622641
16,majority,2024-09-05,0,1,0.5415094339622641
16,majority,2024-09-06,1,1,0.5415094339622641
16,majority,2024-09-09,1,1,0.5415094339622641
16,majority,2024-09-10,1,1,0.5415094339622641
16,majority,2024-09-11,1,1,0.5415094339622641
16,majority,2024-09-12,1,1,0.5415094339622641
16,majority,2024-09-13,1,1,0.5415094339622641
16,majority,2024-09-16,1,1,0.5415094339622641
16,majority,2024-09-17,0,1,0.5415094339622641
16,majority,2024-09-18,1,1,0.5415094339622641
16,majority,2024-09-19,0,1,0.5415094339622641
16,majority,2024-09-20,1,1,0.5415094339622641
16,majority,2024-09-23,1,1,0.5415094339622641
16,majority,2024-09-24,0,1,0.5415094339622641
16,majority,2024-09-25,1,1,0.5415094339622641
16,naive,2024-03-27,0,1,0.5
16,naive,2024-03-28,0,0,0.5
16,naive,2024-04-01,0,0,0.5
16,naive,2024-04-02,1,0,0.5
16,naive,2024-04-03,0,1,0.5
16,naive,2024-04-04,1,0,0.5
16,naive,2024-04-05,1,1,0.5
16,naive,2024-04-08,1,1,0.5
16,naive,2024-04-09,0,1,0.5
16,naive,2024-04-10,1,0,0.5
16,naive,2024-04-11,0,1,0.5
16,naive,2024-04-12,0,0,0.5
16,naive,2024-04-15,0,0,0.5
16,naive,2024-04-16,0,0,0.5
16,naive,2024-04-17,0,0,0.5
16,naive,2024-04-18,0,0,0.5
16,naive,2024-04-19,1,0,0.5
16,naive,2024-04-22,1,1,0.5
16,naive,2024-04-23,0,1,0.5
16,naive,2024-04-24,0,0,0.5
16,naive,2024-04-25,1,0,0.5
16,naive,2024-04-26,1,1,0.5
16,naive,2024-04-29,0,1,0.5
16,naive,2024-04-30,0,0,0.5
16,naive,2024-05-01,1,0,0.5
16,naive,2024-05-02,1,1,0.5
16,naive,2024-05-03,1,1,0.5
16,naive,2024-05-06,1,1,0.5
16,naive,2024-05-07,1,1,0.5
16,naive,2024-05-08,1,1,0.5
16,naive,2024-05-09,1,1,0.5
16,naive,2024-05-10,1,1,0.5
16,naive,2024-05-13,1,1,0.5
16,naive,2024-05-14,1,1,0.5
16,naive,2024-05-15,0,1,0.5
16,naive,2024-05-16,1,0,0.5
16,naive,2024-05-17,1,1,0.5
16,naive,2024-05-20,1,1,0.5
16,naive,2024-05-21,0,1,0.5
16,naive,2024-05-22,0,0,0.5
16,naive,2024-05-23,1,0,0.5
16,naive,2024-05-24,1,1,0.5
16,naive,2024-05-28,0,1,0.5
16,naive,2024-05-29,0,0,0.5
16,naive,2024-05-30,1,0,0.5
16,naive,2024-05-31,1,1,0.5
16,naive,2024-06-03,1,1,0.5
16,naive,2024-06-04,1,1,0.5
16,naive,2024-06-05,0,1,0.5
16,naive,2024-06-06,0,0,0.5
16,naive,2024-06-07,1,0,0.5
16,naive,2024-06-10,1,1,0.5
16,naive,2024-06-11,1,1,0.5
16,naive,2024-06-12,1,1,0.5
16,naive,2024-06-13,1,1,0.5
16,naive,2024-06-14,1,1,0.5
16,naive,2024-06-17,1,1,0.5
16,naive,2024-06-18,0,1,0.5
16,naive,2024-06-20,0,0,0.5
16,naive,2024-06-21,0,0,0.5
16,naive,2024-06-24,1,0,0.5
16,naive,2024-06-25,1,1,0.5
16,naive,2024-06-26,1,1,0.5
16,naive,2024-06-27,0,1,0.5
16,naive,2024-06-28,1,0,0.5
16,naive,2024-07-01,1,1,0.5
16,naive,2024-07-02,1,1,0.5
16,naive,2024-07-03,1,1,0.5
16,naive,2024-07-05,1,1,0.5
16,naive,2024-07-08,1,1,0.5
16,naive,2024-07-09,1,1,0.5
16,naive,2024-07-10,0,1,0.5
16,naive,2024-07-11,1,0,0.5
16,naive,2024-07-12,1,1,0.5
16,naive,2024-07-15,1,1,0.5
16,naive,2024-07-16,0,1,0.5
16,naive,2024-07-17,0,0,0.5
16,naive,2024-07-18,0,0,0.5
16,naive,2024-07-19,1,0,0.5
16,naive,2024-07-22,0,1,0.5
16,naive,2024-07-23,0,0,0.5
16,naive,2024-07-24,0,0,0.5
16,naive,2024-07-25,1,0,0.5
16,naive,2024-07-26,1,1,0.5
16,naive,2024-07-29,0,1,0.5
16,naive,2024-07-30,1,0,0.5
16,naive,2024-07-31,0,1,0.5
16,naive,2024-08-01,0,0,0.5
16,naive,2024-08-02,0,0,0.5
16,naive,2024-08-05,1,0,0.5
16,naive,2024-08-06,0,1,0.5
16,naive,2024-08-07,1,0,0.5
16,naive,2024-08-08,1,1,0.5
16,naive,2024-08-09,1,1,0.5
16,naive,2024-08-12,1,1,0.5
16,naive,2024-08-13,1,1,0.5
16,naive,2024-08-14,1,1,0.5
16,naive,2024-08-15,1,1,0.5
16,naive,2024-08-16,1,1,0.5
16,naive,2024-08-19,0,1,0.5
16,naive,2024-08-20,1,0,0.5
16,naive,2024-08-21,0,1,0.5
16,naive,2024-08-22,1,0,0.5
16,naive,2024-08-23,0,1,0.5
16,naive,2024-08-26,1,0,0.5
16,naive,2024-08-27,0,1,0.5
16,naive,2024-08-28,1,0,0.5
16,naive,2024-08-29,1,1,0.5
16,naive,2024-08-30,0,1,0.5
16,naive,2024-09-03,0,0,0.5
16,naive,2024-09-04,0,0,0.5
16,naive,2024-09-05,0,0,0.5
16,naive,2024-09-06,1,0,0.5
16,naive,2024-09-09,1,1,0.5
16,naive,2024-09-10,1,1,0.5
16,naive,2024-09-11,1,1,0.5
16,naive,2024-09-12,1,1,0.5
16,naive,2024-09-13,1,1,0.5
16,naive,2024-09-16,1,1,0.5
16,naive,2024-09-17,0,1,0.5
16,naive,2024-09-18,1,0,0.5
16,naive,2024-09-19,0,1,0.5
16,naive,2024-09-20,1,0,0.5
16,naive,2024-09-23,1,1,0.5
16,naive,2024-09-24,0,1,0.5
16,naive,2024-09-25,1,0,0.5
16,logistic,2024-03-27,0,1,0.5445412413253478
16,logistic,2024-03-28,0,1,0.6303638630976078
16,logistic,2024-04-01,0,1,0.6264092822409207
16,logistic,2024-04-02,1,1,0.5706313727304598
16,logistic,2024-04-03,0,1,0.5386153228063533
16,logistic,2024-04-04,1,1,0.5659828254280638
16,logistic,2024-04-05,1,1,0.5371352389087981
16,logistic,2024-04-08,1,1,0.5507198436578664
16,logistic,2024-04-09,0,1,0.5502971629904518
16,logistic,2024-04-10,1,1,0.5385992687733984
16,logistic,2024-04-11,0,1,0.5032301253861363
16,logistic,2024-04-12,0,1,0.5382739814379923
16,logistic,2024-04-15,0,1,0.5299896263238486
16,logistic,2024-04-16,0,0,0.49191049103715967
16,logistic,2024-04-17,0,1,0.5409689634101041
16,logistic,2024-04-18,0,1,0.5345161134474895
16,logistic,2024-04-19,1,1,0.529164121840764
16,logistic,2024-04-22,1,0,0.47704835872799156
16,logistic,2024-04-23,0,0,0.4850594973897689
16,logistic,2024-04-24,0,1,0.5195163902562288
16,logistic,2024-04-25,1,0,0.48240370324493953
16,logistic,2024-04-26,1,0,0.45244113229387223
16,logistic,2024-04-29,0,0,0.48431298855306054
16,logistic,2024-04-30,0,1,0.5403361208879683
16,logistic,2024-05-01,1,1,0.5260179353818302
16,logistic,2024-05-02,1,1,0.5019260727623369
16,logistic,2024-05-03,1,1,0.5498643749055685
16,logistic,2024-05-06,1,1,0.5540579737613137
16,logistic,2024-05-07,1,1,0.567160325282005
16,logistic,2024-05-08,1,1,0.5399723832779638
16,logistic,2024-05-09,1,1,0.5511890384925768
16,logistic,2024-05-10,1,1,0.5677706488787617
16,logistic,2024-05-13,1,1,0.5554436609752922
16,logistic,2024-05-14,1,1,0.5379924176090124
16,logistic,2024-05-15,0,1,0.527229676526168
16,logistic,2024-05-16,1,1,0.5532993325947405
16,logistic,2024-05-17,1,0,0.47525449295235334
16,logistic,2024-05-20,1,0,0.4892877185789735
16,logistic,2024-05-21,0,1,0.516834845763832
16,logistic,2024-05-22,0,1,0.5254489447927899
16,logistic,2024-05-23,1,1,0.5372195518876147
16,logistic,2024-05-24,1,1,0.5019111690358253
16,logistic,2024-05-28,0,1,0.526880986062051
16,logistic,2024-05-29,0,1,0.5007279791868665
16,logistic,2024-05-30,1,0,0.4473374301998412
16,logistic,2024-05-31,1,0,0.41762546112153404
16,logistic,2024-06-03,1,0,0.4428135695501515
16,logistic,2024-06-04,1,0,0.4504132418883124
16,logistic,2024-06-05,0,0,0.4210957751795714
16,logistic,2024-06-06,0,0,0.4659684877023071
16,logistic,2024-06-07,1,0,0.4651524290762144
16,logistic,2024-06-10,1,0,0.4336005752135841
16,logistic,2024-06-11,1,0,0.44297467786892025
16,logistic,2024-06-12,1,0,0.4673819448527962
16,logistic,2024-06-13,1,0,0.4910409224526305
16,logistic,2024-06-14,1,0,0.45203588626915114
16,logistic,2024-06-17,1,0,0.4475639550515111
16,logistic,2024-06-18,0,0,0.4583588742218858
16,logistic,2024-06-20,0,0,0.4916053671871067
16,logistic,2024-06-21,0,0,0.48295049171804594
16,logistic,2024-06-24,1,0,0.47487648697527535
16,logistic,2024-06-25,1,0,0.4596624882253079
16,logistic,2024-06-26,1,0,0.472789307929486
16,logistic,2024-06-27,0,0,0.4652681475874891
16,logistic,2024-06-28,1,0,0.4774571549216876
16,logistic,2024-07-01,1,0,0.4652127307446311
16,logistic,2024-07-02,1,0,0.47283931908516696
16,logistic,2024-07-03,1,0,0.49892091471587807
16,logistic,2024-07-05,1,0,0.49478572277651345
16,logistic,2024-07-08,1,1,0.5040687759202676
16,logistic,2024-07-09,1,1,0.502922292968479
16,logistic,2024-07-10,0,1,0.5035016268834944
16,logistic,2024-07-11,1,1,0.545242250151997
16,logistic,2024-07-12,1,0,0.4929501207397849
16,logistic,2024-07-15,1,1,0.5222559009720638
16,logistic,2024-07-16,0,1,0.5490191603220804
16,logistic,2024-07-17,0,1,0.5409299873644697
16,logistic,2024-07-18,0,1,0.5313037150385542
16,logistic,2024-07-19,1,1,0.5203956315867808
16,logistic,2024-07-22,0,1,0.5291432675245028
16,logistic,2024-07-23,0,1,0.5510298852517048
16,logistic,2024-07-24,0,1,0.542553454144083
16,logistic,2024-07-25,1,0,0.48390694285573255
16,logistic,2024-07-26,1,1,0.5042934572674421
16,logistic,2024-07-29,0,1,0.5325905090599102
16,logistic,2024-07-30,1,1,0.5283346547577922
16,logistic,2024-07-31,0,1,0.5068718597797106
16,logistic,2024-08-01,0,1,0.5539279667893753
16,logistic,2024-08-02,0,1,0.5011603902078731
16,logistic,2024-08-05,1,0,0.4483479298696126
16,logistic,2024-08-06,0,0,0.4229277784883435
16,logistic,2024-08-07,1,1,0.5138750378540293
16,logistic,2024-08-08,1,0,0.48347969343064434
16,logistic,2024-08-09,1,0,0.4643627027969969
16,logistic,2024-08-12,1,0,0.4597460382964046
16,logistic,2024-08-13,1,0,0.41197247551421773
16,logistic,2024-08-14,1,0,0.4725106348006189
16,logistic,2024-08-15,1,0,0.4410124055277961
16,logistic,2024-08-16,1,0,0.4624315645625751
16,logistic,2024-08-19,0,0,0.47604887905607235
16,logistic,2024-08-20,1,0,0.4812118983007777
16,logistic,2024-08-21,0,0,0.4550523060671505
16,logistic,2024-08-22,1,0,0.46761730036574617
16,logistic,2024-08-23,0,0,0.46669435852102387
16,logistic,2024-08-26,1,1,0.5044902561780047
16,logistic,2024-08-27,0,0,0.4889973271611505
16,logistic,2024-08-28,1,0,0.4713083634807097
16,logistic,2024-08-29,1,0,0.45105651855896733
16,logistic,2024-08-30,0,0,0.4201876843703686
16,logistic,2024-09-03,0,0,0.4513164558823754
16,logistic,2024-09-04,0,0,0.40043451973726363
16,logistic,2024-09-05,0,0,0.3927286325913773
16,logistic,2024-09-06,1,0,0.43996765121852677
16,logistic,2024-09-09,1,0,0.38550227749485666
16,logistic,2024-09-10,1,0,0.4332578428461927
16,logistic,2024-09-11,1,0,0.4023134250260238
16,logistic,2024-09-12,1,0,0.38519262264606136
16,logistic,2024-09-13,1,0,0.41300250673899197
16,logistic,2024-09-16,1,0,0.39573036117031574
16,logistic,2024-09-17,0,0,0.42628684201352185
16,logistic,2024-09-18,1,0,0.4729696692155448
16,logistic,2024-09-19,0,0,0.4641911875823481
16,logistic,2024-09-20,1,1,0.507006012978409
16,logistic,2024-09-23,1,0,0.4765799379468149
16,logistic,2024-09-24,0,0,0.44636469506983095
16,logistic,2024-09-25,1,1,0.5021149990647079
16,rf,2024-03-27,0,1,0.5364539566712203
16,rf,2024-03-28,0,1,0.5446153332352552
16,rf,2024-04-01,0,1,0.5414984565302139
16,rf,2024-04-02,1,1,0.5342860081419548
16,rf,2024-04-03,0,1,0.538109989179353
16,rf,2024-04-04,1,1,0.5493676033435984
16,rf,2024-04-05,1,1,0.5464904943940252
16,rf,2024-04-08,1,1,0.5416005644490053
16,rf,2024-04-09,0,1,0.545495672371568
16,rf,2024-04-10,1,1,0.5236821469981998
16,rf,2024-04-11,0,1,0.5256222117563467
16,rf,2024-04-12,0,1,0.5403946496173443
16,rf,2024-04-15,0,1,0.5591091517923901
16,rf,2024-04-16,0,1,0.5415221005302646
16,rf,2024-04-17,0,1,0.5770427283104255
16,rf,2024-04-18,0,1,0.5727743909507096
16,rf,2024-04-19,1,1,0.550877248930293
16,rf,2024-04-22,1,1,0.5588520567839388
16,rf,2024-04-23,0,1,0.5236727822754036
16,rf,2024-04-24,0,1,0.5297219235555564
16,rf,2024-04-25,1,1,0.519326657065664
16,rf,2024-04-26,1,1,0.5076026858661117
16,rf,2024-04-29,0,1,0.5248956035174621
16,rf,2024-04-30,0,1,0.5403148359835223
16,rf,2024-05-01,1,1,0.5430413231057957
16,rf,2024-05-02,1,1,0.5094371930236747
16,rf,2024-05-03,1,1,0.5360638736868744
16,rf,2024-05-06,1,1,0.5281240742559096
16,rf,2024-05-07,1,1,0.5308768310835165
16,rf,2024-05-08,1,1,0.5355934518513509
16,rf,2024-05-09,1,1,0.5099227716784407
16,rf,2024-05-10,1,1,0.5329385904384735
16,rf,2024-05-13,1,1,0.5438473441911946
16,rf,2024-05-14,1,1,0.5195361989629822
16,rf,2024-05-15,0,1,0.5032472012049836
16,rf,2024-05-16,1,1,0.5407861400743682
16,rf,2024-05-17,1,1,0.5114161432963755
16,rf,2024-05-20,1,1,0.5250610116372385
16,rf,2024-05-21,0,1,0.5330849508721175
16,rf,2024-05-22,0,1,0.536608844601087
16,rf,2024-05-23,1,1,0.5319797319453567
16,rf,2024-05-24,1,1,0.5249637789194452
16,rf,2024-05-28,0,1,0.5418468865595281
16,rf,2024-05-29,0,1,0.5367013620703056
16,rf,2024-05-30,1,1,0.5099189108134948
16,rf,2024-05-31,1,1,0.523752610629379
16,rf,2024-06-03,1,1,0.5516120279541915
16,rf,2024-06-04,1,1,0.5430257874953591
16,rf,2024-06-05,0,1,0.513219642076717
16,rf,2024-06-06,0,1,0.5311647681437883
16,rf,2024-06-07,1,1,0.5443219965983981
16,rf,2024-06-10,1,1,0.5341339720996079
16,rf,2024-06-11,1,1,0.5322873973777501
16,rf,2024-06-12,1,1,0.5225293610083214
16,rf,2024-06-13,1,1,0.5263444221215366
16,rf,2024-06-14,1,1,0.5295571270747218
16,rf,2024-06-17,1,1,0.5036428283170987
16,rf,2024-06-18,0,1,0.5083913449273655
16,rf,2024-06-20,0,1,0.5155457397286696
16,rf,2024-06-21,0,1,0.5293254867896716
16,rf,2024-06-24,1,1,0.5312752280093714
16,rf,2024-06-25,1,1,0.5534715607371397
16,rf,2024-06-26,1,1,0.5472844603652247
16,rf,2024-06-27,0,1,0.5402191447141562
16,rf,2024-06-28,1,1,0.5248932954476309
16,rf,2024-07-01,1,1,0.5408023754472785
16,rf,2024-07-02,1,1,0.5480260240958368
16,rf,2024-07-03,1,1,0.5228462623978949
16,rf,2024-07-05,1,1,0.5031189213484681
16,rf,2024-07-08,1,1,0.5090331340133448
16,rf,2024-07-09,1,1,0.5088540200756185
16,rf,2024-07-10,0,0,0.48826263348577376
16,rf,2024-07-11,1,1,0.5376956832038458
16,rf,2024-07-12,1,1,0.5074325128279368
16,rf,2024-07-15,1,1,0.5245734477292345
16,rf,2024-07-16,0,1,0.5035312324040979
16,rf,2024-07-17,0,1,0.539343625961722
16,rf,2024-07-18,0,1,0.5276980155215193
16,rf,2024-07-19,1,1,0.5437430619808499
16,rf,2024-07-22,0,1,0.5539520513901954
16,rf,2024-07-23,0,1,0.556400717414067
16,rf,2024-07-24,0,1,0.5560418837987734
16,rf,2024-07-25,1,1,0.550080701641593
16,rf,2024-07-26,1,1,0.5289624299717157
16,rf,2024-07-29,0,1,0.5483186409843807
16,rf,2024-07-30,1,1,0.5406190205352132
16,rf,2024-07-31,0,1,0.5222543398153179
16,rf,2024-08-01,0,1,0.5199370793958764
16,rf,2024-08-02,0,1,0.5567555279754521
16,rf,2024-08-05,1,1,0.5292725576940706
16,rf,2024-08-06,0,1,0.5055511172430404
16,rf,2024-08-07,1,1,0.536721602666561
16,rf,2024-08-08,1,1,0.5111678869381837
16,rf,2024-08-09,1,0,0.4826639119641791
16,rf,2024-08-12,1,1,0.5184698674247082
16,rf,2024-08-13,1,0,0.4834137163442074
16,rf,2024-08-14,1,0,0.48140238619319387
16,rf,2024-08-15,1,0,0.486811443388132
16,rf,2024-08-16,1,0,0.4677768787203151
16,rf,2024-08-19,0,0,0.43015759812796633
16,rf,2024-08-20,1,0,0.4381445212352733
16,rf,2024-08-21,0,0,0.4242295360093579
16,rf,2024-08-22,1,0,0.4737086330000413
16,rf,2024-08-23,0,0,0.43233897648797004
16,rf,2024-08-26,1,0,0.4326427647974211
16,rf,2024-08-27,0,0,0.45368211101367373
16,rf,2024-08-28,1,0,0.4627578726797116
16,rf,2024-08-29,1,0,0.47923037018630243
16,rf,2024-08-30,0,0,0.4456457815456728
16,rf,2024-09-03,0,0,0.4908076072085773
16,rf,2024-09-04,0,0,0.48304554578639813
16,rf,2024-09-05,0,0,0.4619456559120377
16,rf,2024-09-06,1,1,0.504521336802691
16,rf,2024-09-09,1,0,0.4846499459240431
16,rf,2024-09-10,1,0,0.49133164703475124
16,rf,2024-09-11,1,0,0.4843257437414953
16,rf,2024-09-12,1,0,0.4932492885378945
16,rf,2024-09-13,1,1,0.5008566500893963
16,rf,2024-09-16,1,1,0.5127554442548208
16,rf,2024-09-17,0,1,0.508218993178472
16,rf,2024-09-18,1,1,0.51776258014059
16,rf,2024-09-19,0,1,0.5068130680745029
16,rf,2024-09-20,1,1,0.5139021075991729
16,rf,2024-09-23,1,1,0.5065247525983299
16,rf,2024-09-24,0,0,0.4858264130862329
16,rf,2024-09-25,1,1,0.5112717963423475
16,xgb,2024-03-27,0,1,0.5980373024940491
16,xgb,2024-03-28,0,1,0.6413163542747498
16,xgb,2024-04-01,0,1,0.6359954476356506
16,xgb,2024-04-02,1,1,0.5773879289627075
16,xgb,2024-04-03,0,1,0.6554915308952332
16,xgb,2024-04-04,1,1,0.5907122492790222
16,xgb,2024-04-05,1,1,0.6459012031555176
16,xgb,2024-04-08,1,1,0.5253626108169556
16,xgb,2024-04-09,0,1,0.6121208071708679
16,xgb,2024-04-10,1,0,0.46124786138534546
16,xgb,2024-04-11,0,1,0.5344482064247131
16,xgb,2024-04-12,0,1,0.5215490460395813
16,xgb,2024-04-15,0,1,0.6102742552757263
16,xgb,2024-04-16,0,1,0.5569515824317932
16,xgb,2024-04-17,0,1,0.6507479548454285
16,xgb,2024-04-18,0,1,0.6269647479057312
16,xgb,2024-04-19,1,1,0.5955763459205627
16,xgb,2024-04-22,1,1,0.6562581062316895
16,xgb,2024-04-23,0,1,0.5679374933242798
16,xgb,2024-04-24,0,1,0.5935179591178894
16,xgb,2024-04-25,1,1,0.5220564603805542
16,xgb,2024-04-26,1,1,0.5312795042991638
16,xgb,2024-04-29,0,1,0.547619104385376
16,xgb,2024-04-30,0,1,0.5352333188056946
16,xgb,2024-05-01,1,0,0.48913827538490295
16,xgb,2024-05-02,1,0,0.4513019919395447
16,xgb,2024-05-03,1,1,0.6048581004142761
16,xgb,2024-05-06,1,1,0.584925651550293
16,xgb,2024-05-07,1,1,0.585526704788208
16,xgb,2024-05-08,1,1,0.5852236747741699
16,xgb,2024-05-09,1,1,0.5600922703742981
16,xgb,2024-05-10,1,1,0.5700963735580444
16,xgb,2024-05-13,1,1,0.6379023790359497
16,xgb,2024-05-14,1,1,0.5054165720939636
16,xgb,2024-05-15,0,0,0.47319120168685913
16,xgb,2024-05-16,1,1,0.6076059341430664
16,xgb,2024-05-17,1,0,0.4968344271183014
16,xgb,2024-05-20,1,1,0.5837846994400024
16,xgb,2024-05-21,0,1,0.5721020698547363
16,xgb,2024-05-22,0,1,0.5425840020179749
16,xgb,2024-05-23,1,1,0.5882509350776672
16,xgb,2024-05-24,1,1,0.6136518120765686
16,xgb,2024-05-28,0,1,0.6226503252983093
16,xgb,2024-05-29,0,0,0.49817705154418945
16,xgb,2024-05-30,1,0,0.4345628321170807
16,xgb,2024-05-31,1,0,0.4935818910598755
16,xgb,2024-06-03,1,1,0.6181689500808716
16,xgb,2024-06-04,1,1,0.5107905864715576
16,xgb,2024-06-05,0,0,0.4829072654247284
16,xgb,2024-06-06,0,0,0.4782372713088989
16,xgb,2024-06-07,1,1,0.5372872352600098
16,xgb,2024-06-10,1,1,0.5037873387336731
16,xgb,2024-06-11,1,1,0.5115463733673096
16,xgb,2024-06-12,1,1,0.5784010887145996
16,xgb,2024-06-13,1,1,0.5090176463127136
16,xgb,2024-06-14,1,1,0.5425846576690674
16,xgb,2024-06-17,1,1,0.5236223340034485
16,xgb,2024-06-18,0,1,0.5564448833465576
16,xgb,2024-06-20,0,1,0.5297654867172241
16,xgb,2024-06-21,0,1,0.6111786365509033
16,xgb,2024-06-24,1,1,0.5508169531822205
16,xgb,2024-06-25,1,1,0.67743319272995
16,xgb,2024-06-26,1,1,0.6394230723381042
16,xgb,2024-06-27,0,1,0.577333927154541
16,xgb,2024-06-28,1,0,0.4404517114162445
16,xgb,2024-07-01,1,1,0.585145890712738
16,xgb,2024-07-02,1,1,0.6002440452575684
16,xgb,2024-07-03,1,1,0.5183449387550354
16,xgb,2024-07-05,1,0,0.4560946524143219
16,xgb,2024-07-08,1,0,0.4849384129047394
16,xgb,2024-07-09,1,1,0.5144137740135193
16,xgb,2024-07-10,0,0,0.4842804968357086
16,xgb,2024-07-11,1,1,0.6130126714706421
16,xgb,2024-07-12,1,1,0.5192129611968994
16,xgb,2024-07-15,1,1,0.5704089999198914
16,xgb,2024-07-16,0,1,0.5058860182762146
16,xgb,2024-07-17,0,1,0.6113827228546143
16,xgb,2024-07-18,0,1,0.5950194597244263
16,xgb,2024-07-19,1,1,0.5948393940925598
16,xgb,2024-07-22,0,1,0.6975283026695251
16,xgb,2024-07-23,0,1,0.6532207131385803
16,xgb,2024-07-24,0,1,0.6415321230888367
16,xgb,2024-07-25,1,1,0.6399956345558167
16,xgb,2024-07-26,1,1,0.522314727306366
16,xgb,2024-07-29,0,1,0.6565614342689514
16,xgb,2024-07-30,1,1,0.5882607102394104
16,xgb,2024-07-31,0,1,0.5144715905189514
16,xgb,2024-08-01,0,1,0.5055141448974609
16,xgb,2024-08-02,0,1,0.6359210014343262
16,xgb,2024-08-05,1,1,0.5316555500030518
16,xgb,2024-08-06,0,1,0.5315309762954712
16,xgb,2024-08-07,1,1,0.5778520107269287
16,xgb,2024-08-08,1,0,0.4744185507297516
16,xgb,2024-08-09,1,0,0.4759370684623718
16,xgb,2024-08-12,1,1,0.5187512040138245
16,xgb,2024-08-13,1,0,0.4288082718849182
16,xgb,2024-08-14,1,0,0.4917837977409363
16,xgb,2024-08-15,1,0,0.444338321685791
16,xgb,2024-08-16,1,0,0.4909215271472931
16,xgb,2024-08-19,0,0,0.40960612893104553
16,xgb,2024-08-20,1,0,0.4344543516635895
16,xgb,2024-08-21,0,0,0.33824366331100464
16,xgb,2024-08-22,1,0,0.4250871539115906
16,xgb,2024-08-23,0,0,0.39658182859420776
16,xgb,2024-08-26,1,0,0.3600810468196869
16,xgb,2024-08-27,0,0,0.39643627405166626
16,xgb,2024-08-28,1,0,0.3830075263977051
16,xgb,2024-08-29,1,0,0.4551011323928833
16,xgb,2024-08-30,0,0,0.28705331683158875
16,xgb,2024-09-03,0,0,0.42042723298072815
16,xgb,2024-09-04,0,0,0.4172966480255127
16,xgb,2024-09-05,0,0,0.31229105591773987
16,xgb,2024-09-06,1,0,0.4747544825077057
16,xgb,2024-09-09,1,0,0.37108755111694336
16,xgb,2024-09-10,1,0,0.38919737935066223
16,xgb,2024-09-11,1,0,0.2864878475666046
16,xgb,2024-09-12,1,0,0.3418988883495331
16,xgb,2024-09-13,1,0,0.37400496006011963
16,xgb,2024-09-16,1,0,0.4712671935558319
16,xgb,2024-09-17,0,0,0.45060616731643677
16,xgb,2024-09-18,1,0,0.47275403141975403
16,xgb,2024-09-19,0,1,0.5483788251876831
16,xgb,2024-09-20,1,1,0.5698376893997192
16,xgb,2024-09-23,1,1,0.5613413453102112
16,xgb,2024-09-24,0,0,0.4247550964355469
16,xgb,2024-09-25,1,0,0.47348248958587646
17,majority,2024-10-07,1,1,0.5444234404536862
17,majority,2024-10-08,1,1,0.5444234404536862
17,majority,2024-10-09,0,1,0.5444234404536862
17,majority,2024-10-10,1,1,0.5444234404536862
17,majority,2024-10-11,1,1,0.5444234404536862
17,majority,2024-10-14,0,1,0.5444234404536862
17,majority,2024-10-15,1,1,0.5444234404536862
17,majority,2024-10-16,1,1,0.5444234404536862
17,majority,2024-10-17,1,1,0.5444234404536862
17,majority,2024-10-18,0,1,0.5444234404536862
17,majority,2024-10-21,0,1,0.5444234404536862
17,majority,2024-10-22,0,1,0.5444234404536862
17,majority,2024-10-23,1,1,0.5444234404536862
17,majority,2024-10-24,0,1,0.5444234404536862
17,majority,2024-10-25,1,1,0.5444234404536862
17,majority,2024-10-28,1,1,0.5444234404536862
17,majority,2024-10-29,0,1,0.5444234404536862
17,majority,2024-10-30,0,1,0.5444234404536862
17,majority,2024-10-31,1,1,0.5444234404536862
17,majority,2024-11-01,0,1,0.5444234404536862
17,majority,2024-11-04,1,1,0.5444234404536862
17,majority,2024-11-05,1,1,0.5444234404536862
17,majority,2024-11-06,1,1,0.5444234404536862
17,majority,2024-11-07,1,1,0.5444234404536862
17,majority,2024-11-08,1,1,0.5444234404536862
17,majority,2024-11-11,0,1,0.5444234404536862
17,majority,2024-11-12,1,1,0.5444234404536862
17,majority,2024-11-13,0,1,0.5444234404536862
17,majority,2024-11-14,0,1,0.5444234404536862
17,majority,2024-11-15,1,1,0.5444234404536862
17,majority,2024-11-18,1,1,0.5444234404536862
17,majority,2024-11-19,1,1,0.5444234404536862
17,majority,2024-11-20,1,1,0.5444234404536862
17,majority,2024-11-21,1,1,0.5444234404536862
17,majority,2024-11-22,1,1,0.5444234404536862
17,majority,2024-11-25,1,1,0.5444234404536862
17,majority,2024-11-26,0,1,0.5444234404536862
17,majority,2024-11-27,1,1,0.5444234404536862
17,majority,2024-11-29,1,1,0.5444234404536862
17,majority,2024-12-02,1,1,0.5444234404536862
17,majority,2024-12-03,1,1,0.5444234404536862
17,majority,2024-12-04,0,1,0.5444234404536862
17,majority,2024-12-05,1,1,0.5444234404536862
17,majority,2024-12-06,0,1,0.5444234404536862
17,majority,2024-12-09,0,1,0.5444234404536862
17,majority,2024-12-10,1,1,0.5444234404536862
17,majority,2024-12-11,0,1,0.5444234404536862
17,majority,2024-12-12,0,1,0.5444234404536862
17,majority,2024-12-13,1,1,0.5444234404536862
17,majority,2024-12-16,0,1,0.5444234404536862
17,majority,2024-12-17,0,1,0.5444234404536862
17,majority,2024-12-18,0,1,0.5444234404536862
17,majority,2024-12-19,1,1,0.5444234404536862
17,majority,2024-12-20,1,1,0.5444234404536862
17,majority,2024-12-23,1,1,0.5444234404536862
17,majority,2024-12-24,1,1,0.5444234404536862
17,majority,2024-12-26,0,1,0.5444234404536862
17,majority,2024-12-27,0,1,0.5444234404536862
17,majority,2024-12-30,0,1,0.5444234404536862
17,majority,2024-12-31,0,1,0.5444234404536862
17,majority,2025-01-02,1,1,0.5444234404536862
17,majority,2025-01-03,1,1,0.5444234404536862
17,majority,2025-01-06,0,1,0.5444234404536862
17,majority,2025-01-07,1,1,0.5444234404536862
17,majority,2025-01-08,0,1,0.5444234404536862
17,majority,2025-01-10,1,1,0.5444234404536862
17,majority,2025-01-13,1,1,0.5444234404536862
17,majority,2025-01-14,1,1,0.5444234404536862
17,majority,2025-01-15,0,1,0.5444234404536862
17,majority,2025-01-16,1,1,0.5444234404536862
17,majority,2025-01-17,1,1,0.5444234404536862
17,majority,2025-01-21,1,1,0.5444234404536862
17,majority,2025-01-22,1,1,0.5444234404536862
17,majority,2025-01-23,0,1,0.5444234404536862
17,majority,2025-01-24,0,1,0.5444234404536862
17,majority,2025-01-27,1,1,0.5444234404536862
17,majority,2025-01-28,0,1,0.5444234404536862
17,majority,2025-01-29,1,1,0.5444234404536862
17,majority,2025-01-30,0,1,0.5444234404536862
17,majority,2025-01-31,0,1,0.5444234404536862
17,majority,2025-02-03,1,1,0.5444234404536862
17,majority,2025-02-04,1,1,0.5444234404536862
17,majority,2025-02-05,1,1,0.5444234404536862
17,majority,2025-02-06,0,1,0.5444234404536862
17,majority,2025-02-07,1,1,0.5444234404536862
17,majority,2025-02-10,1,1,0.5444234404536862
17,majority,2025-02-11,0,1,0.5444234404536862
17,majority,2025-02-12,1,1,0.5444234404536862
17,majority,2025-02-13,0,1,0.5444234404536862
17,majority,2025-02-14,1,1,0.5444234404536862
17,majority,2025-02-18,1,1,0.5444234404536862
17,majority,2025-02-19,0,1,0.5444234404536862
17,majority,2025-02-20,0,1,0.5444234404536862
17,majority,2025-02-21,0,1,0.5444234404536862
17,majority,2025-02-24,0,1,0.5444234404536862
17,majority,2025-02-25,1,1,0.5444234404536862
17,majority,2025-02-26,0,1,0.5444234404536862
17,majority,2025-02-27,1,1,0.5444234404536862
17,majority,2025-02-28,0,1,0.5444234404536862
17,majority,2025-03-03,0,1,0.5444234404536862
17,majority,2025-03-04,1,1,0.5444234404536862
17,majority,2025-03-05,0,1,0.5444234404536862
17,majority,2025-03-06,1,1,0.5444234404536862
17,majority,2025-03-07,0,1,0.5444234404536862
17,majority,2025-03-10,0,1,0.5444234404536862
17,majority,2025-03-11,1,1,0.5444234404536862
17,majority,2025-03-12,0,1,0.5444234404536862
17,majority,2025-03-13,1,1,0.5444234404536862
17,majority,2025-03-14,1,1,0.5444234404536862
17,majority,2025-03-17,0,1,0.5444234404536862
17,majority,2025-03-18,1,1,0.5444234404536862
17,majority,2025-03-19,0,1,0.5444234404536862
17,majority,2025-03-20,1,1,0.5444234404536862
17,majority,2025-03-21,1,1,0.5444234404536862
17,majority,2025-03-24,1,1,0.5444234404536862
17,majority,2025-03-25,0,1,0.5444234404536862
17,majority,2025-03-26,0,1,0.5444234404536862
17,majority,2025-03-27,0,1,0.5444234404536862
17,majority,2025-03-28,1,1,0.5444234404536862
17,majority,2025-03-31,1,1,0.5444234404536862
17,majority,2025-04-01,1,1,0.5444234404536862
17,majority,2025-04-02,0,1,0.5444234404536862
17,majority,2025-04-03,0,1,0.5444234404536862
17,majority,2025-04-04,0,1,0.5444234404536862
17,majority,2025-04-07,0,1,0.5444234404536862
17,majority,2025-04-08,1,1,0.5444234404536862
17,naive,2024-10-07,1,0,0.5
17,naive,2024-10-08,1,1,0.5
17,naive,2024-10-09,0,1,0.5
17,naive,2024-10-10,1,0,0.5
17,naive,2024-10-11,1,1,0.5
17,naive,2024-10-14,0,1,0.5
17,naive,2024-10-15,1,0,0.5
17,naive,2024-10-16,1,1,0.5
17,naive,2024-10-17,1,1,0.5
17,naive,2024-10-18,0,1,0.5
17,naive,2024-10-21,0,0,0.5
17,naive,2024-10-22,0,0,0.5
17,naive,2024-10-23,1,0,0.5
17,naive,2024-10-24,0,1,0.5
17,naive,2024-10-25,1,0,0.5
17,naive,2024-10-28,1,1,0.5
17,naive,2024-10-29,0,1,0.5
17,naive,2024-10-30,0,0,0.5
17,naive,2024-10-31,1,0,0.5
17,naive,2024-11-01,0,1,0.5
17,naive,2024-11-04,1,0,0.5
17,naive,2024-11-05,1,1,0.5
17,naive,2024-11-06,1,1,0.5
17,naive,2024-11-07,1,1,0.5
17,naive,2024-11-08,1,1,0.5
17,naive,2024-11-11,0,1,0.5
17,naive,2024-11-12,1,0,0.5
17,naive,2024-11-13,0,1,0.5
17,naive,2024-11-14,0,0,0.5
17,naive,2024-11-15,1,0,0.5
17,naive,2024-11-18,1,1,0.5
17,naive,2024-11-19,1,1,0.5
17,naive,2024-11-20,1,1,0.5
17,naive,2024-11-21,1,1,0.5
17,naive,2024-11-22,1,1,0.5
17,naive,2024-11-25,1,1,0.5
17,naive,2024-11-26,0,1,0.5
17,naive,2024-11-27,1,0,0.5
17,naive,2024-11-29,1,1,0.5
17,naive,2024-12-02,1,1,0.5
17,naive,2024-12-03,1,1,0.5
17,naive,2024-12-04,0,1,0.5
17,naive,2024-12-05,1,0,0.5
17,naive,2024-12-06,0,1,0.5
17,naive,2024-12-09,0,0,0.5
17,naive,2024-12-10,1,0,0.5
17,naive,2024-12-11,0,1,0.5
17,naive,2024-12-12,0,0,0.5
17,naive,2024-12-13,1,0,0.5
17,naive,2024-12-16,0,1,0.5
17,naive,2024-12-17,0,0,0.5
17,naive,2024-12-18,0,0,0.5
17,naive,2024-12-19,1,0,0.5
17,naive,2024-12-20,1,1,0.5
17,naive,2024-12-23,1,1,0.5
17,naive,2024-12-24,1,1,0.5
17,naive,2024-12-26,0,1,0.5
17,naive,2024-12-27,0,0,0.5
17,naive,2024-12-30,0,0,0.5
17,naive,2024-12-31,0,0,0.5
17,naive,2025-01-02,1,0,0.5
17,naive,2025-01-03,1,1,0.5
17,naive,2025-01-06,0,1,0.5
17,naive,2025-01-07,1,0,0.5
17,naive,2025-01-08,0,1,0.5
17,naive,2025-01-10,1,0,0.5
17,naive,2025-01-13,1,1,0.5
17,naive,2025-01-14,1,1,0.5
17,naive,2025-01-15,0,1,0.5
17,naive,2025-01-16,1,0,0.5
17,naive,2025-01-17,1,1,0.5
17,naive,2025-01-21,1,1,0.5
17,naive,2025-01-22,1,1,0.5
17,naive,2025-01-23,0,1,0.5
17,naive,2025-01-24,0,0,0.5
17,naive,2025-01-27,1,0,0.5
17,naive,2025-01-28,0,1,0.5
17,naive,2025-01-29,1,0,0.5
17,naive,2025-01-30,0,1,0.5
17,naive,2025-01-31,0,0,0.5
17,naive,2025-02-03,1,0,0.5
17,naive,2025-02-04,1,1,0.5
17,naive,2025-02-05,1,1,0.5
17,naive,2025-02-06,0,1,0.5
17,naive,2025-02-07,1,0,0.5
17,naive,2025-02-10,1,1,0.5
17,naive,2025-02-11,0,1,0.5
17,naive,2025-02-12,1,0,0.5
17,naive,2025-02-13,0,1,0.5
17,naive,2025-02-14,1,0,0.5
17,naive,2025-02-18,1,1,0.5
17,naive,2025-02-19,0,1,0.5
17,naive,2025-02-20,0,0,0.5
17,naive,2025-02-21,0,0,0.5
17,naive,2025-02-24,0,0,0.5
17,naive,2025-02-25,1,0,0.5
17,naive,2025-02-26,0,1,0.5
17,naive,2025-02-27,1,0,0.5
17,naive,2025-02-28,0,1,0.5
17,naive,2025-03-03,0,0,0.5
17,naive,2025-03-04,1,0,0.5
17,naive,2025-03-05,0,1,0.5
17,naive,2025-03-06,1,0,0.5
17,naive,2025-03-07,0,1,0.5
17,naive,2025-03-10,0,0,0.5
17,naive,2025-03-11,1,0,0.5
17,naive,2025-03-12,0,1,0.5
17,naive,2025-03-13,1,0,0.5
17,naive,2025-03-14,1,1,0.5
17,naive,2025-03-17,0,1,0.5
17,naive,2025-03-18,1,0,0.5
17,naive,2025-03-19,0,1,0.5
17,naive,2025-03-20,1,0,0.5
17,naive,2025-03-21,1,1,0.5
17,naive,2025-03-24,1,1,0.5
17,naive,2025-03-25,0,1,0.5
17,naive,2025-03-26,0,0,0.5
17,naive,2025-03-27,0,0,0.5
17,naive,2025-03-28,1,0,0.5
17,naive,2025-03-31,1,1,0.5
17,naive,2025-04-01,1,1,0.5
17,naive,2025-04-02,0,1,0.5
17,naive,2025-04-03,0,0,0.5
17,naive,2025-04-04,0,0,0.5
17,naive,2025-04-07,0,0,0.5
17,naive,2025-04-08,1,0,0.5
17,logistic,2024-10-07,1,0,0.38282027953098335
17,logistic,2024-10-08,1,0,0.40421390693481574
17,logistic,2024-10-09,0,0,0.42483229738476935
17,logistic,2024-10-10,1,0,0.4585803766938078
17,logistic,2024-10-11,1,0,0.4085150667196326
17,logistic,2024-10-14,0,0,0.4590538136726494
17,logistic,2024-10-15,1,0,0.43919770665382024
17,logistic,2024-10-16,1,0,0.4143052072747307
17,logistic,2024-10-17,1,0,0.43651243502243736
17,logistic,2024-10-18,0,0,0.45471936160072823
17,logistic,2024-10-21,0,0,0.46272123674144156
17,logistic,2024-10-22,0,0,0.4755001697063302
17,logistic,2024-10-23,1,0,0.3879194239714983
17,logistic,2024-10-24,0,0,0.38216980591981004
17,logistic,2024-10-25,1,0,0.42726311457357086
17,logistic,2024-10-28,1,0,0.44657749453564416
17,logistic,2024-10-29,0,0,0.42426250121752307
17,logistic,2024-10-30,0,0,0.4531297125130838
17,logistic,2024-10-31,1,0,0.3510151685510028
17,logistic,2024-11-01,0,0,0.37525129039360827
17,logistic,2024-11-04,1,0,0.4433058807264296
17,logistic,2024-11-05,1,0,0.49620120298012105
17,logistic,2024-11-06,1,1,0.5389546418816616
17,logistic,2024-11-07,1,1,0.5403900386350026
17,logistic,2024-11-08,1,0,0.4725363085695084
17,logistic,2024-11-11,0,0,0.49390422880542084
17,logistic,2024-11-12,1,1,0.51030492415123
17,logistic,2024-11-13,0,0,0.4918949703190278
17,logistic,2024-11-14,0,1,0.5274459548955285
17,logistic,2024-11-15,1,0,0.47744467111179306
17,logistic,2024-11-18,1,0,0.4538616404376902
17,logistic,2024-11-19,1,0,0.4760934274946754
17,logistic,2024-11-20,1,0,0.4566281636729298
17,logistic,2024-11-21,1,0,0.44560670929850676
17,logistic,2024-11-22,1,0,0.45437927049135646
17,logistic,2024-11-25,1,0,0.42204682797446136
17,logistic,2024-11-26,0,0,0.44563084426765986
17,logistic,2024-11-27,1,0,0.45428612650168265
17,logistic,2024-11-29,1,0,0.4106483246389267
17,logistic,2024-12-02,1,0,0.43368036972999296
17,logistic,2024-12-03,1,0,0.4507427113799123
17,logistic,2024-12-04,0,0,0.45314302896293257
17,logistic,2024-12-05,1,0,0.48761029276051665
17,logistic,2024-12-06,0,0,0.47742032908804294
17,logistic,2024-12-09,0,0,0.4756891434088605
17,logistic,2024-12-10,1,0,0.4673108359619781
17,logistic,2024-12-11,0,0,0.4783428783259956
17,logistic,2024-12-12,0,0,0.48862956894552595
17,logistic,2024-12-13,1,0,0.45533619550780313
17,logistic,2024-12-16,0,0,0.4512365407296776
17,logistic,2024-12-17,0,0,0.45525955210179536
17,logistic,2024-12-18,0,0,0.34193034302285563
17,logistic,2024-12-19,1,0,0.3772769766252514
17,logistic,2024-12-20,1,0,0.4001182974148105
17,logistic,2024-12-23,1,0,0.46178034702210696
17,logistic,2024-12-24,1,0,0.4551557530595912
17,logistic,2024-12-26,0,0,0.453058092579818
17,logistic,2024-12-27,0,0,0.3675682641054551
17,logistic,2024-12-30,0,0,0.31306859307274276
17,logistic,2024-12-31,0,0,0.36624747489557113
17,logistic,2025-01-02,1,0,0.39408005768896326
17,logistic,2025-01-03,1,0,0.460044014011957
17,logistic,2025-01-06,0,0,0.4873423436329753
17,logistic,2025-01-07,1,0,0.4380176704887274
17,logistic,2025-01-08,0,0,0.3655317418293581
17,logistic,2025-01-10,1,0,0.39503385740640573
17,logistic,2025-01-13,1,0,0.3760466665479012
17,logistic,2025-01-14,1,0,0.40595825100682775
17,logistic,2025-01-15,0,0,0.4952239343207592
17,logistic,2025-01-16,1,1,0.5005211156523909
17,logistic,2025-01-17,1,0,0.4928408769819803
17,logistic,2025-01-21,1,0,0.4336523333840609
17,logistic,2025-01-22,1,0,0.4423109994837631
17,logistic,2025-01-23,0,0,0.4423932143380038
17,logistic,2025-01-24,0,1,0.5155079609395068
17,logistic,2025-01-27,1,0,0.4222617600359869
17,logistic,2025-01-28,0,0,0.40233685434377703
17,logistic,2025-01-29,1,0,0.4573183611826251
17,logistic,2025-01-30,0,0,0.4287325032434895
17,logistic,2025-01-31,0,0,0.44217875972425474
17,logistic,2025-02-03,1,0,0.39086488631407873
17,logistic,2025-02-04,1,0,0.3370137296123305
17,logistic,2025-02-05,1,0,0.38531016037439464
17,logistic,2025-02-06,0,0,0.37099762932526614
17,logistic,2025-02-07,1,0,0.35113432330489497
17,logistic,2025-02-10,1,0,0.335505175431298
17,logistic,2025-02-11,0,0,0.3585813736335334
17,logistic,2025-02-12,1,0,0.36845404319656627
17,logistic,2025-02-13,0,0,0.3691211948203604
17,logistic,2025-02-14,1,0,0.42317406699674537
17,logistic,2025-02-18,1,0,0.36558467225331415
17,logistic,2025-02-19,0,0,0.3754745556490446
17,logistic,2025-02-20,0,0,0.37389856428044643
17,logistic,2025-02-21,0,0,0.313740682452195
17,logistic,2025-02-24,0,0,0.3067024002182091
17,logistic,2025-02-25,1,0,0.3721742300630209
17,logistic,2025-02-26,0,0,0.3690598074111746
17,logistic,2025-02-27,1,0,0.3458335574339274
17,logistic,2025-02-28,0,0,0.3384717429738894
17,logistic,2025-03-03,0,0,0.3114531505162302
17,logistic,2025-03-04,1,0,0.28643133697870915
17,logistic,2025-03-05,0,0,0.23917038484637015
17,logistic,2025-03-06,1,0,0.3101771628751985
17,logistic,2025-03-07,0,0,0.2253452765243047
17,logistic,2025-03-10,0,0,0.2650005836704013
17,logistic,2025-03-11,1,0,0.2340661634453915
17,logistic,2025-03-12,0,0,0.19590206394116275
17,logistic,2025-03-13,1,0,0.30951856822881957
17,logistic,2025-03-14,1,0,0.27195289094979963
17,logistic,2025-03-17,0,0,0.3606629291512699
17,logistic,2025-03-18,1,0,0.379543136470172
17,logistic,2025-03-19,0,0,0.32994570114772986
17,logistic,2025-03-20,1,0,0.4500463097166406
17,logistic,2025-03-21,1,0,0.38457591120075346
17,logistic,2025-03-24,1,0,0.4549680427756596
17,logistic,2025-03-25,0,1,0.534437765915293
17,logistic,2025-03-26,0,0,0.48145728038031954
17,logistic,2025-03-27,0,0,0.44457275608729013
17,logistic,2025-03-28,1,0,0.4604155786130035
17,logistic,2025-03-31,1,0,0.3990320828176984
17,logistic,2025-04-01,1,0,0.4636974171919228
17,logistic,2025-04-02,0,0,0.4874687403911304
17,logistic,2025-04-03,0,0,0.3924314880536642
17,logistic,2025-04-04,0,0,0.3534519480446534
17,logistic,2025-04-07,0,0,0.21098684542731205
17,logistic,2025-04-08,1,0,0.1893771223967098
17,rf,2024-10-07,1,0,0.4989738941420518
17,rf,2024-10-08,1,1,0.5861446030800408
17,rf,2024-10-09,0,1,0.5639231692298442
17,rf,2024-10-10,1,1,0.6062683851933047
17,rf,2024-10-11,1,1,0.5644316416887294
17,rf,2024-10-14,0,0,0.4971886053714721
17,rf,2024-10-15,1,1,0.5627512371512436
17,rf,2024-10-16,1,1,0.573366773986536
17,rf,2024-10-17,1,1,0.6215904902446195
17,rf,2024-10-18,0,1,0.6068456073363718
17,rf,2024-10-21,0,1,0.5222026512464353
17,rf,2024-10-22,0,1,0.6164319572158377
17,rf,2024-10-23,1,0,0.49921212538301535
17,rf,2024-10-24,0,1,0.5583692278430948
17,rf,2024-10-25,1,1,0.5690009842452832
17,rf,2024-10-28,1,1,0.563843373293987
17,rf,2024-10-29,0,1,0.5222240066636529
17,rf,2024-10-30,0,1,0.5014846101711385
17,rf,2024-10-31,1,0,0.48357746998697176
17,rf,2024-11-01,0,1,0.5066910405118873
17,rf,2024-11-04,1,1,0.5941149326950125
17,rf,2024-11-05,1,0,0.4457951816437943
17,rf,2024-11-06,1,1,0.5248616077286716
17,rf,2024-11-07,1,1,0.5224337552525732
17,rf,2024-11-08,1,0,0.4840428217551992
17,rf,2024-11-11,0,1,0.5337751487720088
17,rf,2024-11-12,1,1,0.5019992227360796
17,rf,2024-11-13,0,1,0.533847026601461
17,rf,2024-11-14,0,0,0.49737633338216986
17,rf,2024-11-15,1,1,0.5269894155457976
17,rf,2024-11-18,1,1,0.5174830770443867
17,rf,2024-11-19,1,1,0.5389780959658934
17,rf,2024-11-20,1,0,0.48026429342746685
17,rf,2024-11-21,1,0,0.45888054191983446
17,rf,2024-11-22,1,0,0.47984427758924
17,rf,2024-11-25,1,0,0.48347018850032364
17,rf,2024-11-26,0,0,0.4737222984737127
17,rf,2024-11-27,1,0,0.4879469860198046
17,rf,2024-11-29,1,0,0.47038574096984975
17,rf,2024-12-02,1,0,0.49649888157755195
17,rf,2024-12-03,1,1,0.5707437252940163
17,rf,2024-12-04,0,1,0.5137933298383975
17,rf,2024-12-05,1,1,0.5703495048715704
17,rf,2024-12-06,0,1,0.5182063541457375
17,rf,2024-12-09,0,1,0.5434030430292003
17,rf,2024-12-10,1,1,0.565682602922841
17,rf,2024-12-11,0,1,0.5798373279305291
17,rf,2024-12-12,0,1,0.6069174988174947
17,rf,2024-12-13,1,1,0.5447415314307051
17,rf,2024-12-16,0,1,0.5280769166272017
17,rf,2024-12-17,0,1,0.5424890073024458
17,rf,2024-12-18,0,0,0.45501344314381553
17,rf,2024-12-19,1,0,0.4743280967738626
17,rf,2024-12-20,1,1,0.5554692266237881
17,rf,2024-12-23,1,0,0.49667694806898177
17,rf,2024-12-24,1,0,0.49260248079164265
17,rf,2024-12-26,0,1,0.5613054420417224
17,rf,2024-12-27,0,0,0.4028094443583197
17,rf,2024-12-30,0,1,0.5126076923553058
17,rf,2024-12-31,0,0,0.4622300737198968
17,rf,2025-01-02,1,1,0.5648376490109592
17,rf,2025-01-03,1,0,0.4805081765071293
17,rf,2025-01-06,0,0,0.46829507569181195
17,rf,2025-01-07,1,1,0.5278119314120159
17,rf,2025-01-08,0,0,0.45512082385318325
17,rf,2025-01-10,1,0,0.43855576162760185
17,rf,2025-01-13,1,1,0.531629413880953
17,rf,2025-01-14,1,0,0.4422231933142535
17,rf,2025-01-15,0,0,0.4783314677456561
17,rf,2025-01-16,1,0,0.4896323432771731
17,rf,2025-01-17,1,1,0.5598762443397602
17,rf,2025-01-21,1,1,0.5611652104017996
17,rf,2025-01-22,1,1,0.5278108150692612
17,rf,2025-01-23,0,1,0.506200412362599
17,rf,2025-01-24,0,1,0.5170276880404336
17,rf,2025-01-27,1,0,0.4765430526789881
17,rf,2025-01-28,0,1,0.5580891251801442
17,rf,2025-01-29,1,1,0.5528702634971586
17,rf,2025-01-30,0,1,0.5846093955291746
17,rf,2025-01-31,0,0,0.46646487321116864
17,rf,2025-02-03,1,1,0.5430788157971999
17,rf,2025-02-04,1,1,0.5089631588206437
17,rf,2025-02-05,1,1,0.5448912090225199
17,rf,2025-02-06,0,1,0.5641468650587343
17,rf,2025-02-07,1,0,0.4322978403761466
17,rf,2025-02-10,1,1,0.5329540890413634
17,rf,2025-02-11,0,1,0.5713486808660783
17,rf,2025-02-12,1,1,0.5739645694508884
17,rf,2025-02-13,0,1,0.5523655185380985
17,rf,2025-02-14,1,1,0.6266690296599916
17,rf,2025-02-18,1,1,0.6352257979347439
17,rf,2025-02-19,0,1,0.5841938422424614
17,rf,2025-02-20,0,1,0.5404420981997383
17,rf,2025-02-21,0,1,0.5404299344337028
17,rf,2025-02-24,0,1,0.5117485422987186
17,rf,2025-02-25,1,1,0.5293601919420959
17,rf,2025-02-26,0,0,0.4570732681560411
17,rf,2025-02-27,1,0,0.43122644555078105
17,rf,2025-02-28,0,0,0.49731850858268767
17,rf,2025-03-03,0,0,0.48298237739086547
17,rf,2025-03-04,1,1,0.508722802991484
17,rf,2025-03-05,0,0,0.38969958318996767
17,rf,2025-03-06,1,0,0.44929794011187285
17,rf,2025-03-07,0,0,0.42608188196867
17,rf,2025-03-10,0,0,0.37741766875616084
17,rf,2025-03-11,1,0,0.47766440303526037
17,rf,2025-03-12,0,0,0.43759867437436467
17,rf,2025-03-13,1,1,0.5443661954657366
17,rf,2025-03-14,1,0,0.4278710666334582
17,rf,2025-03-17,0,0,0.48623086057882176
17,rf,2025-03-18,1,1,0.5259012245402515
17,rf,2025-03-19,0,0,0.4157434061374023
17,rf,2025-03-20,1,0,0.45281728990256936
17,rf,2025-03-21,1,0,0.4305533478743243
17,rf,2025-03-24,1,0,0.4709129033613784
17,rf,2025-03-25,0,1,0.5558995109576653
17,rf,2025-03-26,0,0,0.4815845456862715
17,rf,2025-03-27,0,0,0.4527860579391765
17,rf,2025-03-28,1,0,0.40172862057527264
17,rf,2025-03-31,1,0,0.4947853153727331
17,rf,2025-04-01,1,0,0.4058812074735767
17,rf,2025-04-02,0,0,0.48752256876648287
17,rf,2025-04-03,0,0,0.4274588672282519
17,rf,2025-04-04,0,1,0.5285490199312676
17,rf,2025-04-07,0,0,0.47539275492796235
17,rf,2025-04-08,1,1,0.547627883854226
17,xgb,2024-10-07,1,1,0.5568445920944214
17,xgb,2024-10-08,1,1,0.7003457546234131
17,xgb,2024-10-09,0,1,0.6858349442481995
17,xgb,2024-10-10,1,1,0.6106167435646057
17,xgb,2024-10-11,1,0,0.41679251194000244
17,xgb,2024-10-14,0,1,0.5751257538795471
17,xgb,2024-10-15,1,1,0.6801870465278625
17,xgb,2024-10-16,1,1,0.7892250418663025
17,xgb,2024-10-17,1,1,0.8843203783035278
17,xgb,2024-10-18,0,1,0.7840371131896973
17,xgb,2024-10-21,0,1,0.6018609404563904
17,xgb,2024-10-22,0,1,0.7661861181259155
17,xgb,2024-10-23,1,1,0.6780685782432556
17,xgb,2024-10-24,0,1,0.5877554416656494
17,xgb,2024-10-25,1,1,0.5334063768386841
17,xgb,2024-10-28,1,1,0.5052953362464905
17,xgb,2024-10-29,0,0,0.4495326280593872
17,xgb,2024-10-30,0,1,0.5322911143302917
17,xgb,2024-10-31,1,0,0.3123268485069275
17,xgb,2024-11-01,0,0,0.43376755714416504
17,xgb,2024-11-04,1,1,0.6893966794013977
17,xgb,2024-11-05,1,0,0.2876383364200592
17,xgb,2024-11-06,1,1,0.6200560331344604
17,xgb,2024-11-07,1,0,0.4849463701248169
17,xgb,2024-11-08,1,0,0.25942936539649963
17,xgb,2024-11-11,0,0,0.36228078603744507
17,xgb,2024-11-12,1,1,0.5676565170288086
17,xgb,2024-11-13,0,1,0.6308865547180176
17,xgb,2024-11-14,0,0,0.3622004985809326
17,xgb,2024-11-15,1,1,0.6547629237174988
17,xgb,2024-11-18,1,0,0.38841989636421204
17,xgb,2024-11-19,1,0,0.47010189294815063
17,xgb,2024-11-20,1,0,0.3701556622982025
17,xgb,2024-11-21,1,0,0.23376139998435974
17,xgb,2024-11-22,1,0,0.3012496531009674
17,xgb,2024-11-25,1,0,0.3648500144481659
17,xgb,2024-11-26,0,0,0.4463813304901123
17,xgb,2024-11-27,1,0,0.3976762294769287
17,xgb,2024-11-29,1,0,0.43123191595077515
17,xgb,2024-12-02,1,1,0.5797573924064636
17,xgb,2024-12-03,1,1,0.5859662294387817
17,xgb,2024-12-04,0,1,0.6082186102867126
17,xgb,2024-12-05,1,1,0.719410240650177
17,xgb,2024-12-06,0,0,0.36662304401397705
17,xgb,2024-12-09,0,1,0.6639373898506165
17,xgb,2024-12-10,1,1,0.6398152112960815
17,xgb,2024-12-11,0,1,0.5077798366546631
17,xgb,2024-12-12,0,1,0.5986535549163818
17,xgb,2024-12-13,1,0,0.4712834656238556
17,xgb,2024-12-16,0,0,0.35634294152259827
17,xgb,2024-12-17,0,0,0.4336646497249603
17,xgb,2024-12-18,0,0,0.3810908794403076
17,xgb,2024-12-19,1,0,0.16142436861991882
17,xgb,2024-12-20,1,0,0.49362361431121826
17,xgb,2024-12-23,1,1,0.7193406224250793
17,xgb,2024-12-24,1,1,0.6176745295524597
17,xgb,2024-12-26,0,1,0.7870401740074158
17,xgb,2024-12-27,0,0,0.2513348460197449
17,xgb,2024-12-30,0,1,0.5212209224700928
17,xgb,2024-12-31,0,0,0.40953153371810913
17,xgb,2025-01-02,1,1,0.5468247532844543
17,xgb,2025-01-03,1,0,0.40423598885536194
17,xgb,2025-01-06,0,0,0.4850670397281647
17,xgb,2025-01-07,1,1,0.500456690788269
17,xgb,2025-01-08,0,0,0.3833511471748352
17,xgb,2025-01-10,1,0,0.3369112014770508
17,xgb,2025-01-13,1,1,0.7401992678642273
17,xgb,2025-01-14,1,0,0.2246686816215515
17,xgb,2025-01-15,0,0,0.43942853808403015
17,xgb,2025-01-16,1,0,0.4837666153907776
17,xgb,2025-01-17,1,1,0.6348729729652405
17,xgb,2025-01-21,1,0,0.4830351173877716
17,xgb,2025-01-22,1,0,0.2782389223575592
17,xgb,2025-01-23,0,0,0.3068729043006897
17,xgb,2025-01-24,0,0,0.3798891007900238
17,xgb,2025-01-27,1,0,0.2928844690322876
17,xgb,2025-01-28,0,1,0.6143572330474854
17,xgb,2025-01-29,1,1,0.6347216963768005
17,xgb,2025-01-30,0,1,0.5522458553314209
17,xgb,2025-01-31,0,0,0.2779380977153778
17,xgb,2025-02-03,1,1,0.7263044118881226
17,xgb,2025-02-04,1,0,0.3722587525844574
17,xgb,2025-02-05,1,1,0.6415531039237976
17,xgb,2025-02-06,0,0,0.43658140301704407
17,xgb,2025-02-07,1,0,0.4037344455718994
17,xgb,2025-02-10,1,0,0.46478551626205444
17,xgb,2025-02-11,0,1,0.9517389535903931
17,xgb,2025-02-12,1,1,0.9115070700645447
17,xgb,2025-02-13,0,1,0.8495653867721558
17,xgb,2025-02-14,1,1,0.9606829881668091
17,xgb,2025-02-18,1,1,0.9014874696731567
17,xgb,2025-02-19,0,1,0.845647394657135
17,xgb,2025-02-20,0,1,0.6170496940612793
17,xgb,2025-02-21,0,1,0.8418117761611938
17,xgb,2025-02-24,0,1,0.9433088898658752
17,xgb,2025-02-25,1,1,0.7733474373817444
17,xgb,2025-02-26,0,0,0.4003499746322632
17,xgb,2025-02-27,1,0,0.14650411903858185
17,xgb,2025-02-28,0,1,0.5515596866607666
17,xgb,2025-03-03,0,0,0.4076956808567047
17,xgb,2025-03-04,1,1,0.5214564204216003
17,xgb,2025-03-05,0,0,0.30055317282676697
17,xgb,2025-03-06,1,0,0.3578175902366638
17,xgb,2025-03-07,0,0,0.38154932856559753
17,xgb,2025-03-10,0,0,0.16722933948040009
17,xgb,2025-03-11,1,1,0.5655739307403564
17,xgb,2025-03-12,0,0,0.23758754134178162
17,xgb,2025-03-13,1,0,0.4688858687877655
17,xgb,2025-03-14,1,0,0.3219248056411743
17,xgb,2025-03-17,0,1,0.6308960318565369
17,xgb,2025-03-18,1,1,0.707594633102417
17,xgb,2025-03-19,0,0,0.3880641758441925
17,xgb,2025-03-20,1,0,0.48026442527770996
17,xgb,2025-03-21,1,1,0.5516117215156555
17,xgb,2025-03-24,1,0,0.40830180048942566
17,xgb,2025-03-25,0,0,0.4028175473213196
17,xgb,2025-03-26,0,0,0.4199291169643402
17,xgb,2025-03-27,0,0,0.39016056060791016
17,xgb,2025-03-28,1,0,0.25658032298088074
17,xgb,2025-03-31,1,1,0.6095719933509827
17,xgb,2025-04-01,1,0,0.38994261622428894
17,xgb,2025-04-02,0,1,0.5184745192527771
17,xgb,2025-04-03,0,0,0.48759859800338745
17,xgb,2025-04-04,0,1,0.8161851167678833
17,xgb,2025-04-07,0,0,0.37763094902038574
17,xgb,2025-04-08,1,1,0.5494250059127808
18,majority,2025-04-17,0,1,0.5434782608695652
18,majority,2025-04-21,1,1,0.5434782608695652
18,majority,2025-04-22,1,1,0.5434782608695652
18,majority,2025-04-23,1,1,0.5434782608695652
18,majority,2025-04-24,1,1,0.5434782608695652
18,majority,2025-04-25,1,1,0.5434782608695652
18,majority,2025-04-28,1,1,0.5434782608695652
18,majority,2025-04-29,1,1,0.5434782608695652
18,majority,2025-04-30,1,1,0.5434782608695652
18,majority,2025-05-01,1,1,0.5434782608695652
18,majority,2025-05-02,0,1,0.5434782608695652
18,majority,2025-05-05,0,1,0.5434782608695652
18,majority,2025-05-06,1,1,0.5434782608695652
18,majority,2025-05-07,1,1,0.5434782608695652
18,majority,2025-05-08,0,1,0.5434782608695652
18,majority,2025-05-09,1,1,0.5434782608695652
18,majority,2025-05-12,1,1,0.5434782608695652
18,majority,2025-05-13,1,1,0.5434782608695652
18,majority,2025-05-14,1,1,0.5434782608695652
18,majority,2025-05-15,1,1,0.5434782608695652
18,majority,2025-05-16,1,1,0.5434782608695652
18,majority,2025-05-19,0,1,0.5434782608695652
18,majority,2025-05-20,0,1,0.5434782608695652
18,majority,2025-05-21,1,1,0.5434782608695652
18,majority,2025-05-22,0,1,0.5434782608695652
18,majority,2025-05-23,1,1,0.5434782608695652
18,majority,2025-05-27,0,1,0.5434782608695652
18,majority,2025-05-28,1,1,0.5434782608695652
18,majority,2025-05-29,0,1,0.5434782608695652
18,majority,2025-05-30,1,1,0.5434782608695652
18,majority,2025-06-02,1,1,0.5434782608695652
18,majority,2025-06-03,0,1,0.5434782608695652
18,majority,2025-06-04,0,1,0.5434782608695652
18,majority,2025-06-05,1,1,0.5434782608695652
18,majority,2025-06-06,1,1,0.5434782608695652
18,majority,2025-06-09,1,1,0.5434782608695652
18,majority,2025-06-10,0,1,0.5434782608695652
18,majority,2025-06-11,1,1,0.5434782608695652
18,majority,2025-06-12,0,1,0.5434782608695652
18,majority,2025-06-13,1,1,0.5434782608695652
18,majority,2025-06-16,0,1,0.5434782608695652
18,majority,2025-06-17,0,1,0.5434782608695652
18,majority,2025-06-18,0,1,0.5434782608695652
18,majority,2025-06-20,1,1,0.5434782608695652
18,majority,2025-06-23,1,1,0.5434782608695652
18,majority,2025-06-24,1,1,0.5434782608695652
18,majority,2025-06-25,1,1,0.5434782608695652
18,majority,2025-06-26,1,1,0.5434782608695652
18,majority,2025-06-27,1,1,0.5434782608695652
18,majority,2025-06-30,0,1,0.5434782608695652
18,majority,2025-07-01,1,1,0.5434782608695652
18,majority,2025-07-02,1,1,0.5434782608695652
18,majority,2025-07-03,0,1,0.5434782608695652
18,majority,2025-07-07,0,1,0.5434782608695652
18,majority,2025-07-08,1,1,0.5434782608695652
18,majority,2025-07-09,1,1,0.5434782608695652
18,majority,2025-07-10,0,1,0.5434782608695652
18,majority,2025-07-11,1,1,0.5434782608695652
18,majority,2025-07-14,0,1,0.5434782608695652
18,majority,2025-07-15,1,1,0.5434782608695652
18,majority,2025-07-16,1,1,0.5434782608695652
18,majority,2025-07-17,0,1,0.5434782608695652
18,majority,2025-07-18,1,1,0.5434782608695652
18,majority,2025-07-21,1,1,0.5434782608695652
18,majority,2025-07-22,1,1,0.5434782608695652
18,majority,2025-07-23,1,1,0.5434782608695652
18,majority,2025-07-24,1,1,0.5434782608695652
18,majority,2025-07-25,0,1,0.5434782608695652
18,majority,2025-07-28,0,1,0.5434782608695652
18,majority,2025-07-29,0,1,0.5434782608695652
18,majority,2025-07-30,0,1,0.5434782608695652
18,majority,2025-07-31,0,1,0.5434782608695652
18,majority,2025-08-01,1,1,0.5434782608695652
18,majority,2025-08-04,0,1,0.5434782608695652
18,majority,2025-08-05,1,1,0.5434782608695652
18,majority,2025-08-06,0,1,0.5434782608695652
18,majority,2025-08-07,1,1,0.5434782608695652
18,majority,2025-08-08,0,1,0.5434782608695652
18,majority,2025-08-11,1,1,0.5434782608695652
18,majority,2025-08-12,1,1,0.5434782608695652
18,majority,2025-08-13,1,1,0.5434782608695652
18,majority,2025-08-14,0,1,0.5434782608695652
18,majority,2025-08-15,0,1,0.5434782608695652
18,majority,2025-08-18,0,1,0.5434782608695652
18,majority,2025-08-19,0,1,0.5434782608695652
18,majority,2025-08-20,0,1,0.5434782608695652
18,majority,2025-08-21,1,1,0.5434782608695652
18,majority,2025-08-22,0,1,0.5434782608695652
18,majority,2025-08-25,1,1,0.5434782608695652
18,majority,2025-08-26,1,1,0.5434782608695652
18,majority,2025-08-27,1,1,0.5434782608695652
18,majority,2025-08-28,0,1,0.5434782608695652
18,majority,2025-08-29,0,1,0.5434782608695652
18,majority,2025-09-02,1,1,0.5434782608695652
18,majority,2025-09-03,1,1,0.5434782608695652
18,majority,2025-09-04,0,1,0.5434782608695652
18,majority,2025-09-05,1,1,0.5434782608695652
18,majority,2025-09-08,1,1,0.5434782608695652
18,majority,2025-09-09,1,1,0.5434782608695652
18,majority,2025-09-10,1,1,0.5434782608695652
18,majority,2025-09-11,0,1,0.5434782608695652
18,majority,2025-09-12,1,1,0.5434782608695652
18,majority,2025-09-15,0,1,0.5434782608695652
18,majority,2025-09-16,0,1,0.5434782608695652
18,majority,2025-09-17,1,1,0.5434782608695652
18,majority,2025-09-18,1,1,0.5434782608695652
18,majority,2025-09-19,1,1,0.5434782608695652
18,majority,2025-09-22,0,1,0.5434782608695652
18,majority,2025-09-23,0,1,0.5434782608695652
18,majority,2025-09-24,0,1,0.5434782608695652
18,majority,2025-09-25,1,1,0.5434782608695652
18,majority,2025-09-26,1,1,0.5434782608695652
18,majority,2025-09-29,1,1,0.5434782608695652
18,majority,2025-09-30,1,1,0.5434782608695652
18,majority,2025-10-01,1,1,0.5434782608695652
18,majority,2025-10-02,0,1,0.5434782608695652
18,majority,2025-10-03,1,1,0.5434782608695652
18,majority,2025-10-06,0,1,0.5434782608695652
18,majority,2025-10-07,1,1,0.5434782608695652
18,majority,2025-10-08,0,1,0.5434782608695652
18,majority,2025-10-09,0,1,0.5434782608695652
18,majority,2025-10-10,1,1,0.5434782608695652
18,majority,2025-10-13,0,1,0.5434782608695652
18,majority,2025-10-14,1,1,0.5434782608695652
18,majority,2025-10-15,0,1,0.5434782608695652
18,majority,2025-10-16,1,1,0.5434782608695652
18,naive,2025-04-17,0,1,0.5
18,naive,2025-04-21,1,0,0.5
18,naive,2025-04-22,1,1,0.5
18,naive,2025-04-23,1,1,0.5
18,naive,2025-04-24,1,1,0.5
18,naive,2025-04-25,1,1,0.5
18,naive,2025-04-28,1,1,0.5
18,naive,2025-04-29,1,1,0.5
18,naive,2025-04-30,1,1,0.5
18,naive,2025-05-01,1,1,0.5
18,naive,2025-05-02,0,1,0.5
18,naive,2025-05-05,0,0,0.5
18,naive,2025-05-06,1,0,0.5
18,naive,2025-05-07,1,1,0.5
18,naive,2025-05-08,0,1,0.5
18,naive,2025-05-09,1,0,0.5
18,naive,2025-05-12,1,1,0.5
18,naive,2025-05-13,1,1,0.5
18,naive,2025-05-14,1,1,0.5
18,naive,2025-05-15,1,1,0.5
18,naive,2025-05-16,1,1,0.5
18,naive,2025-05-19,0,1,0.5
18,naive,2025-05-20,0,0,0.5
18,naive,2025-05-21,1,0,0.5
18,naive,2025-05-22,0,1,0.5
18,naive,2025-05-23,1,0,0.5
18,naive,2025-05-27,0,1,0.5
18,naive,2025-05-28,1,0,0.5
18,naive,2025-05-29,0,1,0.5
18,naive,2025-05-30,1,0,0.5
18,naive,2025-06-02,1,1,0.5
18,naive,2025-06-03,0,1,0.5
18,naive,2025-06-04,0,0,0.5
18,naive,2025-06-05,1,0,0.5
18,naive,2025-06-06,1,1,0.5
18,naive,2025-06-09,1,1,0.5
18,naive,2025-06-10,0,1,0.5
18,naive,2025-06-11,1,0,0.5
18,naive,2025-06-12,0,1,0.5
18,naive,2025-06-13,1,0,0.5
18,naive,2025-06-16,0,1,0.5
18,naive,2025-06-17,0,0,0.5
18,naive,2025-06-18,0,0,0.5
18,naive,2025-06-20,1,0,0.5
18,naive,2025-06-23,1,1,0.5
18,naive,2025-06-24,1,1,0.5
18,naive,2025-06-25,1,1,0.5
18,naive,2025-06-26,1,1,0.5
18,naive,2025-06-27,1,1,0.5
18,naive,2025-06-30,0,1,0.5
18,naive,2025-07-01,1,0,0.5
18,naive,2025-07-02,1,1,0.5
18,naive,2025-07-03,0,1,0.5
18,naive,2025-07-07,0,0,0.5
18,naive,2025-07-08,1,0,0.5
18,naive,2025-07-09,1,1,0.5
18,naive,2025-07-10,0,1,0.5
18,naive,2025-07-11,1,0,0.5
18,naive,2025-07-14,0,1,0.5
18,naive,2025-07-15,1,0,0.5
18,naive,2025-07-16,1,1,0.5
18,naive,2025-07-17,0,1,0.5
18,naive,2025-07-18,1,0,0.5
18,naive,2025-07-21,1,1,0.5
18,naive,2025-07-22,1,1,0.5
18,naive,2025-07-23,1,1,0.5
18,naive,2025-07-24,1,1,0.5
18,naive,2025-07-25,0,1,0.5
18,naive,2025-07-28,0,0,0.5
18,naive,2025-07-29,0,0,0.5
18,naive,2025-07-30,0,0,0.5
18,naive,2025-07-31,0,0,0.5
18,naive,2025-08-01,1,0,0.5
18,naive,2025-08-04,0,1,0.5
18,naive,2025-08-05,1,0,0.5
18,naive,2025-08-06,0,1,0.5
18,naive,2025-08-07,1,0,0.5
18,naive,2025-08-08,0,1,0.5
18,naive,2025-08-11,1,0,0.5
18,naive,2025-08-12,1,1,0.5
18,naive,2025-08-13,1,1,0.5
18,naive,2025-08-14,0,1,0.5
18,naive,2025-08-15,0,0,0.5
18,naive,2025-08-18,0,0,0.5
18,naive,2025-08-19,0,0,0.5
18,naive,2025-08-20,0,0,0.5
18,naive,2025-08-21,1,0,0.5
18,naive,2025-08-22,0,1,0.5
18,naive,2025-08-25,1,0,0.5
18,naive,2025-08-26,1,1,0.5
18,naive,2025-08-27,1,1,0.5
18,naive,2025-08-28,0,1,0.5
18,naive,2025-08-29,0,0,0.5
18,naive,2025-09-02,1,0,0.5
18,naive,2025-09-03,1,1,0.5
18,naive,2025-09-04,0,1,0.5
18,naive,2025-09-05,1,0,0.5
18,naive,2025-09-08,1,1,0.5
18,naive,2025-09-09,1,1,0.5
18,naive,2025-09-10,1,1,0.5
18,naive,2025-09-11,0,1,0.5
18,naive,2025-09-12,1,0,0.5
18,naive,2025-09-15,0,1,0.5
18,naive,2025-09-16,0,0,0.5
18,naive,2025-09-17,1,0,0.5
18,naive,2025-09-18,1,1,0.5
18,naive,2025-09-19,1,1,0.5
18,naive,2025-09-22,0,1,0.5
18,naive,2025-09-23,0,0,0.5
18,naive,2025-09-24,0,0,0.5
18,naive,2025-09-25,1,0,0.5
18,naive,2025-09-26,1,1,0.5
18,naive,2025-09-29,1,1,0.5
18,naive,2025-09-30,1,1,0.5
18,naive,2025-10-01,1,1,0.5
18,naive,2025-10-02,0,1,0.5
18,naive,2025-10-03,1,0,0.5
18,naive,2025-10-06,0,1,0.5
18,naive,2025-10-07,1,0,0.5
18,naive,2025-10-08,0,1,0.5
18,naive,2025-10-09,0,0,0.5
18,naive,2025-10-10,1,0,0.5
18,naive,2025-10-13,0,1,0.5
18,naive,2025-10-14,1,0,0.5
18,naive,2025-10-15,0,1,0.5
18,naive,2025-10-16,1,0,0.5
18,logistic,2025-04-17,0,0,0.3791965608586988
18,logistic,2025-04-21,1,0,0.3387204484322415
18,logistic,2025-04-22,1,0,0.3822769538860055
18,logistic,2025-04-23,1,0,0.3322872147971947
18,logistic,2025-04-24,1,0,0.3717787135973053
18,logistic,2025-04-25,1,0,0.3346102853969302
18,logistic,2025-04-28,1,0,0.36097430169159705
18,logistic,2025-04-29,1,0,0.37531832771388823
18,logistic,2025-04-30,1,0,0.3899930059750071
18,logistic,2025-05-01,1,0,0.4270205907533547
18,logistic,2025-05-02,0,0,0.40509589832978815
18,logistic,2025-05-05,0,0,0.43498723568876824
18,logistic,2025-05-06,1,0,0.487267827042946
18,logistic,2025-05-07,1,0,0.4758600554691346
18,logistic,2025-05-08,0,0,0.41955323207877876
18,logistic,2025-05-09,1,0,0.46338642879144887
18,logistic,2025-05-12,1,0,0.39456151050572025
18,logistic,2025-05-13,1,0,0.33314623614629185
18,logistic,2025-05-14,1,0,0.3839561843768791
18,logistic,2025-05-15,1,0,0.34733536577646906
18,logistic,2025-05-16,1,0,0.35062331931726365
18,logistic,2025-05-19,0,0,0.39896019826940465
18,logistic,2025-05-20,0,0,0.46677241189813073
18,logistic,2025-05-21,1,0,0.4232768300854799
18,logistic,2025-05-22,0,0,0.3870217503788431
18,logistic,2025-05-23,1,0,0.33473299398280304
18,logistic,2025-05-27,0,0,0.340991142029683
18,logistic,2025-05-28,1,0,0.30508173640033565
18,logistic,2025-05-29,0,0,0.3232337543488713
18,logistic,2025-05-30,1,0,0.23207920602117454
18,logistic,2025-06-02,1,0,0.24839593703083682
18,logistic,2025-06-03,0,0,0.2638608115435669
18,logistic,2025-06-04,0,0,0.3157903220907185
18,logistic,2025-06-05,1,0,0.30831839976861464
18,logistic,2025-06-06,1,0,0.3222593022978826
18,logistic,2025-06-09,1,0,0.3391894845730472
18,logistic,2025-06-10,0,0,0.37419457926803157
18,logistic,2025-06-11,1,0,0.3570459591522035
18,logistic,2025-06-12,0,0,0.3619983554873551
18,logistic,2025-06-13,1,0,0.3338297986945292
18,logistic,2025-06-16,0,0,0.3654777590294154
18,logistic,2025-06-17,0,0,0.3190768618366601
18,logistic,2025-06-18,0,0,0.3516053089177214
18,logistic,2025-06-20,1,0,0.29294977558064106
18,logistic,2025-06-23,1,0,0.3039936179960332
18,logistic,2025-06-24,1,0,0.3121588632018422
18,logistic,2025-06-25,1,0,0.3479854695066586
18,logistic,2025-06-26,1,0,0.3458593500863093
18,logistic,2025-06-27,1,0,0.33157336166118817
18,logistic,2025-06-30,0,0,0.3768253840943878
18,logistic,2025-07-01,1,0,0.4242893379219881
18,logistic,2025-07-02,1,0,0.44164097974049743
18,logistic,2025-07-03,0,0,0.41494876753171656
18,logistic,2025-07-07,0,0,0.4260857839055688
18,logistic,2025-07-08,1,0,0.434903875353632
18,logistic,2025-07-09,1,0,0.4020656434490255
18,logistic,2025-07-10,0,0,0.4107149124502977
18,logistic,2025-07-11,1,0,0.4195773798428916
18,logistic,2025-07-14,0,0,0.39787927121148436
18,logistic,2025-07-15,1,0,0.35120471611375254
18,logistic,2025-07-16,1,0,0.3442523725065767
18,logistic,2025-07-17,0,0,0.3499188498267384
18,logistic,2025-07-18,1,0,0.3515436226157543
18,logistic,2025-07-21,1,0,0.34245153774948256
18,logistic,2025-07-22,1,0,0.34001701273920965
18,logistic,2025-07-23,1,0,0.36172144774900145
18,logistic,2025-07-24,1,0,0.3686069349118654
18,logistic,2025-07-25,0,0,0.41063659253730933
18,logistic,2025-07-28,0,0,0.40693961281557883
18,logistic,2025-07-29,0,0,0.4115445398265281
18,logistic,2025-07-30,0,0,0.4020952523679995
18,logistic,2025-07-31,0,0,0.3930712649039742
18,logistic,2025-08-01,1,0,0.3215970603230485
18,logistic,2025-08-04,0,0,0.3346623167454202
18,logistic,2025-08-05,1,0,0.28827664851422435
18,logistic,2025-08-06,0,0,0.34919979683827646
18,logistic,2025-08-07,1,0,0.30724450848347956
18,logistic,2025-08-08,0,0,0.34279724478137213
18,logistic,2025-08-11,1,0,0.34470669664377446
18,logistic,2025-08-12,1,0,0.39290517948058745
18,logistic,2025-08-13,1,0,0.3976916441398801
18,logistic,2025-08-14,0,0,0.45459017835824705
18,logistic,2025-08-15,0,0,0.46478706645556717
18,logistic,2025-08-18,0,0,0.4713082068872663
18,logistic,2025-08-19,0,0,0.46650726815940985
18,logistic,2025-08-20,0,0,0.4605197249108502
18,logistic,2025-08-21,1,0,0.40648900828064605
18,logistic,2025-08-22,0,0,0.4304885820989467
18,logistic,2025-08-25,1,0,0.4119273522789309
18,logistic,2025-08-26,1,0,0.4423519377819123
18,logistic,2025-08-27,1,0,0.4019472797670792
18,logistic,2025-08-28,0,0,0.40472767307637314
18,logistic,2025-08-29,0,0,0.3909574034214354
18,logistic,2025-09-02,1,0,0.3529097746065046
18,logistic,2025-09-03,1,0,0.3489847778583522
18,logistic,2025-09-04,0,0,0.39905424993260763
18,logistic,2025-09-05,1,0,0.3818075419855622
18,logistic,2025-09-08,1,0,0.3987995779693468
18,logistic,2025-09-09,1,0,0.3769585145196587
18,logistic,2025-09-10,1,0,0.39490757602938104
18,logistic,2025-09-11,0,0,0.4173840174834892
18,logistic,2025-09-12,1,0,0.44836864114432506
18,logistic,2025-09-15,0,0,0.45413422457740005
18,logistic,2025-09-16,0,0,0.4552116955779467
18,logistic,2025-09-17,1,0,0.4541921507866441
18,logistic,2025-09-18,1,0,0.44376013749707455
18,logistic,2025-09-19,1,0,0.4578176120365803
18,logistic,2025-09-22,0,0,0.4621360945297143
18,logistic,2025-09-23,0,0,0.45580580950989175
18,logistic,2025-09-24,0,0,0.43917335700945864
18,logistic,2025-09-25,1,0,0.38009186452088844
18,logistic,2025-09-26,1,0,0.39566531565196283
18,logistic,2025-09-29,1,0,0.3975065802352859
18,logistic,2025-09-30,1,0,0.425175979128361
18,logistic,2025-10-01,1,0,0.39964142465769587
18,logistic,2025-10-02,0,0,0.3973255503294776
18,logistic,2025-10-03,1,0,0.3938832855439248
18,logistic,2025-10-06,0,0,0.42438476195690916
18,logistic,2025-10-07,1,0,0.43077116710036156
18,logistic,2025-10-08,0,0,0.4619956682385375
18,logistic,2025-10-09,0,0,0.440913726716689
18,logistic,2025-10-10,1,0,0.3209395784493074
18,logistic,2025-10-13,0,0,0.33691300985556044
18,logistic,2025-10-14,1,0,0.2717979217413491
18,logistic,2025-10-15,0,0,0.335362942909717
18,logistic,2025-10-16,1,0,0.27505231673588126
18,rf,2025-04-17,0,0,0.4532992286876382
18,rf,2025-04-21,1,0,0.4953254388086357
18,rf,2025-04-22,1,0,0.4785986167645115
18,rf,2025-04-23,1,0,0.43267905675555035
18,rf,2025-04-24,1,0,0.36861001661463644
18,rf,2025-04-25,1,0,0.32289964430548046
18,rf,2025-04-28,1,0,0.3544388978962245
18,rf,2025-04-29,1,0,0.34289749395849783
18,rf,2025-04-30,1,0,0.32668902290583157
18,rf,2025-05-01,1,0,0.3896779177214194
18,rf,2025-05-02,0,0,0.327192911068732
18,rf,2025-05-05,0,0,0.3587063930351354
18,rf,2025-05-06,1,0,0.49948699685344666
18,rf,2025-05-07,1,0,0.4565342091055624
18,rf,2025-05-08,0,0,0.4504962517631526
18,rf,2025-05-09,1,0,0.44372870554148314
18,rf,2025-05-12,1,0,0.3389882351496932
18,rf,2025-05-13,1,0,0.3908367205210668
18,rf,2025-05-14,1,0,0.3985022227412155
18,rf,2025-05-15,1,0,0.3444506012724009
18,rf,2025-05-16,1,0,0.3912277487470163
18,rf,2025-05-19,0,0,0.4495932795766755
18,rf,2025-05-20,0,0,0.4069220288625
18,rf,2025-05-21,1,0,0.4710600888736737
18,rf,2025-05-22,0,1,0.5082332816260292
18,rf,2025-05-23,1,1,0.5430784918068753
18,rf,2025-05-27,0,0,0.4277280460663306
18,rf,2025-05-28,1,0,0.4485448166479643
18,rf,2025-05-29,0,0,0.480072949770274
18,rf,2025-05-30,1,0,0.43575022836387217
18,rf,2025-06-02,1,0,0.4112493540916718
18,rf,2025-06-03,0,0,0.4805013720888939
18,rf,2025-06-04,0,0,0.46571195574888835
18,rf,2025-06-05,1,0,0.4588565686045968
18,rf,2025-06-06,1,0,0.4964040150836806
18,rf,2025-06-09,1,0,0.4946479601255699
18,rf,2025-06-10,0,0,0.4577623982984909
18,rf,2025-06-11,1,0,0.47718355077591107
18,rf,2025-06-12,0,0,0.4479001953331686
18,rf,2025-06-13,1,0,0.45916194708306485
18,rf,2025-06-16,0,1,0.5055895575082199
18,rf,2025-06-17,0,0,0.4659724761420832
18,rf,2025-06-18,0,1,0.5020356033903495
18,rf,2025-06-20,1,1,0.5105521257409911
18,rf,2025-06-23,1,1,0.5462495674346608
18,rf,2025-06-24,1,0,0.47645341542822706
18,rf,2025-06-25,1,0,0.4597212516729614
18,rf,2025-06-26,1,0,0.48024734719458934
18,rf,2025-06-27,1,0,0.48922745220500097
18,rf,2025-06-30,0,0,0.46955865127119273
18,rf,2025-07-01,1,1,0.5181633162202989
18,rf,2025-07-02,1,1,0.5090840853863812
18,rf,2025-07-03,0,1,0.5159117307771258
18,rf,2025-07-07,0,0,0.4792700917908014
18,rf,2025-07-08,1,0,0.464677737654729
18,rf,2025-07-09,1,1,0.5443876410680564
18,rf,2025-07-10,0,1,0.5012530431371499
18,rf,2025-07-11,1,0,0.474150320188187
18,rf,2025-07-14,0,0,0.46403882312690525
18,rf,2025-07-15,1,1,0.5985981172918975
18,rf,2025-07-16,1,1,0.5966002662238551
18,rf,2025-07-17,0,0,0.463802178738743
18,rf,2025-07-18,1,1,0.5015452545197298
18,rf,2025-07-21,1,1,0.525379009348819
18,rf,2025-07-22,1,1,0.6016908783456991
18,rf,2025-07-23,1,0,0.4788128367475628
18,rf,2025-07-24,1,0,0.49938101819108605
18,rf,2025-07-25,0,0,0.48711760437834156
18,rf,2025-07-28,0,1,0.5221105486018385
18,rf,2025-07-29,0,1,0.5586010247085003
18,rf,2025-07-30,0,1,0.5364459432142392
18,rf,2025-07-31,0,1,0.5970261099705713
18,rf,2025-08-01,1,1,0.5193717559843963
18,rf,2025-08-04,0,1,0.6168630204901363
18,rf,2025-08-05,1,1,0.5213211269228087
18,rf,2025-08-06,0,1,0.6179194120546252
18,rf,2025-08-07,1,1,0.5807294269244329
18,rf,2025-08-08,0,0,0.47045350772766686
18,rf,2025-08-11,1,1,0.5642686417404991
18,rf,2025-08-12,1,1,0.5842986265894552
18,rf,2025-08-13,1,1,0.5598803862727249
18,rf,2025-08-14,0,1,0.585327516052479
18,rf,2025-08-15,0,1,0.5510178172182743
18,rf,2025-08-18,0,1,0.5352176959720291
18,rf,2025-08-19,0,1,0.5686068151992907
18,rf,2025-08-20,0,1,0.54421223213686
18,rf,2025-08-21,1,1,0.501586186454589
18,rf,2025-08-22,0,1,0.5751112580195327
18,rf,2025-08-25,1,1,0.5345563383613985
18,rf,2025-08-26,1,1,0.5989610054676968
18,rf,2025-08-27,1,1,0.5616489940730398
18,rf,2025-08-28,0,0,0.45533814554713253
18,rf,2025-08-29,0,1,0.5663335874565705
18,rf,2025-09-02,1,0,0.47429249318602085
18,rf,2025-09-03,1,1,0.5452669208497962
18,rf,2025-09-04,0,1,0.585325108600741
18,rf,2025-09-05,1,1,0.5415402096832063
18,rf,2025-09-08,1,1,0.5634380029079956
18,rf,2025-09-09,1,1,0.5668502415736163
18,rf,2025-09-10,1,1,0.5753589726070394
18,rf,2025-09-11,0,1,0.592305671989062
18,rf,2025-09-12,1,1,0.6094361827021447
18,rf,2025-09-15,0,1,0.6205601520176576
18,rf,2025-09-16,0,1,0.626461172625137
18,rf,2025-09-17,1,1,0.605352209909524
18,rf,2025-09-18,1,1,0.593421540797252
18,rf,2025-09-19,1,1,0.6416209569113775
18,rf,2025-09-22,0,1,0.6000215143217528
18,rf,2025-09-23,0,1,0.5633524335678011
18,rf,2025-09-24,0,1,0.6242161293727493
18,rf,2025-09-25,1,1,0.5974215746457379
18,rf,2025-09-26,1,1,0.647126049356748
18,rf,2025-09-29,1,1,0.6008440401926509
18,rf,2025-09-30,1,1,0.6130680458755429
18,rf,2025-10-01,1,1,0.5703350466437422
18,rf,2025-10-02,0,1,0.5739516490820239
18,rf,2025-10-03,1,1,0.5705689431865842
18,rf,2025-10-06,0,1,0.5800818400097301
18,rf,2025-10-07,1,1,0.5844083707810264
18,rf,2025-10-08,0,1,0.6279247214899515
18,rf,2025-10-09,0,1,0.5771205258547484
18,rf,2025-10-10,1,1,0.5447855707507739
18,rf,2025-10-13,0,0,0.495315330903324
18,rf,2025-10-14,1,1,0.5185838396393785
18,rf,2025-10-15,0,1,0.5494331116719549
18,rf,2025-10-16,1,0,0.4977395798286286
18,xgb,2025-04-17,0,0,0.32659876346588135
18,xgb,2025-04-21,1,0,0.48760828375816345
18,xgb,2025-04-22,1,1,0.5889992117881775
18,xgb,2025-04-23,1,1,0.5233026742935181
18,xgb,2025-04-24,1,1,0.5052000284194946
18,xgb,2025-04-25,1,0,0.4489528238773346
18,xgb,2025-04-28,1,1,0.5532448291778564
18,xgb,2025-04-29,1,0,0.43859338760375977
18,xgb,2025-04-30,1,0,0.36437374353408813
18,xgb,2025-05-01,1,0,0.36439767479896545
18,xgb,2025-05-02,0,0,0.32633715867996216
18,xgb,2025-05-05,0,0,0.32996290922164917
18,xgb,2025-05-06,1,0,0.47708964347839355
18,xgb,2025-05-07,1,1,0.5357524752616882
18,xgb,2025-05-08,0,0,0.4332134425640106
18,xgb,2025-05-09,1,0,0.4457803964614868
18,xgb,2025-05-12,1,0,0.23977431654930115
18,xgb,2025-05-13,1,0,0.3465815782546997
18,xgb,2025-05-14,1,0,0.3076672852039337
18,xgb,2025-05-15,1,0,0.23693574965000153
18,xgb,2025-05-16,1,0,0.26026004552841187
18,xgb,2025-05-19,0,0,0.37258464097976685
18,xgb,2025-05-20,0,0,0.2570107877254486
18,xgb,2025-05-21,1,0,0.3406679034233093
18,xgb,2025-05-22,0,0,0.4015243947505951
18,xgb,2025-05-23,1,1,0.5097732543945312
18,xgb,2025-05-27,0,0,0.41196081042289734
18,xgb,2025-05-28,1,0,0.35704153776168823
18,xgb,2025-05-29,0,0,0.43125995993614197
18,xgb,2025-05-30,1,0,0.39620041847229004
18,xgb,2025-06-02,1,0,0.3464467227458954
18,xgb,2025-06-03,0,0,0.2992311716079712
18,xgb,2025-06-04,0,0,0.31275510787963867
18,xgb,2025-06-05,1,0,0.35889744758605957
18,xgb,2025-06-06,1,0,0.4013434648513794
18,xgb,2025-06-09,1,0,0.3659977912902832
18,xgb,2025-06-10,0,0,0.4453243315219879
18,xgb,2025-06-11,1,0,0.4000300168991089
18,xgb,2025-06-12,0,0,0.3186638057231903
18,xgb,2025-06-13,1,0,0.3600763976573944
18,xgb,2025-06-16,0,1,0.5265716314315796
18,xgb,2025-06-17,0,0,0.3731074929237366
18,xgb,2025-06-18,0,0,0.4970124661922455
18,xgb,2025-06-20,1,0,0.4915515184402466
18,xgb,2025-06-23,1,0,0.3870789706707001
18,xgb,2025-06-24,1,0,0.39013543725013733
18,xgb,2025-06-25,1,0,0.3908498287200928
18,xgb,2025-06-26,1,0,0.426520973443985
18,xgb,2025-06-27,1,0,0.3229873776435852
18,xgb,2025-06-30,0,0,0.2960112988948822
18,xgb,2025-07-01,1,0,0.4495801329612732
18,xgb,2025-07-02,1,0,0.47992318868637085
18,xgb,2025-07-03,0,0,0.4587240517139435
18,xgb,2025-07-07,0,0,0.42477741837501526
18,xgb,2025-07-08,1,0,0.40540626645088196
18,xgb,2025-07-09,1,0,0.436935693025589
18,xgb,2025-07-10,0,0,0.4107360541820526
18,xgb,2025-07-11,1,0,0.3871511220932007
18,xgb,2025-07-14,0,0,0.4398515224456787
18,xgb,2025-07-15,1,1,0.5915460586547852
18,xgb,2025-07-16,1,1,0.7789931297302246
18,xgb,2025-07-17,0,0,0.441263884305954
18,xgb,2025-07-18,1,1,0.5157223343849182
18,xgb,2025-07-21,1,0,0.39327681064605713
18,xgb,2025-07-22,1,1,0.6440355181694031
18,xgb,2025-07-23,1,0,0.4069838523864746
18,xgb,2025-07-24,1,0,0.4156867563724518
18,xgb,2025-07-25,0,0,0.45793068408966064
18,xgb,2025-07-28,0,0,0.41100579500198364
18,xgb,2025-07-29,0,1,0.5591721534729004
18,xgb,2025-07-30,0,1,0.5805927515029907
18,xgb,2025-07-31,0,1,0.6728739142417908
18,xgb,2025-08-01,1,1,0.5730428695678711
18,xgb,2025-08-04,0,1,0.6250281929969788
18,xgb,2025-08-05,1,1,0.5847772359848022
18,xgb,2025-08-06,0,1,0.6032094359397888
18,xgb,2025-08-07,1,1,0.5406243801116943
18,xgb,2025-08-08,0,0,0.450307697057724
18,xgb,2025-08-11,1,1,0.557243824005127
18,xgb,2025-08-12,1,1,0.569270133972168
18,xgb,2025-08-13,1,1,0.5667957067489624
18,xgb,2025-08-14,0,1,0.6234493255615234
18,xgb,2025-08-15,0,1,0.6890637278556824
18,xgb,2025-08-18,0,0,0.4383171796798706
18,xgb,2025-08-19,0,1,0.5624638199806213
18,xgb,2025-08-20,0,1,0.5691695213317871
18,xgb,2025-08-21,1,0,0.4874183237552643
18,xgb,2025-08-22,0,1,0.6428388953208923
18,xgb,2025-08-25,1,0,0.4840768277645111
18,xgb,2025-08-26,1,1,0.6818593740463257
18,xgb,2025-08-27,1,1,0.582789421081543
18,xgb,2025-08-28,0,1,0.5125493407249451
18,xgb,2025-08-29,0,1,0.5220903158187866
18,xgb,2025-09-02,1,0,0.4582950174808502
18,xgb,2025-09-03,1,1,0.5092796087265015
18,xgb,2025-09-04,0,1,0.5416893362998962
18,xgb,2025-09-05,1,1,0.5251123905181885
18,xgb,2025-09-08,1,1,0.5974022150039673
18,xgb,2025-09-09,1,1,0.5764265060424805
18,xgb,2025-09-10,1,1,0.6694463491439819
18,xgb,2025-09-11,0,1,0.5547025203704834
18,xgb,2025-09-12,1,1,0.5671769976615906
18,xgb,2025-09-15,0,1,0.6708981990814209
18,xgb,2025-09-16,0,1,0.6082450151443481
18,xgb,2025-09-17,1,1,0.534325897693634
18,xgb,2025-09-18,1,1,0.5670023560523987
18,xgb,2025-09-19,1,1,0.7671113610267639
18,xgb,2025-09-22,0,1,0.5556240677833557
18,xgb,2025-09-23,0,0,0.4236125648021698
18,xgb,2025-09-24,0,1,0.5968431830406189
18,xgb,2025-09-25,1,1,0.6911129951477051
18,xgb,2025-09-26,1,1,0.6546919345855713
18,xgb,2025-09-29,1,0,0.45609068870544434
18,xgb,2025-09-30,1,0,0.4292604625225067
18,xgb,2025-10-01,1,0,0.44499436020851135
18,xgb,2025-10-02,0,1,0.5134665369987488
18,xgb,2025-10-03,1,0,0.4217008054256439
18,xgb,2025-10-06,0,1,0.5091954469680786
18,xgb,2025-10-07,1,0,0.4299641251564026
18,xgb,2025-10-08,0,1,0.5787380933761597
18,xgb,2025-10-09,0,0,0.41790005564689636
18,xgb,2025-10-10,1,1,0.6335746645927429
18,xgb,2025-10-13,0,0,0.47853884100914
18,xgb,2025-10-14,1,1,0.5319758057594299
18,xgb,2025-10-15,0,0,0.4720331132411957
18,xgb,2025-10-16,1,0,0.4562438130378723
