Date,Close,High,Low,Open,Volume
2010-01-04,84.79635620117188,84.84124788269942,83.43458667929008,84.07806075420723,118944600
2010-01-05,85.02082824707031,85.05824179083595,84.43721349876027,84.74398857382367,111579900
2010-01-06,85.0807113647461,85.29021356785614,84.87120916163605,84.93854670898989,116074400
2010-01-07,85.43987274169922,85.54462385633043,84.68416337885324,84.92359531351138,131091100
2010-01-08,85.72418212890625,85.76159568155796,85.04329999699722,85.21538863877906,126402800
2010-01-11,85.84390258789062,86.14318818085562,85.47726803204701,86.10578033598838,106375700
2010-01-12,85.04329681396484,85.45481733519773,84.71407583017339,85.27524484790531,163333500
2010-01-13,85.76160430908203,86.0010362280222,84.82632248376774,85.26028891224807,161822000
2010-01-14,85.9935302734375,86.15065689468558,85.61193378840315,85.66430932881917,115718800
2010-01-15,85.02833557128906,85.92620378448578,84.69911456248039,85.8439042407905,212283100
2010-01-19,86.09078979492188,86.14316533064837,84.99089783616024,85.01334938733325,139172700
2010-01-20,85.21539306640625,85.634397477044,84.5345108991199,85.50720052502996,216490200
2010-01-21,83.57676696777344,85.49970583500635,83.47201587839159,85.23782811155172,344859600
2010-01-22,81.71370697021484,83.6067165903922,81.62391785427282,83.20267413141444,345942400
2010-01-25,82.13268280029297,82.61155220989988,81.86332696336589,82.46190373548971,186937500
2010-01-26,81.78851318359375,82.65645735092019,81.58649484589206,81.8109590312821,211168800
2010-01-27,82.1775894165039,82.36464574912354,81.05525142078604,81.68375795830504,271863600
2010-01-28,81.23481750488281,82.49183618944313,80.7409917940765,82.4469444998714,316104000
2010-01-29,80.35192108154297,82.15514694209463,80.22472414018218,81.58649406920821,310677600
2010-02-01,81.60143280029297,81.60891665015306,80.43420339633285,80.92055088415118,187865000
2010-02-02,82.58910369873047,82.74623032126817,81.46676578759902,81.75109504519604,216327900
2010-02-03,82.1775894165039,82.66393702301623,81.93815753909101,82.21499725792408,172730700
2010-02-04,79.64112091064453,81.57902213925098,79.6261532044697,81.54161429082853,356715700
2010-02-05,79.80574035644531,79.97034518323376,78.2494298335623,79.7309132342139,493585800
2010-02-08,79.22960662841797,80.3070532960372,79.16974721165953,79.86559723307892,224166900
2010-02-09,80.2247085571289,80.92055823621249,79.51389117696525,80.15736531927934,337820500
2010-02-10,80.06759643554688,80.50904665270076,79.39419247772142,80.09752613461761,240511500
2010-02-11,80.90558624267578,80.99537531887631,79.4989249665645,79.96282663084298,223591600
2010-02-12,80.8382568359375,80.88314852429394,79.69347311480281,80.05261803866573,304622100
2010-02-16,82.1102523803711,82.19255762963103,80.67366100720871,81.45181609479833,159317500
2010-02-17,82.49935150146484,82.61158647670047,82.11027101511573,82.50682964690805,168845100
2010-02-18,82.98567199707031,83.15776062186588,82.33471392132847,82.36464361879425,193708600
2010-02-19,83.15776062011719,83.47949773223486,82.57414579081214,82.76868597008253,222684900
2010-02-22,83.17274475097656,83.4869980736712,82.92582897949912,83.46455222326547,132346900
2010-02-23,82.16264343261719,83.20267646023201,81.94565734439793,82.9482825207039,207497000
2010-02-24,82.9183349609375,83.05301575536754,82.20003929347943,82.40954148292472,176350700
2010-02-25,82.8061294555664,82.86598887626401,81.51170230690514,81.73616657175828,259634700
2010-02-26,82.85848236083984,83.1428116771388,82.3871023959068,82.88092821033565,173589300
2010-03-01,83.71891021728516,83.80121543912898,83.18018720467285,83.20263304544757,147709700
2010-03-02,83.95088195800781,84.35492433189098,83.80123917146133,84.07808460592936,160992400
2010-03-03,84.02571868896484,84.52702836070165,83.81621077188163,84.1678776399232,150785000
2010-03-04,84.28009033203125,84.39980911016605,83.823672480277,84.13792571012254,135770400
2010-03-05,85.48474884033203,85.55208638379925,84.62428851993153,84.82631256734632,176118800
2010-03-08,85.49971771240234,85.68677407064192,85.35007490921349,85.49223956819782,114631200
2010-03-09,85.64186096191406,86.03841942888582,85.20041080690946,85.24530249494231,154556700
2010-03-10,86.02346801757812,86.25541604562089,85.60446365504762,85.67928504714145,186088800
2010-03-11,86.38261413574219,86.4050656913256,85.55956739471449,85.82144512479061,160791100
2010-03-12,86.39010620117188,86.77170276328116,86.15067429540872,86.7567350581358,162074800
2010-03-15,86.41256713867188,86.4724265526913,85.74664685610254,86.24047845900093,146816800
2010-03-16,87.10089111328125,87.18319062669224,86.41251964739435,86.65195146337528,168673000
2010-03-17,87.6171875,87.90151678695261,87.10839403274979,87.3627936206281,177468100
2010-03-18,87.572265625,87.74435419973611,87.22059891770738,87.62464115320287,196509100
2010-03-19,87.12899780273438,88.12072194949086,86.7909065080597,87.12899780273438,226641100
2010-03-22,87.59484100341797,87.75262044666913,86.58057815574804,86.63316939282679,184477800
2010-03-23,88.21092224121094,88.28605176467404,87.43707152669683,87.72257174067794,182941600
2010-03-24,87.78263854980469,88.22591231415304,86.83599659640667,87.88031205198999,196072600
2010-03-25,87.6399154663086,88.78189896879367,87.53473300155396,88.37619271959103,223396300
2010-03-26,87.58734130859375,88.21843622014998,87.24174089531073,87.8052209514926,205808500
2010-03-29,88.14329528808594,88.30106899556165,87.66997416565883,88.03059814502764,134513500
2010-03-30,88.20340728759766,88.52646939627105,87.83526861139337,88.24848385512853,145772500
2010-03-31,87.90283203125,88.293508762637,87.60982304970678,87.86526442561139,161078700
2010-04-01,88.5038833618164,88.84196889992036,87.97796551897325,88.5038833618164,161215200
2010-04-05,89.22515869140625,89.28525885315375,88.59405827094268,88.84199078369672,105847600
2010-04-06,89.4355239868164,89.59329765963325,88.87204412732186,88.96971190610937,110384200
2010-04-07,88.92464447021484,89.67595102658231,88.51142357140708,89.25522118926105,184576300
2010-04-08,89.23263549804688,89.38290017834179,88.3536086133646,88.61656463886638,158704000
2010-04-09,89.81871795654297,89.85627985219948,89.25523793355842,89.42052059207445,133006500
2010-04-12,89.96144104003906,90.19434995885366,89.82620563724839,89.93138809141738,110279000
2010-04-13,90.0290756225586,90.1868493283732,89.40548973861412,89.87130191674397,125043600
2010-04-14,91.05084991455078,91.05084991455078,90.21689911875767,90.35964347691036,161609000
2010-04-15,91.12596893310547,91.33633384258621,90.87052173444036,90.9005746832253,144615300
2010-04-16,89.6759262084961,91.125947690268,89.21762887738599,90.80288573115782,366786700
2010-04-19,90.0140609741211,90.10421984873933,89.00731266828797,89.41301900604653,217947800
2010-04-20,90.81793975830078,90.89307500392378,90.05912421923567,90.57752187554476,157708000
2010-04-21,90.65264129638672,91.08088575441484,90.14926160585158,90.87051512821401,192910100
2010-04-22,90.92311096191406,91.03580808437532,89.49563318411737,90.01403077621713,115360300
2010-04-23,91.51666259765625,91.554230223535,90.6301205078581,90.86302947067946,177335500
2010-04-26,91.17102813720703,91.74953726018224,91.0808750400254,91.54668132749796,143457300
2010-04-27,89.01478576660156,91.16351682062525,88.84198277062794,90.64511929673039,355853300
2010-04-28,89.69100189208984,89.9163962203015,88.85705090252895,89.44307500947608,300674100
2010-04-29,90.80288696289062,90.99071355254877,90.20935425172941,90.23189252536636,193775000
2010-04-30,89.2626724243164,90.91554921903847,89.2401341593174,90.81787576136222,270000900
2010-05-03,90.41971588134766,90.66764834651262,89.55571245341702,89.69094782241497,182747900
2010-05-04,88.29354858398438,89.4280231481908,87.8427657730724,89.41299953836666,360353400
2010-05-05,87.76763916015625,88.50392217018694,87.12902967926058,87.57229783390082,328973200
2010-05-06,84.85255432128906,87.90285674680571,78.88717913174871,87.34689156550763,647356600
2010-05-07,83.59037780761719,85.47615333424858,82.20046167939397,84.62717890029951,637558800
2010-05-10,87.2717514038086,87.63988992315372,86.33261843363339,87.00878958654933,396159600
2010-05-11,87.02383422851562,88.17333226904545,86.33263361659118,86.45283967726711,317849800
2010-05-12,88.24095916748047,88.36868564767911,87.21918171797857,87.36944647938446,235607100
2010-05-13,87.14404296875,88.41375284101133,87.0689134620157,88.00053195595174,234452500
2010-05-14,85.56629943847656,86.64818266574703,84.79996930716923,86.4904089837724,345601400
2010-05-17,85.61141204833984,86.03965671747476,83.97356290932949,85.79923875817123,325739800
2010-05-18,84.4468765258789,86.56556124828977,84.16889097578391,86.31011398268605,360556800
2010-05-19,83.96602630615234,84.72484183683461,82.91419593120916,83.97353524502012,394742700
2010-05-20,80.79550170898438,82.56107083782513,80.74291048325767,82.17790291780845,530418300
2010-05-21,81.97505950927734,82.17790975910654,79.15765989934071,79.57088080160376,500909400
2010-05-24,80.92323303222656,82.18542834691902,80.8481035187835,81.5317895427341,269823000
2010-05-25,81.00587463378906,81.04344225532,78.42137818324919,78.96983450472372,396505200
2010-05-26,80.51752471923828,82.24553214424817,80.27710684316871,81.50174023578516,349719300
2010-05-27,83.2146987915039,83.24475173546195,81.72710959165232,82.03514796821248,300870500
2010-05-28,82.17039489746094,83.18465753752443,81.7797123031166,83.12455164116164,297933500
2010-06-01,80.78799438476562,82.60615490465152,80.66778831446628,81.40406554158704,277909400
2010-06-02,82.89163970947266,82.89914864671519,80.77295580840526,81.20120024376952,240243700
2010-06-03,83.1771469116211,83.44010305597624,82.32817257927051,83.13207035316424,226618300
2010-06-04,80.25457000732422,82.14035116006842,79.98409917537626,81.59940949617251,398475600
2010-06-07,79.25533294677734,80.84810502878483,79.19523277410907,80.54006656629628,264609100
2010-06-08,80.10430145263672,80.26207513050238,78.62422672387927,79.31542733129467,357774300
2010-06-09,79.67607116699219,81.35148175800155,79.33797974104704,80.57012216748035,268023300
2010-06-10,82.00511169433594,82.10277948304385,79.66854784773933,81.03592554972069,317890600
2010-06-11,82.40330505371094,82.45589628447513,81.23126863552925,81.28385986629344,214128200
2010-06-14,82.27559661865234,83.48520083917171,82.19295242480207,83.03441224289199,207196100
2010-06-15,84.14633178710938,84.22146129408793,82.71133355615893,82.85408363182796,238268700
2010-06-16,84.11627960205078,84.46187992290284,83.54528502620155,83.71057338226429,216374000
2010-06-17,84.25149536132812,84.39424540500484,83.43257417436998,84.35667779392801,263185800
2010-06-18,84.34284973144531,84.64479749919846,84.07109213303988,84.41833667338359,174006600
2010-06-21,84.10130310058594,85.4525351529754,83.63327476202099,85.39214904419728,213140700
2010-06-22,82.7122802734375,84.47115373355052,82.591502353045,84.10126379328975,239355400
2010-06-23,82.45564270019531,83.05954396066333,81.8894820289092,82.76514087233728,254639900
2010-06-24,81.08931732177734,82.15370231833853,80.87795155887345,82.04801943688658,268523600
2010-06-25,81.42900848388672,81.84418954232177,80.59863484844766,81.33087027645239,238726500
2010-06-28,81.1723403930664,81.76869698149748,80.87793730956403,81.54978083440626,169218600
2010-06-29,78.6661605834961,81.15727057559174,78.1679420406485,80.03249356354587,373649500
2010-06-30,77.91881561279297,79.1719150437309,77.66215308497664,78.44722999464304,284101700
2010-07-01,77.5715560913086,78.1226158747654,76.34109664631393,77.86595915573811,382924800
2010-07-02,77.1488265991211,78.0697822296228,76.71100004893992,77.83577099079457,233385200
2010-07-06,77.65460968017578,78.7869311675895,76.90727335179758,78.23586550962946,256935300
2010-07-07,80.10041809082031,80.19855054100918,77.76783295974748,77.85087032501677,253769400
2010-07-08,80.89307403564453,80.98365609580544,79.94947251372419,80.77229027638114,210842100
2010-07-09,81.49696350097656,81.5045139246355,80.71943688339363,80.8704108008577,144999900
2010-07-12,81.54979705810547,81.7083213838913,80.8855038225336,81.22519798360536,131283600
2010-07-13,82.78028869628906,83.10488213646565,82.22922279606875,82.39529760871837,213025900
2010-07-14,82.772705078125,83.09730414742295,82.17634838061086,82.51604253623854,184426800
2010-07-15,82.79537963867188,83.0822324538693,81.65550728476464,82.742538179049,232337900
2010-07-16,80.515625,82.44056844767829,80.35709489273714,82.3499806377118,282693400
2010-07-19,80.9911880493164,81.24784484028669,80.18346556113738,80.81001821102647,186709000
2010-07-20,81.8895034790039,81.94988958936929,79.88151700774846,79.91926336610179,258162400
2010-07-21,80.82511138916016,82.33487344425555,80.49296189406792,82.31222793491474,264527000
2010-07-22,82.6292953491211,82.99164085871703,81.77628166761802,81.78382633292154,274781300
2010-07-23,83.34638214111328,83.46716006015514,82.22915615374154,82.46316733139204,222020800
2010-07-26,84.21451568603516,84.29755305004244,83.25581942788443,83.4898306759316,184445700
2010-07-27,84.20697784423828,84.76558817157563,83.87482836130447,84.67500037824324,204855600
2010-07-28,83.66348266601562,84.29003542842611,83.38417455572406,84.03337283207696,163056200
2010-07-29,83.25581359863281,84.41078043259667,82.59152049237026,84.18431386310866,220149100
2010-07-30,83.24072265625,83.68610542674054,82.26693126576883,82.410354734838,220070600
2010-08-02,85.12039184570312,85.25627066991952,84.19943601037933,84.53913019127752,188263200
2010-08-03,84.71273803710938,85.12791908887785,84.43343002246615,84.90900868954202,146657300
2010-08-04,85.2789077758789,85.38459065548855,84.667456006811,84.94675829180004,158171700
2010-08-05,85.18832397460938,85.23362075319706,84.60706810951564,84.73539650372935,140473800
2010-08-06,84.84107208251953,84.97695088801137,83.73139613088364,84.35039829828318,239728300
2010-08-09,85.29399108886719,85.43742030251941,84.78822226921928,85.24114965635597,120800400
2010-08-10,84.83352661132812,85.2864598289253,84.07110093089543,84.56931940725318,242916300
2010-08-11,82.50849151611328,83.55777559338729,82.37261271247353,83.52757966376905,273406900
2010-08-12,82.0027084350586,82.29711151936122,81.22518204527043,81.26292839322066,239542600
2010-08-13,81.76116180419922,82.25183562128255,81.66302934449661,81.74606671781618,158698500
2010-08-16,81.72342681884766,81.98763404332702,80.9081538753523,81.20255703395581,147895300
2010-08-17,82.72738647460938,83.33129343560225,82.19142178238792,82.42543875339656,172270300
2010-08-18,82.87841796875,83.32379516780252,82.21412450329825,82.68969764522865,182922100
2010-08-19,81.4365463256836,82.65190498926681,81.09685223729892,82.4480896880928,265847600
2010-08-20,81.1723403930664,81.48184431942146,80.58353422606166,81.19498589806135,209714200
2010-08-23,80.86286926269531,81.95744460484127,80.82512290222711,81.55735852473669,163490300
2010-08-24,79.66259002685547,80.31178813959838,79.23985851503585,79.97963866072017,280677800
2010-08-25,79.97211456298828,80.27406242948787,78.72655945617511,79.22477804332854,272234800
2010-08-26,79.43614196777344,80.45523031734626,79.17192897108515,80.34954742238529,224439500
2010-08-27,80.66658782958984,80.74962520415049,78.74163888737154,79.9343523044379,272649000
2010-08-30,79.49652862548828,80.704343020682,79.48898396100057,80.45523086972686,167238600
2010-08-31,79.49652862548828,80.00230335117215,78.87752633963014,79.20212545046343,273933100
2010-09-01,81.87439727783203,81.98763058620156,80.51561485525363,80.56845629792137,256828100
2010-09-02,82.63683319091797,82.65192827851301,81.89704719447691,82.07067237789089,156112200
2010-09-03,83.7087631225586,83.78425007926248,82.99917305911372,83.4445558944522,212197300
2010-09-07,82.76515197753906,83.42190051769398,82.6972154523256,83.31621763894974,141973700
2010-09-08,83.34638214111328,83.67852573794046,82.89344910667869,82.93119544597583,149924400
2010-09-09,83.73138427734375,84.3050953481228,83.50492347310642,84.28244984362746,147017900
2010-09-10,84.15413665771484,84.25226911465634,83.69365878563895,83.8823790361853,127819000
2010-09-13,85.09020233154297,85.26382176713338,84.64481946772973,84.98451943354375,178503500
2010-09-14,85.03736114501953,85.52048461144598,84.6070791277558,84.92412782273202,209823600
2010-09-15,85.36195373535156,85.46008620220955,84.53158570089425,84.78824250311618,168608400
2010-09-16,85.33930206298828,85.39214350429444,84.8108818906415,85.0977403656908,199962900
2010-09-17,85.37117767333984,85.87206922790482,85.13591358626022,85.788587302144,195836900
2010-09-20,86.67652130126953,86.86625188965077,85.3939406709746,85.66715318145303,214555200
2010-09-21,86.501953125,87.15462087667233,86.14525877191564,86.74480799240175,268389100
2010-09-22,86.07697296142578,86.85107701360869,85.83411803704094,86.365367164839,191322400
2010-09-23,85.37877655029297,86.2667144367875,85.13592159526578,85.37118570447744,202354300
2010-09-24,87.13948059082031,87.20019578001165,86.25154266184381,86.32743375327341,209671800
2010-09-27,86.72203063964844,87.26845550843913,86.63855453091539,87.1697977143972,128761800
2010-09-28,87.0256118774414,87.30641519070383,85.89481936099276,86.83588131742773,209207500
2010-09-29,86.8738784790039,87.20780630478852,86.5323598053277,86.80557242822049,179665800
2010-09-30,86.61580657958984,87.87562047233372,86.20598781171357,87.3140195490002,287106700
2010-10-01,86.9801025390625,87.36715461015777,86.46403504097506,87.26849098588946,174638700
2010-10-04,86.3274154663086,87.16222887543172,85.89482996766455,86.79794939768827,166153200
2010-10-05,88.06533813476562,88.27783543726092,87.02561257313681,87.12427617080765,229634100
2010-10-06,88.0577621459961,88.28544117428784,87.70106770372753,88.05017130102152,148626600
2010-10-07,87.95152282714844,88.43723273503073,87.42027942481431,88.41446598780482,164860000
2010-10-08,88.44479370117188,88.68764857306844,87.73899582501673,88.07292344516833,177760100
2010-10-11,88.52826690673828,88.77112175477006,88.2246968991695,88.5813912238041,103098300
2010-10-12,88.8014907836914,89.05952155981711,87.76935609895445,88.23988417074065,182210000
2010-10-13,89.49213409423828,89.97025894437527,89.08231527560035,89.29481842572723,194347200
2010-10-14,89.14302062988281,89.5604302482337,88.58141969892557,89.40864230059785,217764300
2010-10-15,89.32514190673828,89.81844250184588,88.61175896577298,89.76531817868764,243705000
2010-10-18,89.76531982421875,90.06129902868565,89.02916433973341,89.3555011280068,141204800
2010-10-19,88.5890121459961,89.43900150765653,88.05017215979144,88.93811574669496,280604700
2010-10-20,89.45415496826172,89.88674035762743,88.69523282620844,88.74835714454751,200051800
2010-10-21,89.65150451660156,90.38006935414153,88.95329727105725,89.8564168150426,221585500
2010-10-22,89.81847381591797,89.95508009311047,89.55285210752115,89.78811622208418,108212400
2010-10-25,90.0840835571289,90.88854521155814,90.01578332266547,90.41801125482097,151145700
2010-10-26,90.09925842285156,90.19032539523862,89.45417561126622,89.62872450175327,158982900
2010-10-27,89.84121704101562,89.93988064267248,88.99122779669491,89.46934674662532,190024000
2010-10-28,89.85639953613281,90.39523366267393,89.42381406608615,90.35728523244698,168576000
2010-10-29,89.92472076416016,90.09927547780656,89.60597472023424,89.76534774219719,144305500
2010-11-01,89.95504760742188,90.88093361956813,89.43898027885432,90.36486629100055,174074800
2010-11-02,90.66847229003906,90.88096966429643,90.3876688797023,90.6305238488706,158345900
2010-11-03,91.0327377319336,91.08586206725974,89.89435415484337,90.8278312357094,226702800
2010-11-04,92.78585052490234,92.83138401423875,91.04791760377209,92.04210405507142,215039400
2010-11-05,93.13494110107422,93.28672323772392,92.72512238397923,92.8465469352755,180654100
2010-11-08,92.96037292480469,93.11216082951553,92.54296921461204,92.84653344380068,156107100
2010-11-09,92.29254913330078,93.30950232162834,91.92067879623812,93.21084449876791,186621600
2010-11-10,92.6644058227539,92.70994509515934,91.57156171701712,92.2697687993162,221387400
2010-11-11,92.3153076171875,92.45191386206474,91.58674290788142,91.86754624182842,158017600
2010-11-12,91.22248077392578,92.09524279345933,90.8050768794491,91.69301480109564,239068800
2010-11-15,91.09342956542969,91.8675334419173,91.05548692998887,91.51083908609623,163940800
2010-11-16,89.67425537109375,90.68361755783505,89.24166413233961,90.53183542467437,299566200
2010-11-17,89.71978759765625,90.09165787177878,89.44657512969603,89.71219675406925,172308900
2010-11-18,91.04033660888672,91.36667349471448,90.57739345015156,90.58498429590163,197723700
2010-11-19,91.29075622558594,91.32869886321687,90.5014764073867,90.99477701752588,156852900
2010-11-22,91.21487426757812,91.25281690899743,90.13720018717409,90.83541311267862,181361000
2010-11-23,89.89434051513672,90.32692597718989,89.5452369659462,90.13719540979609,222309000
2010-11-24,91.22248077392578,91.2452533122739,90.44838238354346,90.46355828565646,140046100
2010-11-26,90.15998077392578,90.92648820640814,90.15998077392578,90.43319329306821,76007800
2010-11-29,90.43318176269531,90.6760366609555,89.35550772343056,89.93229027809258,223642300
2010-11-30,89.92472076416016,90.44078826913876,89.40865325918155,89.53767447801535,233930700
2010-12-01,91.83720397949219,92.0117528942227,91.21488782456876,91.22247287990935,221037200
2010-12-02,93.01351928710938,93.08182530794616,91.92826011922753,91.98138445093707,191213600
2010-12-03,93.26395416259766,93.37020281361737,92.67199573831148,92.69476247922752,151288900
2010-12-06,93.1653060913086,93.37780341555462,92.96798466588677,93.06664248353877,103050500
2010-12-07,93.21843719482422,94.1139658335781,93.16531285990315,94.06084149865704,206581000
2010-12-08,93.55996704101562,93.6358581347499,92.89970815639616,93.33229375981279,138019200
2010-12-09,93.92424011230469,94.12155577218209,93.46129697392105,94.08361312533731,123705100
2010-12-10,94.47067260742188,94.5617395991041,93.90148074893195,94.21263595404456,117571700
2010-12-13,94.53135681152344,95.01706660477834,94.50099922568033,94.90323289551348,133812700
2010-12-14,94.61481475830078,95.0398150623306,94.32642645101869,94.67552991460732,147249600
2010-12-15,94.18225860595703,94.81216552019532,94.02288561382164,94.44029520521275,160823100
2010-12-16,94.72869110107422,94.79699712603555,93.91664438726983,94.24298124179599,185035200
2010-12-17,94.83016204833984,94.95222519666594,94.46396096222398,94.66232012639377,141075300
2010-12-20,95.05902099609375,95.28789737446594,94.58601835095773,95.08953823458124,119085500
2010-12-21,95.6617202758789,95.7227547508862,95.26500782946732,95.35655372141036,94965500
2010-12-22,95.95928192138672,95.98979916711302,95.67700758441498,95.73041130929364,78878100
2010-12-23,95.82193756103516,95.9592622283366,95.58543623090365,95.85245480049862,70053700
2010-12-27,95.860107421875,95.95165334056983,95.39472959994424,95.46338903896536,58126000
2010-12-28,95.99742889404297,96.08897480966097,95.74566598495464,96.05083261834328,55309100
2010-12-29,96.06607818603516,96.27969306067833,96.05082247523298,96.11185695957926,58033100
2010-12-30,95.91349029541016,96.22628181722949,95.7685348615653,95.9745247749836,76616900
2010-12-31,95.93638610839844,96.02793783667009,95.61596379030095,95.76854418351816,91218900
2011-01-03,96.92819213867188,97.34779119962192,95.89825394231752,96.66879844266778,138725200
2011-01-04,96.87477111816406,97.17230695537943,96.27206867800325,97.141789713028,137409700
2011-01-05,97.37828826904297,97.43932275199303,96.47805001751972,96.56960174194482,133975300
2011-01-06,97.18759155273438,97.52327549780449,96.89768639508236,97.41646802811319,122519000
2011-01-07,96.99685668945312,97.47749027131476,96.24157368350767,97.31727907736088,156034600
2011-01-10,96.87477111816406,97.01209579846106,96.27969362316449,96.56960451521863,122401700
2011-01-11,97.21807098388672,97.45457231468814,96.85186992985614,97.22570174891628,110287000
2011-01-12,98.0954360961914,98.2022435389134,97.24097073384638,97.8131617778129,107929200
2011-01-13,97.93519592285156,98.17933381477484,97.69106967206372,98.13356087032308,129048400
2011-01-14,98.64471435546875,98.66760082836053,97.72922051638972,97.7978799350651,117677900
2011-01-18,98.81256103515625,98.90410693115598,98.43872922459684,98.5531615945965,114401300
2011-01-19,97.84366607666016,98.82781946714368,97.58427825481331,98.72864861828303,151958400
2011-01-20,97.71398162841797,97.95810794287478,96.98921016902531,97.62242989506974,175745700
2011-01-21,97.93519592285156,98.54552901152434,97.82838850541899,98.32428923296236,151462900
2011-01-24,98.49217987060547,98.60661228837148,97.85132340769228,97.87420989124548,113715500
2011-01-25,98.54554748535156,98.6294684462905,97.7368609387424,98.23275011811214,167552200
2011-01-26,98.92698669433594,99.21689753351707,98.59130291026,98.78966785965153,141281500
2011-01-27,99.17115783691406,99.33899978522301,98.77443944626206,98.94990634089798,123302700
2011-01-28,97.4393081665039,99.44577429402095,97.27909703816813,99.2855573451174,295637300
2011-01-31,98.17174530029297,98.24804133916163,97.46224103160709,97.70637904307392,149249200
2011-02-01,99.74330139160156,99.91876821282568,98.70573870939599,98.7667731778945,167194300
2011-02-02,99.55259704589844,99.81960981368196,99.43052807946961,99.48392597657137,118323600
2011-02-03,99.7738265991211,99.92640697089449,98.85070778315354,99.37710831960133,145886700
2011-02-04,100.05613708496094,100.09428510199626,99.35425780784438,99.81201072998753,134634800
2011-02-07,100.6816635131836,101.00971062613118,100.26968383514189,100.27732041804089,112439100
2011-02-08,101.13946533203125,101.19286323264184,100.4986090367373,100.77325840868096,99072800
2011-02-09,100.91057586669922,101.18522520312857,100.40705014305595,100.86480291748376,146436700
2011-02-10,100.9487075805664,101.06313993513824,100.17053264607378,100.39940899635218,162708500
2011-02-11,101.55143737792969,101.68113130272012,100.52913587113086,100.55202234955632,137710300
2011-02-14,101.79552459716797,101.87944553287508,101.37593155976646,101.49036390794248,101690700
2011-02-15,101.4751205444336,101.63533750169178,100.94872000746797,101.48275712976829,119575400
2011-02-16,102.11599731445312,102.23805465191164,101.61247150859424,101.81846145483442,130183500
2011-02-17,102.42115020751953,102.55846906697909,101.72689604166257,101.81845358910657,109810500
2011-02-18,102.63475799560547,102.75682695634296,102.27618769914956,102.51268903486796,130002400
2011-02-22,100.57491302490234,102.65766413650034,100.30026363119741,101.5590665616806,233116400
2011-02-23,99.9569320678711,100.75799358743382,99.33897398285129,100.51385567470993,227584000
2011-02-24,99.88826751708984,100.27736088572104,98.94988709128825,99.85013115173453,260431400
2011-02-25,100.95638275146484,101.01741725131383,100.24686687671824,100.30790137656724,141686900
2011-02-28,101.58197021484375,101.71167580811372,100.99453495657869,101.33021889909645,141585500
2011-03-01,99.88826751708984,101.99391640764787,99.85775609657816,101.90237050497566,258565500
2011-03-02,100.1019058227539,100.5672836180801,99.44579961362416,99.75096041925443,200277400
2011-03-03,101.82606506347656,101.94049743122103,101.00211709230813,101.00974203644573,176480100
2011-03-04,101.06317138671875,101.94815400793622,100.39944024137482,101.74978901009948,277202300
2011-03-07,100.26972198486328,101.58957080398176,99.74332141551369,101.36069441144804,216790400
2011-03-08,101.14708709716797,101.46750941417093,99.99509174500466,100.42994644624517,174615000
2011-03-09,101.00211334228516,101.31491065735457,100.39941682598115,100.94871545303234,153806000
2011-03-10,99.13298797607422,100.07899332227372,99.03380548998419,99.94167447181387,301291800
2011-03-11,99.81962585449219,100.17819622528754,98.78969934272745,98.81258582246849,225621800
2011-03-14,99.2169189453125,99.54496621527747,98.46163026814438,99.17114599053953,234974100
2011-03-15,98.0801773071289,98.6676240790985,96.50857704549199,96.57723648034677,359585400
2011-03-16,96.264404296875,98.08777251209987,95.57778113515785,97.76733866902055,468670300
2011-03-17,97.53851318359375,97.95048727078138,96.96632792148361,97.65295140012967,254303700
2011-03-18,97.89323425292969,98.75141122069593,97.70167736380928,98.72075557108207,230435400
2011-03-21,99.410400390625,99.61727348152837,98.99663082540118,99.11157201205603,153992600
2011-03-22,99.06560516357422,99.5253466040047,98.97366155217232,99.39508925728184,129538600
2011-03-23,99.34912109375,99.60963579674625,98.32237842308648,98.78976625932101,148603100
2011-03-24,100.29922485351562,100.44481002144461,99.35676783443537,99.91611091336972,159129800
2011-03-25,100.60567474365234,101.0424183461523,100.29151865747447,100.55970296356855,155642800
2011-03-28,100.36051177978516,101.0807677667377,100.32986781280569,100.82025312643387,109762400
2011-03-29,101.03482818603516,101.06547216278564,99.946785789859,100.27625822970217,129798800
2011-03-30,101.73204803466797,102.03087634953182,101.41789189317605,101.56347701687748,135835000
2011-03-31,101.5941162109375,101.87762837757502,101.4868448129871,101.60178596974464,132537100
2011-04-01,102.02323150634766,102.49830071418984,101.77804467894975,102.22245822604914,153850100
2011-04-04,102.1075210571289,102.42167728771607,101.81636241885901,102.23777839114348,100768900
2011-04-05,102.09219360351562,102.54426518764946,101.86232293120261,101.9082947273236,120791500
2011-04-06,102.41403198242188,102.67454668292018,102.00026233649085,102.5826030690292,120411600
2011-04-07,102.15348815917969,102.6591895831214,101.64777504353047,102.23010391834298,170731500
2011-04-08,101.80101776123047,102.66685884671146,101.37959016689426,102.6055592246528,147945400
2011-04-11,101.49451446533203,102.25307231729076,101.2493160178709,101.90827223079084,121385400
2011-04-12,100.7359619140625,101.12673385245141,100.36817587253721,100.92751884906427,161187400
2011-04-13,100.72834014892578,101.28001356418721,100.3452261408451,101.20339777759808,162059000
2011-04-14,100.80494689941406,100.95819015056735,99.81651799152127,100.14599039691532,161220400
2011-04-15,101.17269897460938,101.42555551514263,100.68998348059742,100.98881181182642,170006700
2011-04-18,100.03870391845703,101.16505976732026,99.23416235616774,100.06168981809024,210759300
2011-04-19,100.61337280273438,100.64402846277827,99.94675834313784,100.19194516494574,124258800
2011-04-20,101.98494720458984,102.20714817092895,101.7474067135027,101.81637611631429,156133800
2011-04-21,102.50593566894531,102.55190745798421,101.98490647089622,102.51359373654971,135935400
2011-04-25,102.39862823486328,102.56719919649815,102.06148631159357,102.42927218620501,65757100
2011-04-26,103.27982330322266,103.48670804941953,102.6055508987061,102.71282230567736,146600000
2011-04-27,103.95411682128906,104.10736003203621,103.0576317621253,103.47905936046062,143031000
2011-04-28,104.29124450683594,104.42915986996256,103.75488749738918,103.77020363215485,124791100
2011-04-29,104.53646087646484,104.64374400044258,104.1916606792953,104.32958777318866,115094100
2011-05-02,104.37555694580078,105.11112912234661,104.1686721560246,105.02685528427334,126278700
2011-05-03,104.0000991821289,104.35256912519637,103.47140011338207,104.176339999517,138375000
2011-05-04,103.31048583984375,104.00008611749709,102.8507445269367,103.95411432454783,182678500
2011-05-05,102.37567138671875,103.40241357757739,101.92359990306232,102.73579929856858,226900000
2011-05-06,102.82776641845703,103.92347823079967,102.42932469654079,103.394779188426,222787200
2011-05-09,103.22620391845703,103.5250322747452,102.65919117167869,102.82010414431433,114104500
2011-05-10,104.10736846923828,104.29126735206316,103.44075401802439,103.57101134230133,114806900
2011-05-11,103.01163482666016,103.96941927470377,102.53657748177602,103.95409144985776,193564200
2011-05-12,103.50205993652344,103.71660280033821,102.20713299239982,102.73583208241092,171550700
2011-05-13,102.70516204833984,103.70126045763405,102.33737600351236,103.55567531505237,157444900
2011-05-16,102.05390167236328,103.14194394920183,101.88533058944499,102.33740227013014,141675400
2011-05-17,102.0385513305664,102.17647840966917,101.23400982897296,101.67076527247237,192686200
2011-05-18,102.95037078857422,103.05764221614945,101.86998675189668,102.0921993679724,135217900
2011-05-19,103.19557189941406,103.46375635133582,102.62857071446344,103.28752720128713,119489500
2011-05-20,102.37567138671875,103.19552884930707,102.18411448431802,102.92735620096931,182594900
2011-05-23,101.18806457519531,101.69377784504266,100.82793649136867,101.12676493414918,168700000
2011-05-24,101.10379791259766,101.70145490977848,100.91224088294449,101.47925389973463,147199600
2011-05-25,101.44091033935547,101.8623380190666,100.66702437603854,100.69766834742217,151050100
2011-05-26,101.90830993652344,102.09220884016126,100.97351097018998,101.16506794375486,164850000
2011-05-27,102.299072265625,102.57491474910393,101.87765631705913,102.1918008382559,120921900
2011-05-31,103.36412048339844,103.37944831232646,102.55192092583087,103.26451882463587,164731200
2011-06-01,101.04246520996094,103.37946254565998,100.9581796768141,103.06530631377548,233094300
2011-06-02,100.93518829345703,101.32597196759708,100.34520128518587,101.11142911155143,200466800
2011-06-03,99.93143463134766,100.69766248010055,99.67091996878186,99.72454983850582,234690200
2011-06-06,98.87403106689453,99.88545738411334,98.74377374271486,99.6785726025534,179951200
2011-06-07,98.81272888183594,99.66324209259206,98.72844336755536,99.37972989453549,161660500
2011-06-08,98.3989486694336,98.98894720518697,98.2150498332791,98.65946325187333,198696400
2011-06-09,99.14989471435547,99.55599460341776,98.42965024306211,98.66717904326333,160964400
2011-06-10,97.77066040039062,98.78973887202066,97.51014576961637,98.72845094030365,238629400
2011-06-13,97.84727478027344,98.26104428490453,97.34923145282853,97.99285991369153,207599800
2011-06-14,99.0886001586914,99.43340038411368,98.70548619895327,98.74378824155892,160570400
2011-06-15,97.3262710571289,99.07327568324187,97.06575636169114,98.2610759317532,300958000
2011-06-16,97.5407943725586,98.05416555920746,96.78988860954607,97.35689550456343,308032800
2011-06-17,97.83185577392578,98.51717879506334,97.50074418928801,98.50947688616428,233284900
2011-06-20,98.3323974609375,98.54030793916986,97.46997140260152,97.50077317251879,159479000
2011-06-21,99.67991638183594,99.87242298425342,98.3708738353312,98.84059041521667,193157300
2011-06-22,99.07929992675781,99.95712959218605,99.01769640203132,99.37191373179087,176703000
2011-06-23,98.79444122314453,99.05624751637018,97.16968419803298,97.91661113728235,334286500
2011-06-24,97.6470718383789,98.84831146147182,97.50077077841038,98.77131585082462,226129300
2011-06-27,98.51722717285156,98.8945327716576,97.51619001847071,97.70869671163332,168904700
2011-06-28,99.80314636230469,99.81855018394567,98.7713135561503,98.90991270189943,165556300
2011-06-29,100.65787506103516,100.81957406234905,99.81854891222999,100.25745795118367,244295500
2011-06-30,101.62039947509766,101.78209846239787,100.65017030228009,100.98127606177145,223322700
2011-07-01,103.12193298339844,103.26054384375568,101.47407697487726,101.71278327639612,202385700
2011-07-05,103.0372543334961,103.24516479908374,102.71384458128927,103.01415447617225,165936000
2011-07-06,103.16049194335938,103.29139509016892,102.4982684214733,102.79088236709262,143331600
2011-07-07,104.23078155517578,104.49258773029726,103.86117214620009,104.07677861390852,170464200
2011-07-08,103.49159240722656,104.2308232707061,102.71386960527829,103.05268326146992,194100500
2011-07-11,101.62039947509766,102.55212497247686,101.3816931369207,102.2210192129855,195918600
2011-07-12,101.1814956665039,102.24413618823823,101.15069977079996,101.4048099716353,214675700
2011-07-13,101.52029418945312,102.58293455336022,101.2738918113959,101.71280082061472,204062600
2011-07-14,100.81957244873047,102.2441262929047,100.62706580760818,101.77440961857936,226111800
2011-07-15,101.40479278564453,101.54339191733376,100.69636980777588,101.38169293036299,220012800
2011-07-18,100.57317352294922,101.089089928971,99.81855075365935,100.93508696070191,196872100
2011-07-19,102.20563507080078,102.32884215605611,101.11219862592702,101.1352984857031,166554900
2011-07-20,102.14398956298828,102.5290027339753,101.96688679424172,102.46741096632655,137145400
2011-07-21,103.56088256835938,103.81499275853953,102.15942850427614,102.72154463727696,245246300
2011-07-22,103.63018035888672,103.7379836119853,102.99875291239972,103.58398064322637,126019400
2011-07-25,103.05266571044922,103.56088610818105,102.53674927626956,102.64455253490898,136653800
2011-07-26,102.66761016845703,103.15273050764954,102.43659992361921,102.98332377807975,131278200
2011-07-27,100.56546783447266,102.12862072423276,100.43455298685237,102.09781308373192,249020100
2011-07-28,100.2728500366211,101.46639344092347,100.11113930456084,100.56546386145789,207939900
2011-07-29,99.58753204345703,100.5269653453953,98.54029549783762,99.26412231241355,307038400
2011-08-01,99.16405487060547,100.84271948072534,98.20152132686245,100.7503082707456,325790900
2011-08-02,96.63064575195312,98.94842768748603,96.63064575195312,98.41710740205666,346653800
2011-08-03,97.15424346923828,97.26204671077622,95.12137395047122,96.7615341785655,370830800
2011-08-04,92.60337829589844,95.96069393467054,92.44936948802544,95.80668512679755,520721800
2011-08-05,92.46477508544922,93.99712603555045,89.98528904191897,93.75841972229824,655619200
2011-08-08,86.44319915771484,92.49560950165781,86.25838851946678,90.02382449475553,702263900
2011-08-09,90.46271514892578,90.58591633311767,84.91081895433041,87.83692198304578,717828700
2011-08-10,86.46630096435547,89.53870592760207,86.20448882503177,88.75328125930628,662607400
2011-08-11,90.34721374511719,91.57155310207216,86.48937920321315,87.21320601791778,487979700
2011-08-12,90.9555435180664,91.79486968671071,90.30871812333906,91.17115002469663,313731600
2011-08-15,92.88060760498047,92.97300703409856,91.63316243835747,91.7794693675765,258810600
2011-08-16,92.08747863769531,92.93451260090929,91.1018455257773,91.99507920522596,294095200
2011-08-17,92.14903259277344,93.3271717215239,91.4175100634339,92.59564919218437,238201100
2011-08-18,88.17572784423828,92.17986291668014,87.31329613063193,89.70807878977057,512956300
2011-08-19,86.73579406738281,89.23067855791398,86.62799081546605,86.98220233959779,428281300
2011-08-22,86.80508422851562,88.73015035207608,86.5586759996933,88.68394477022244,275090600
2011-08-23,89.66189575195312,89.7619970911803,86.68959271973723,87.12850762994339,331136600
2011-08-24,90.92473602294922,91.0479372154774,89.26147586254629,89.4693863200148,246869700
2011-08-25,89.53870391845703,91.94118934229348,89.22299602572929,91.42527286220333,312365400
2011-08-26,90.83999633789062,91.25581121185328,87.66748611886106,89.08433745327093,314495900
2011-08-29,93.450439453125,93.50434108636503,90.90934902932422,92.0643890628996,190977200
2011-08-30,93.69683074951172,94.27435066146018,91.83336791025206,93.04230935760405,241315700
2011-08-31,94.11264038085938,95.10597527728743,93.40421740622163,94.29744509710487,301828400
2011-09-01,93.12698364257812,95.02124765676511,93.00377661328083,94.16651798422733,254585900
2011-09-02,90.74761962890625,93.07310289189618,90.42420991678262,91.18653448817,255517200
2011-09-06,90.08538818359375,90.2162971383468,88.07561878077071,88.08332068983508,285130500
2011-09-07,92.62651062011719,92.665008429455,91.14035888345096,91.44837073234025,209803200
2011-09-08,91.66397094726562,93.12702272253831,91.45606046678722,92.07208412211371,250568200
2011-09-09,89.261474609375,91.67935746151296,88.76865809650843,90.61672295717621,380195100
2011-09-12,89.8389663696289,89.90827179104801,87.82150123792677,88.1449108716575,305793500
2011-09-13,90.66292572021484,91.00173928727541,89.49248793148008,90.13161138758564,272514700
2011-09-14,91.91806030273438,93.01919837142592,89.87748901636863,91.12492811702693,319389500
2011-09-15,93.50433349609375,93.5351352661359,91.94118038418564,92.90371366736423,326777200
2011-09-16,94.0577621459961,94.4060704466644,93.12895182134469,93.87974302130006,284528300
2011-09-19,93.1211929321289,93.6010815245528,91.8905191830917,92.5174657416404,241517000
2011-09-20,93.01282501220703,94.42152365343495,92.88898642337197,93.51593293519497,218932200
2011-09-21,90.2728271484375,93.34564925608885,90.12576919398546,93.05926919910351,316251300
2011-09-22,87.35482788085938,88.3997409032633,86.14737335765766,87.6566915116598,513911300
2011-09-23,87.88111877441406,88.36100722406606,86.70461996405085,86.77428395273657,307242500
2011-09-26,89.9709701538086,90.09481465632669,87.44770041992696,88.70933528686778,260673700
2011-09-27,90.97718811035156,92.54068660573276,90.43537725752087,91.74345679487996,311753900
2011-09-28,89.11954498291016,91.71247829270446,88.98796464988389,91.16293169133307,286696800
2011-09-29,89.82392120361328,91.04685330994673,88.18301681194775,90.59793170634073,298108900
2011-09-30,87.5792465209961,89.3594662591836,87.51732429395602,88.58545613686853,288392300
2011-10-03,85.0869369506836,88.19845518920803,84.99405360579149,87.06840106655075,365136800
2011-10-04,86.95231628417969,87.13808301225374,83.15192869375666,83.86401676901697,459177500
2011-10-05,88.56224822998047,88.79445365879282,86.36406203286892,87.16903337279452,284108000
2011-10-06,90.16447448730469,90.29606075005861,87.85792668341345,88.51583437625904,257800800
2011-10-07,89.56072998046875,90.75270653613815,89.05762211073629,90.69078429566002,312657900
2011-10-10,92.55613708496094,92.59483405013087,91.07777483311271,91.08551658823828,230666300
2011-10-11,92.64901733398438,92.91218386917022,91.91371001594842,92.00659336458386,209088000
2011-10-12,93.46177673339844,94.53765095795232,93.1366937098423,93.3456739663478,281544900
2011-10-13,93.2759780883789,93.55462225440418,92.20010429937058,92.91219232133312,212538800
2011-10-14,94.87047576904297,94.89369514141363,93.83330443494019,94.35963186119248,211397600
2011-10-17,93.05924987792969,94.85495332373614,92.82704445350838,94.42150359183165,202311600
2011-10-18,94.87820434570312,95.59029255721393,92.26204519110509,92.98961691886637,318857900
2011-10-19,93.75586700439453,95.26519065653974,93.43078409047897,94.72337989478376,226601300
2011-10-20,94.16609954833984,94.50666007786047,92.74191747093393,93.9880745742028,262075600
2011-10-21,95.95408630371094,96.07018906420255,94.98657314166695,95.27295325828368,278999400
2011-10-24,97.13056182861328,97.3705090641832,96.02372673879523,96.10886835379898,203215600
2011-10-25,95.24198150634766,96.71259653327311,95.0329953926818,96.66615779922768,268596800
2011-10-26,96.20948791503906,96.57326781554575,94.59180322882729,96.24818488901794,289053800
2011-10-27,99.56092071533203,100.1723834840536,97.99741704137712,98.78690472741707,393220200
2011-10-28,99.53775024414062,99.73125285984815,98.91853951178403,99.07333924225759,225906500
2011-10-31,97.13829803466797,99.55320652518644,96.99897593673573,98.42315803840201,228146700
2011-11-01,94.42924499511719,95.59800205794717,94.05771749847489,94.45246435642686,416565800
2011-11-02,95.96955108642578,96.28689819566324,95.04074093712312,95.84571248895985,244717600
2011-11-03,97.71881103515625,97.91231363126548,95.6676823353524,96.96027826010665,291174800
2011-11-04,97.1228256225586,97.29310294671491,95.98502941277383,96.92932302647903,249401600
2011-11-07,97.7265396118164,97.82715882233938,96.13207441936956,97.05314854229542,196617200
2011-11-08,98.98043060302734,99.08879747298323,97.30082974454166,98.2373814569493,224426300
2011-11-09,95.32711791992188,97.37050477963632,95.09491245190553,96.66615252382238,337982000
2011-11-10,96.22492980957031,96.70481816959322,95.21871437589355,96.58871548028773,231866500
2011-11-11,98.0361328125,98.29155168543492,97.36274182603921,97.3937029420496,189924400
2011-11-14,97.1073226928711,98.64760139624555,96.6893564602773,97.67235275875608,159258300
2011-11-15,97.58724212646484,98.10582772757205,96.53458740781757,96.88288975955075,184709400
2011-11-16,96.03919219970703,97.78845109404384,95.899870120003,96.60421636917431,235782500
2011-11-17,94.51439666748047,96.10112011875329,93.83326974044654,95.86117291410135,331219600
2011-11-18,94.4137954711914,95.00978090791294,94.01904849582829,94.81627829913919,215580400
2011-11-21,92.61807250976562,93.15213558493248,91.8363204771269,93.03603286242499,229611600
2011-11-22,92.2542953491211,92.95864169570224,91.73570392752889,92.41683681371674,216494900
2011-11-23,90.2186279296875,92.25427855550744,90.2186279296875,91.38738499690628,224329100
2011-11-25,90.04834747314453,91.10100186010999,89.93998651318303,90.07930859102345,99557000
2011-11-28,92.6567611694336,93.02054691155277,91.96789255763612,92.52518085150132,210686000
2011-11-29,92.9199447631836,93.65525223267029,92.57937831993655,92.9199447631836,199241500
2011-11-30,96.7435302734375,96.921555212271,92.88122114751737,95.58251500909354,324439500
2011-12-01,96.72807312011719,97.24665863058408,96.3101068279523,96.63518975344823,176954800
2011-12-02,96.64292907714844,97.91230553018059,96.58100683426147,97.61818373431268,221109700
2011-12-05,97.69561004638672,98.43865944659656,97.0918827777932,98.17549279566273,225263900
2011-12-06,97.7265396118164,98.38444716880782,97.33953447179441,97.68783673572229,178842100
2011-12-07,98.09034729003906,98.50057188522119,96.72808723952978,97.4014725541755,237802500
2011-12-08,95.93858337402344,97.66462910416462,95.70638380525504,97.44790714455526,240862800
2011-12-09,97.56401062011719,97.81169370515006,96.28689231391644,96.37203392801186,209111400
2011-12-12,96.13982391357422,96.728073427218,95.3271165972541,96.71258991344223,215826100
2011-12-13,95.24198150634766,97.19248510425521,94.77757054497049,96.64293843220494,245159800
2011-12-14,94.22799682617188,95.22647065816662,94.01901667772134,94.86268493194811,238618800
2011-12-15,94.5685806274414,95.35806855131284,94.42151677775523,95.22648821487262,199109200
2011-12-16,94.70877838134766,95.7681089207314,94.48289705314934,95.20729211401202,220481400
2011-12-19,93.69619750976562,95.27740264005033,93.49367684035172,95.07488197063643,183903000
2011-12-20,96.53144836425781,96.69502066902176,93.75849815318674,95.16833988187693,225418100
2011-12-21,96.71841430664062,96.86641088486559,95.6123502553884,96.53147532650802,194230900
2011-12-22,97.57522583007812,97.67648915042119,96.76515492343225,97.07671791398076,119465400
2011-12-23,98.44758605957031,98.47874353716234,97.6842486579498,97.88676334827619,92187200
2011-12-27,98.5254898071289,98.78253457423318,98.19055430708814,98.27623589612288,86075700
2011-12-28,97.23249053955078,98.55665087570887,97.15459980377952,98.5410751056275,119107100
2011-12-29,98.2373046875,98.33856205757967,97.25586470123163,97.55185189716788,123507200
2011-12-30,97.75437927246094,98.40088376480959,97.75437927246094,98.15941472319177,95599000
2012-01-03,99.31220245361328,99.99765518366853,99.25767834487544,99.51472311864616,193697900
2012-01-04,99.46797943115234,99.55366101853953,98.69685108734961,99.07851983127676,127186500
2012-01-05,99.73283386230469,99.8808304486514,98.47877910669065,98.93055378092969,173895000
2012-01-06,99.47577667236328,99.87302715368646,99.14863201371232,99.8574454407894,148050000
2012-01-09,99.71723175048828,99.84184978016222,99.24209059910301,99.70165003976797,99530200
2012-01-10,100.58184051513672,100.98686994334926,100.4416288781679,100.78435522924299,115282000
2012-01-11,100.6363296508789,100.76874445098824,100.10667045044163,100.27023678013416,111540700
2012-01-12,100.8778305053711,101.0258270685149,100.12227786169518,100.92457564533612,118983700
2012-01-13,100.35596466064453,100.51954295119401,99.48357880535629,100.20018317010961,179836200
2012-01-17,100.74540710449219,101.50875648271989,100.40268075269425,101.32181159482178,132209200
2012-01-18,101.8592758178711,101.91379398614163,100.54290035570153,100.72204845911158,163395200
2012-01-19,102.39672088623047,102.48240247165744,101.88263137366867,102.20977600383614,126328900
2012-01-20,102.77841186523438,102.77841186523438,101.97612583865123,102.22538575020202,138230200
2012-01-23,102.51356506347656,103.01207291825237,102.02284212262865,102.4356683827384,129295800
2012-01-24,102.39672088623047,102.42787242394778,101.72684991435513,101.88263137366867,103083300
2012-01-25,103.25352478027344,103.49498782483886,101.84368296365838,102.2409274674244,198613200
2012-01-26,102.723876953125,103.90782568401318,102.31883560552389,103.71309586685021,184880500
2012-01-27,102.67715454101562,102.85630266382083,102.15526811678845,102.22537989124794,135259100
2012-01-30,102.32661437988281,102.38114443039174,101.30623210083016,101.65674337361986,147311800
2012-01-31,102.28765869140625,102.95751768633497,101.78913907317894,102.83289966714001,157212000
2012-02-01,103.18341064453125,103.70528499767019,102.9185810119584,103.0431990308762,166234500
2012-02-02,103.34700012207031,103.6118416992735,102.98091901003714,103.38594846154412,113090400
2012-02-03,104.79579162597656,104.85810659279147,104.19603235544174,104.37518045668172,160598500
2012-02-06,104.72562408447266,104.77235730804941,104.24269826037032,104.3595313193122,107694500
2012-02-07,104.99049377441406,105.16965371380857,104.09474161888755,104.50756776555923,135528100
2012-02-08,105.30207824707031,105.32544486995506,104.61662561481751,105.04503350997551,139361400
2012-02-09,105.43451690673828,105.61366501780766,104.81137908976379,105.47346524880518,148602900
2012-02-10,104.65560150146484,104.74128310305443,104.25056012255361,104.49982001276537,167907500
2012-02-13,105.43451690673828,105.55914684720625,104.95159074413156,105.40336536430394,115841900
2012-02-14,105.30207824707031,105.36439320321716,104.569892369048,105.15408171189185,165329500
2012-02-15,104.8114013671875,105.80063241619212,104.60108978361724,105.64485090017881,195195100
2012-02-16,105.97199249267578,106.06545902242597,104.63225010120811,104.81919504607598,186567800
2012-02-17,106.25236511230469,106.42372827775993,105.90185386855099,106.3380466950323,129869400
2012-02-21,106.2990951538086,106.75086967771261,105.97195054381521,106.50160984989132,134042300
2012-02-22,105.9563980102539,106.36143939931765,105.76945308790926,106.13554613248043,124455300
2012-02-23,106.42373657226562,106.50162136285716,105.54355405249657,105.90186212238258,137704300
2012-02-24,106.65742492675781,106.86773648711912,106.42375862120804,106.65742492675781,105539100
2012-02-27,106.8365478515625,107.12474411859982,105.77721738782238,105.94858054264522,145728900
2012-02-28,107.14813232421875,107.27276225926039,106.65740938334531,106.86772091305747,129355900
2012-02-29,106.72750854492188,107.63884255222018,106.35361878395587,107.30390112702523,185934700
2012-03-01,107.28056335449219,107.48309000082347,106.65742547065987,106.9534186396877,145023500
2012-03-02,106.95340728759766,107.3506637376261,106.71194420601621,107.21045208309685,120638300
2012-03-05,106.51717376708984,106.86768494171926,106.15108088448378,106.7898001725576,140765000
2012-03-06,104.95938110351562,105.48904054993434,104.65560303621878,105.42673746183348,202129900
2012-03-07,105.69157409667969,105.86293731357804,105.09958775271568,105.200851076892,143692200
2012-03-08,106.74307250976562,106.96118080103467,106.11994671309769,106.33804311900401,116968900
2012-03-09,107.15594482421875,107.43634439109998,106.81321839531967,106.9456332636913,122836800
2012-03-12,107.16368103027344,107.30388074998919,106.78200642877867,107.14031441032081,104003500
2012-03-13,109.09541320800781,109.14994325296256,107.56094154629743,107.74010150655197,184090500
2012-03-14,108.97858428955078,109.39919541318949,108.64364286494815,109.126580834001,145163600
2012-03-15,109.60951232910156,109.65624558010605,108.8617446569381,109.14215604832891,165118500
2012-03-16,109.76128387451172,109.90209803525319,109.52658166915923,109.80822192809221,152893500
2012-03-19,110.19153594970703,110.52793319030522,109.61260560984577,109.69084363379469,125291100
2012-03-20,109.8708267211914,110.0038218724191,109.24495805736268,109.56571738897453,121729700
2012-03-21,109.69091033935547,110.03512681669592,109.46402709439856,109.93343164865489,122388400
2012-03-22,108.9007568359375,109.17457817505881,108.54089032232905,108.8851068326422,135216700
2012-03-23,109.25276184082031,109.37793794360664,108.39220299342735,108.99460254281757,120521000
2012-03-26,110.78617095947266,110.78617095947266,109.99601896723917,110.03512606528206,120164000
2012-03-27,110.44190979003906,110.95825225555744,110.3715027095002,110.8878451750186,119868500
2012-03-28,109.89427947998047,110.55926707510885,109.24494188192985,110.38715291960386,148562100
2012-03-29,109.70657348632812,109.90998774382496,108.8147141792949,109.2449997961654,164963700
2012-03-30,110.16029357910156,110.34805777231199,109.5657248734476,110.24635067547476,135486800
2012-04-02,110.96605682373047,111.25552801285949,109.80820787955994,110.02726005987738,151741100
2012-04-03,110.51231384277344,110.99736823835732,109.86297626376657,110.80960409128133,155806700
2012-04-04,109.41710662841797,109.79262316976023,109.01029007844807,109.69874701878857,146896000
2012-04-05,109.3622817993164,109.68304106813314,108.94764642741164,109.04153446794919,137439400
2012-04-09,108.13402557373047,109.401400713972,107.83673533097772,107.9853804523541,127555900
2012-04-10,106.31902313232422,108.22791708127022,106.20949701742327,107.9228077656568,235360300
2012-04-11,107.1795654296875,107.6020197781741,106.98398228109318,107.40643662957977,154133000
2012-04-12,108.57996368408203,108.66602076928251,107.2030622583254,107.28130031303535,154321500
2012-04-13,107.28909301757812,108.60341800200705,107.18738595890169,108.32959681516196,169246700
2012-04-16,107.21868896484375,107.99319062594623,106.85099167499668,107.83672648796734,147825300
2012-04-17,108.80682373046875,109.02587591210957,107.72720087991858,107.836726970739,147877600
2012-04-18,108.43915557861328,108.80685296891369,108.25922236765302,108.32181042743306,123884200
2012-04-19,107.74288940429688,108.86161973649276,107.23437778738109,108.45481521794127,198666700
2012-04-20,107.92277526855469,108.61123174774285,107.8601872306787,108.2200654641037,143199600
2012-04-23,107.01526641845703,107.10915444381315,106.35029090002573,106.8196832770159,171844900
2012-04-24,107.422119140625,107.69594040652194,107.023133694201,107.10919078312989,137484200
2012-04-25,108.89290618896484,108.93984424776879,108.37656366721868,108.47043978482657,150252200
2012-04-26,109.6517333984375,109.77690947179639,108.59557967782386,108.6581677145033,136291600
2012-04-27,109.83171081542969,110.1446391875189,109.37013728848981,109.98035597028033,130725000
2012-04-30,109.42488098144531,109.6908831963436,109.12760264560129,109.61264514417633,115092200
2012-05-01,110.10555267333984,110.8252976136305,109.23716255041604,109.36232676017418,138832200
2012-05-02,109.77691650390625,109.88644259074948,109.10410998831269,109.46397630046265,121081000
2012-05-03,108.9398193359375,109.87861610969104,108.73641714848297,109.79255904241246,143759700
2012-05-04,107.1795654296875,108.97893278424485,107.11697738964355,108.3687143156264,193927300
2012-05-07,107.25782012939453,107.61768649375178,106.7571276686954,106.79623475453215,127765900
2012-05-08,106.82752990722656,106.99964405192841,105.55232381805807,106.61629674101076,213377700
2012-05-09,106.19386291503906,106.87448865890656,105.21594687502179,105.69317038004829,220752500
2012-05-10,106.4129409790039,107.06227881966129,106.17041965221293,106.92927170098118,150600000
2012-05-11,106.09217834472656,107.07791362480154,105.7010118456954,105.74794991558647,153032400
2012-05-14,104.91866302490234,106.09216234502095,104.76219883637701,105.07512721342769,163910000
2012-05-15,104.31623077392578,105.46626070334197,104.15194760540842,104.84822317364794,207629300
2012-05-16,103.9172592163086,105.26287248319319,103.89379018912051,104.78564903461842,207265500
2012-05-17,102.3760986328125,104.06594080710524,102.32132959188472,103.94076465994553,247992900
2012-05-18,101.4998550415039,102.95499443054717,101.35120990936475,102.7750493035101,319615900
2012-05-21,103.24444580078125,103.2835648226751,101.66413042837583,101.82842554535019,177861100
2012-05-22,103.42438507080078,104.23018683200779,102.75157844190996,103.51044214905833,197531200
2012-05-23,103.47914123535156,103.62778634636886,101.6954237780413,102.68115860315002,204958400
2012-05-24,103.68257141113281,103.9250926840689,102.81418147218146,103.76080947092919,167357600
2012-05-25,103.34617614746094,103.93292579567715,103.09582390091167,103.64345451842303,135465600
2012-05-29,104.5978775024414,104.77781067734288,102.61857676617687,104.1754231054011,152883500
2012-05-30,103.08016204833984,104.59007051027262,102.86894079423509,103.70603065529461,162370400
2012-05-31,102.85327911376953,103.61996180304455,101.96923935920434,103.0410432557642,196186000
2012-06-01,100.26376342773438,102.87675182585168,100.26376342773438,101.24167931961509,253240900
2012-06-04,100.21685028076172,100.71754286433854,99.46580543667007,100.44372157158206,202545800
2012-06-05,100.97569274902344,101.1243259425586,99.96647682678025,100.02123987997618,164149400
2012-06-06,103.24444580078125,103.29138385207408,101.6484804321284,101.67978042462326,184202800
2012-06-07,103.30702209472656,104.46487099886517,103.09578895049209,104.41793295291265,184772700
2012-06-08,104.12852478027344,104.1519938147599,102.71249205401737,103.04108241173586,143915400
2012-06-11,102.8063735961914,105.02819626104522,102.70466649491077,104.96560819390739,169756100
2012-06-12,103.98765563964844,104.0580627139963,102.61075445678874,103.10361591467286,181931800
2012-06-13,103.32269287109375,104.33189687440444,102.97063358074186,103.6825592540772,172223900
2012-06-14,104.41798400878906,104.83261953403932,103.25230356872565,103.53394391959884,230615500
2012-06-15,105.48585510253906,105.58021761634738,104.6680186511615,104.88820584958248,169444500
2012-06-18,105.69035339355469,105.94986240939254,104.809604248389,105.04552262636042,131360900
2012-06-19,106.71265411376953,107.14516912293445,105.66675854590042,106.22509828487817,137382600
2012-06-20,106.53962707519531,107.02719480712925,105.58810624220497,106.72050458832928,206451800
2012-06-21,104.14904022216797,106.775568510634,104.06253721868882,106.66547486977935,205272200
2012-06-22,104.95114135742188,105.14773797078492,104.29056761705023,104.69163238786605,130029200
2012-06-25,103.26825714111328,103.88163750981303,102.8986546113451,103.84231579401373,146375700
2012-06-26,103.78729248046875,104.10185429693475,102.96158421129175,103.56710520859573,141634000
2012-06-27,104.72306823730469,104.92752436747722,103.77940702214198,104.13327847791507,108088000
2012-06-28,104.42424774169922,104.58153462560914,103.23680856372836,104.03105453053348,169242100
2012-06-29,107.02722930908203,107.16091360146918,106.04424598331643,106.31947411494589,212250900
2012-07-02,107.3495864868164,107.45968008576102,106.57107175117322,107.32599585842131,129524500
2012-07-03,108.05734252929688,108.13597395838104,107.21590344290928,107.32599704306908,80450000
2012-07-05,107.56975555419922,108.36401324063958,107.1765624814823,107.65625851016895,126177500
2012-07-06,106.54749298095703,106.76768020335194,106.04420618701101,106.53176189384206,151192100
2012-07-09,106.41378021240234,106.61037675107501,105.92621263696984,106.4609614617957,103780500
2012-07-10,105.48585510253906,107.12939954764647,105.12411213410326,106.95639360612965,167884800
2012-07-11,105.5016098022461,105.84762176272719,104.88822932659507,105.54093152490168,141733400
2012-07-12,104.99042510986328,105.55662417623633,104.27482273370744,104.8882030557279,143583200
2012-07-13,106.751953125,106.8620467403317,105.24995223066425,105.26568331836995,129642600
2012-07-16,106.50029754638672,106.8148592857489,106.08351374112235,106.50816908943541,97525200
2012-07-17,107.2316665649414,107.45185383104409,105.80830888073979,106.92497630149082,138860300
2012-07-18,108.02589416503906,108.23822184937866,106.91709847860787,106.97999883019352,113349700
2012-07-19,108.30899810791016,108.66286959653014,107.90008580960925,108.2460857544859,129847300
2012-07-20,107.31815338134766,107.86076191932654,107.20020022061497,107.69561549499652,142904500
2012-07-23,106.23290252685547,107.24734738381383,105.24991983562474,105.74534695178117,145210900
2012-07-24,105.32076263427734,106.35879881491167,104.61301941970558,106.31161753384801,173301200
2012-07-25,105.3443374633789,105.81616214876293,104.78599778647333,105.54093408211526,129122300
2012-07-26,107.08223724365234,107.31029602479062,106.36662272247354,106.86205000625955,156526500
2012-07-27,109.05606842041016,109.3627706588823,107.05865209340269,107.64844193790123,236768900
2012-07-30,109.05606842041016,109.5750863634021,108.73365909155616,108.930255706389,106782000
2012-07-31,108.29327392578125,109.20547300926911,108.29327392578125,108.90665434368857,120575900
2012-08-01,108.1988754272461,109.09535522396617,108.0494601279092,109.07176459768152,138293800
2012-08-02,107.45182800292969,108.18317353186109,106.61826041028982,107.38105611283079,199556600
2012-08-03,109.58293151855469,109.81097825714993,107.4832696183773,108.96167964567756,157825000
2012-08-06,109.79524993896484,110.227764798203,109.74806868146659,109.87389336766361,86326200
2012-08-07,110.34571838378906,110.81754290865582,110.11765966403073,110.2356127954221,109545100
2012-08-08,110.47943878173828,110.60525149665966,109.94468974592796,109.9761519241372,89754700
2012-08-09,110.57378387451172,110.79397109002063,110.21204087800234,110.3221344857568,90291700
2012-08-10,110.75464630126953,110.79396801708478,109.94466935254765,110.12553484613429,99792700
2012-08-13,110.69963073730469,110.7546715525526,110.12555995398435,110.56594647249612,79426900
2012-08-14,110.71533203125,111.17930911018857,110.38505119493522,111.10852521723957,102379400
2012-08-15,110.84115600585938,111.02989305364966,110.52660625884592,110.5973781520284,71085900
2012-08-16,111.65901184082031,111.7926960919988,110.72321008326645,110.99843813005587,112014200
2012-08-17,111.80840301513672,111.90277753457971,111.55676562832946,111.84772473162937,90813700
2012-08-20,111.81631469726562,111.83990533576902,111.3444779285826,111.65116822843432,78255700
2012-08-21,111.47814178466797,112.52403723078434,111.23436389860049,112.09152227196851,105581100
2012-08-22,111.52532958984375,111.7061951094697,110.9355397656114,111.19503672888551,133243500
2012-08-23,110.61309051513672,111.2579209871517,110.4400845837738,111.25006144456309,111466400
2012-08-24,111.28152465820312,111.53317404215623,110.2670915774869,110.33786346698507,99481200
2012-08-27,111.30513763427734,111.72979305512865,111.1478627373828,111.58037770332191,68785900
2012-08-28,111.19499969482422,111.54101152968828,110.8568594012166,111.02199377739218,75689600
2012-08-29,111.28152465820312,111.58035530182168,110.97483447107467,111.28939620101607,65421300
2012-08-30,110.47943878173828,110.83331029110848,110.24352044238977,110.80184811289924,96589900
2012-08-31,111.00627899169922,111.52529676409193,110.37716763115967,111.10850103828481,151970400
2012-09-04,110.9040298461914,111.24218210615359,110.19628716150703,110.9118893873814,120226200
2012-09-05,110.80974578857422,111.25012039291242,110.58955848640511,110.95128962597948,100660300
2012-09-06,113.05875396728516,113.0666135099979,111.47025039027879,111.47810993299152,158272500
2012-09-07,113.49919128417969,113.54637256522331,113.14531967704411,113.24754178620243,107272100
2012-09-10,112.85430145263672,113.58564700220639,112.81499173434125,113.38905041351502,86458500
2012-09-11,113.1688461303711,113.53057707941093,112.89360614798285,112.92506831703952,88760000
2012-09-12,113.54632568359375,113.67215038063118,113.16099204865542,113.54632568359374,87640900
2012-09-13,115.27635955810547,115.63023097703945,113.23176247131906,113.53058109210889,225470200
2012-09-14,115.78751373291016,116.4716659185985,115.41003970005299,115.50441420791813,169777000
2012-09-17,115.39437103271484,115.74824259374233,115.10339983867749,115.55164594880407,119427800
2012-09-18,115.29998779296875,115.44940315174887,115.00902862016915,115.19776570483448,98326600
2012-09-19,115.36280822753906,115.732410557591,115.13476159801378,115.43358007815415,128318300
2012-09-20,115.3707275390625,115.43362787723534,114.52142898211191,114.83597867018186,154009800
2012-09-21,115.322509765625,115.95497951839872,115.27507664525447,115.93126295821345,108737500
2012-09-24,115.14859771728516,115.40949198218358,114.66634081490182,114.75330556986796,95682000
2012-09-25,113.9231948852539,115.61504469229772,113.89156475987463,115.39368206807578,133165200
2012-09-26,113.28282165527344,113.93110658665726,113.01402588227205,113.89948852180507,146502200
2012-09-27,114.35006713867188,114.61096130139467,113.45670337510784,113.75712914976214,111830300
2012-09-28,113.82040405273438,114.28684581837275,113.41721046837263,113.91527029297077,150696100
2012-10-01,114.12085723876953,115.18023738640338,113.85204938810422,114.25525513242218,135911200
2012-10-02,114.23942565917969,114.75330060323745,113.7097356521692,114.57146960103589,113422200
2012-10-03,114.70589447021484,114.97469028687141,113.94694015690673,114.54777999355576,121283100
2012-10-04,115.52811431884766,115.69413030473434,114.9826090956391,115.14072357950896,124311600
2012-10-05,115.5360107421875,116.34241025684682,115.18815165494775,116.14476414485708,124842100
2012-10-08,115.14073181152344,115.52020901261426,114.87983746597264,115.10911373783367,78415400
2012-10-09,114.00222778320312,115.14857234545569,113.9626961645,115.05370611125326,148872900
2012-10-10,113.27490234375,114.09711666093573,113.12468941676275,113.9864232929599,124247500
2012-10-11,113.33820343017578,114.23156784661013,113.31448685835568,114.0655397805063,123601500
2012-10-12,112.96660614013672,113.80462368665958,112.72152690257181,113.41724504535794,124181900
2012-10-15,113.90741729736328,114.02600014815292,112.87175352259295,113.23541564058934,107689100
2012-10-16,115.06165313720703,115.14071640589701,114.36594703885191,114.44499824418078,108815500
2012-10-17,115.58341979980469,115.67829811687976,114.96676502393132,115.14069453131701,128834100
2012-10-18,115.28298950195312,115.836396008484,114.89559891570296,115.28298950195312,148108500
2012-10-19,113.36185455322266,115.07742061679637,113.09305885220692,115.06951911853925,185645200
2012-10-22,113.377685546875,113.58323310065244,112.48432152066796,113.17212592973975,125578600
2012-10-23,111.80442810058594,112.31040156028635,111.33798626779438,112.15228711600976,192056300
2012-10-24,111.48818969726562,112.342022099521,111.31426020439743,112.2076121668301,120179400
2012-10-25,111.81231689453125,112.48431828554067,111.13242606773899,112.27877073767492,134457400
2012-10-26,111.74909973144531,112.13647833211198,110.99013346771386,111.7095681023227,146023500
2012-10-31,111.74909973144531,112.28669128476213,111.21939761524969,112.14439189595221,103438500
2012-11-01,112.91915130615234,113.06145068254375,111.88348785566448,111.98625560638324,100995600
2012-11-02,111.91506958007812,113.62273392245801,111.7964868049217,113.5911038068466,137702200
2012-11-05,112.14439392089844,112.39737463780388,111.41704570931593,111.74910174925391,98378500
2012-11-06,113.02192687988281,113.46465211874612,112.36574052108257,112.4843233302931,107068100
2012-11-07,110.46044158935547,112.00998009313278,109.9386530456234,111.99417709243252,264304500
2012-11-08,109.13224029541016,111.00593309773856,109.04527554877585,110.44461299430668,181517300
2012-11-09,109.22713470458984,110.23908168911582,108.7448777773267,108.80021240787318,201055300
2012-11-12,109.31409454345703,109.74100475759747,109.0690153405839,109.56707524652123,97677500
2012-11-13,108.93458557128906,110.0888437471796,108.59464017454569,108.73693953224564,123018300
2012-11-14,107.46412658691406,109.44058749284592,107.21904736471612,109.26667003141515,191505000
2012-11-15,107.28229522705078,107.9068636268609,106.87118798215702,107.50365788275664,178128400
2012-11-16,107.81199645996094,108.02545763697218,106.49172188985662,107.44042080727371,239483900
2012-11-19,109.99395751953125,110.00976051416589,107.84356804046027,109.0215304985397,151495800
2012-11-20,110.04142761230469,110.22325861854942,109.16387858097224,109.82006497947836,119807400
2012-11-21,110.2469482421875,110.34182653547083,109.91490437408535,110.13626695282012,81710800
2012-11-23,111.74909973144531,111.78861929720838,110.71342412721523,110.7845858849797,65409200
2012-11-26,111.51191711425781,111.75699631533266,110.83201413868294,111.19567615854916,100124400
2012-11-27,110.94268798828125,111.7807053536126,110.87153830179646,111.40122829566897,128646200
2012-11-28,111.8360366821289,111.89927279696998,109.891194408462,110.49203400630424,177086500
2012-11-29,112.35787200927734,112.6661995002098,111.76493359876395,112.25510422120843,151085900
2012-11-30,112.381591796875,112.59505300851046,111.99421307813874,112.37369029398597,136568300
2012-12-03,111.82811737060547,112.99027695060089,111.74115263797465,112.89541071986032,124656300
2012-12-04,111.67005920410156,112.16021772758887,111.36963323764833,111.82027218732819,127512200
2012-12-05,111.86766815185547,112.38945663702762,110.97430411482051,111.76488834204211,147300500
2012-12-06,112.24713897705078,112.29457209791579,111.59886621963365,111.76488214266115,103220600
2012-12-07,112.58712005615234,112.8084827088426,112.00208329497963,112.68198631777393,108726400
2012-12-10,112.63453674316406,112.90333248742294,112.38154399796178,112.42898918520575,98840700
2012-12-11,113.40139770507812,113.93108766272628,113.04563723362575,113.10097185376587,152570400
2012-12-12,113.45674896240234,114.2789633928707,113.2986345144997,113.84413961361908,145880100
2012-12-13,112.76105499267578,113.70975384452646,112.47644413078454,113.38561135060802,135715000
2012-12-14,112.34200286865234,112.72147985024272,112.16807340555765,112.51593233174704,137701700
2012-12-17,113.66230773925781,113.72555593061078,112.60291561329433,112.63454574065032,143238200
2012-12-18,114.9272232055664,115.0300030135506,113.67809870118404,113.84412669382327,177762800
2012-12-19,114.07340240478516,115.0932628989129,114.0338828407961,115.05373127156487,150895400
2012-12-20,114.72956848144531,114.74538354225326,113.82830302910114,114.1445439284761,168487000
2012-12-21,113.68816375732422,114.72321499888498,113.01140836205043,113.19452898089904,245883800
2012-12-24,113.3378677368164,113.50506115262982,113.21047417787008,113.44136437315666,53874600
2012-12-26,112.86015319824219,113.62450243844248,112.54168143502815,113.56876319797456,106947700
2012-12-27,112.70882415771484,113.12284698278448,111.40307107764619,112.89194473174209,167920600
2012-12-28,111.49069213867188,112.59739781156479,111.3632985859417,111.97636942815254,148806700
2012-12-31,113.38562774658203,113.50505160497465,111.10055001502454,111.19610125065608,243935200
2013-01-02,116.29170227050781,116.36335657357743,115.23276635690014,115.53532294619245,192059000
2013-01-03,116.0289535522461,116.53851549304117,115.71843943440088,116.23597106341954,144761800
2013-01-04,116.53849792480469,116.72958817963901,115.98116653434602,116.22002631566063,116817700
2013-01-07,116.22005462646484,116.33152093170939,115.79010448558154,116.12451555023127,110002500
2013-01-08,115.8856201171875,116.17224940676793,115.4317853466383,116.01301361231488,121265100
2013-01-09,116.1802749633789,116.49875888765726,115.9573422908438,116.14046295422916,90745600
2013-01-10,117.10388946533203,117.11184700958826,116.22011609599002,116.82521748037132,130735400
2013-01-11,117.09590148925781,117.1595861246018,116.7296480169734,117.07200456485461,113917300
2013-01-14,117.01625061035156,117.09587460963273,116.58630045249984,116.95255384070995,89567200
2013-01-15,117.09590148925781,117.20736782448884,116.40320655346851,116.47486087992002,93172600
2013-01-16,117.0799789428711,117.26309961188424,116.7296526898582,116.85704626348468,104849500
2013-01-17,117.83631896972656,118.17071787650049,117.15955146742871,117.5974591366264,133833500
2013-01-18,118.0990982055664,118.22649177376867,117.38251849611822,117.812468751571,169906000
2013-01-22,118.73602294921875,118.73602294921874,117.82039558395674,118.0990674231487,111797300
2013-01-23,118.92711639404297,119.03062517315155,118.521063116561,118.73603821589508,104596100
2013-01-24,118.9589614868164,119.54017781443424,118.64047763345837,118.75194394490448,146426400
2013-01-25,119.62779998779297,119.62779998779297,118.92714742134123,119.33321295368071,147211600
2013-01-28,119.48440551757812,119.69141083223779,119.03852829160687,119.65955638449805,113357700
2013-01-29,119.95423126220703,120.10550961241832,119.16599719217346,119.2456212129962,105694400
2013-01-30,119.48440551757812,120.17708789451548,119.37292709940118,119.93822813211605,137447700
2013-01-31,119.18988037109375,119.73129697780786,119.11026850025794,119.34115871927739,108975800
2013-02-01,120.41600799560547,120.55931663550767,119.73924035450752,119.94624577289454,131173000
2013-02-04,119.0624771118164,120.43989721821401,118.97489555677909,119.68351768775652,159073600
2013-02-05,120.26471710205078,120.60707358311001,119.65960384411615,119.70738553467703,113912400
2013-02-06,120.352294921875,120.43190677251322,119.75515137196365,119.8427329119073,138762800
2013-02-07,120.19310760498047,120.50362189036163,119.31729185189437,120.39215553532536,162490000
2013-02-08,120.86186981201172,120.93352412989725,120.40007729299735,120.40007729299735,103133700
2013-02-11,120.83800506591797,120.94150171482141,120.53544836392344,120.81412028933102,73775000
2013-02-12,121.03703308105469,121.25996572518007,120.7105916561147,120.84594275083954,65392700
2013-02-13,121.1405029296875,121.50675627772785,120.79814649794383,121.2838236828912,82322600
2013-02-14,121.25202178955078,121.3953426048837,120.6389629624482,120.7743140859223,80834300
2013-02-15,121.10868835449219,121.49085686901957,120.66282306272392,121.36346331453775,215226500
2013-02-19,122.01634216308594,122.04022693515225,121.14849638089623,121.31568978536042,95105400
2013-02-20,120.4955825805664,121.96854127367368,120.43188582178676,121.92872928082208,160574800
2013-02-21,119.76312255859375,120.55931404919649,119.38095404480148,120.19307276691332,183257000
2013-02-22,120.93350982666016,120.93350982666017,119.81884673943853,120.3443238240336,106356600
2013-02-25,118.63253784179688,121.70583763023238,118.63253784179688,121.52271698022749,245824800
2013-02-26,119.44470977783203,119.58801848539467,118.41761544460383,119.20584978297032,186596200
2013-02-27,120.94944763183594,121.28384658724184,119.23762870309625,119.3411374805734,150781900
2013-02-28,120.71057891845703,121.71377571116159,120.55134306787298,120.94146907946642,126866000
2013-03-01,121.10868835449219,121.291808995986,119.75516524764762,120.29656963081824,170634800
2013-03-04,121.75360107421875,121.75360107421875,120.63893784887276,120.83001603097894,99010200
2013-03-05,122.84436798095703,123.17080937659763,122.32684842116923,122.34277565115377,121431900
2013-03-06,123.0115737915039,123.3459727284069,122.74087162576103,123.28227595724678,94469900
2013-03-07,123.2345199584961,123.39375582943659,123.02751454116526,123.17082318033624,86101400
2013-03-08,123.7600326538086,123.92722609776963,123.13900413554092,123.7759598885879,123477800
2013-03-11,124.22974395751953,124.23770149795999,123.51317655254421,123.66445486332975,83746800
2013-03-12,123.9510726928711,124.28548377562022,123.57687390773135,124.14216300459677,105755800
2013-03-13,124.12622833251953,124.30139140387001,123.59278157846708,124.01476202792523,92550900
2013-03-14,124.78707122802734,124.84281045594741,124.13420061573514,124.45267230725578,126329900
2013-03-15,124.62230682373047,124.79024380144725,124.2064425406604,124.63830488925777,138601100
2013-03-18,123.93452453613281,124.47034375181482,123.31872720344563,123.43068924548446,126704300
2013-03-19,123.64665222167969,124.3664066481782,122.83092158948435,124.19846964337212,167567300
2013-03-20,124.5103759765625,124.7183020687351,124.16648459775412,124.37442289287831,113759300
2013-03-21,123.44673156738281,124.47038837672234,123.23880547275039,123.76661974419451,128605000
2013-03-22,124.43840789794922,124.43840789794922,123.74263217947531,123.83860839754706,111163600
2013-03-25,123.91852569580078,124.97417825950807,123.43869360561798,124.76624003777629,151322300
2013-03-26,124.91021728515625,124.94220121487461,124.29441986227269,124.43037291873675,86856600
2013-03-27,124.91021728515625,124.95020634951607,123.9585336869587,124.16645973750094,99950600
2013-03-28,125.29413604736328,125.43809429659576,124.55838333726969,124.83028955998718,102932800
2013-04-01,124.79824829101562,125.4860186697543,124.49434606230946,125.23009843443364,99194100
2013-04-02,125.41404724121094,125.7259424050486,125.05415788044171,125.24609805932205,101504300
2013-04-03,124.1424331665039,125.58195365031916,123.81455221978554,125.48598968571336,154167400
2013-04-04,124.64634704589844,124.89426224620988,124.03054941086612,124.30245561746877,131885000
2013-04-05,124.0865249633789,124.23847612432373,122.9748970316195,123.11884305591319,159666000
2013-04-08,124.9262466430664,124.93423957676079,123.75863156722048,124.17449597541999,86571200
2013-04-09,125.35807037353516,125.81392375958201,124.74227292680418,125.15813724694259,101922200
2013-04-10,126.89356994628906,127.05351402540724,125.66198711383299,125.69397104847621,135711100
2013-04-11,127.30944061279297,127.72530500143529,126.78960707625217,126.91756722705775,110142500
2013-04-12,126.99751281738281,127.18944079144055,126.29374437130845,126.90153662740543,116359900
2013-04-15,124.05455780029297,126.46176152774976,124.03857192916105,126.35779235061693,217259000
2013-04-16,125.88589477539062,125.94987483924736,124.68629603471327,124.99018608434592,147507800
2013-04-17,124.04654693603516,125.0142289296785,123.3827672913457,124.99022572053971,226834800
2013-04-18,123.27082061767578,124.2864847507634,122.79898116639,124.25448860321075,167583200
2013-04-19,124.34244537353516,124.39843252382215,123.25480833824123,123.55871069019133,149687600
2013-04-22,124.89421844482422,125.19011555394466,123.7585998011482,124.58232326946919,106553500
2013-04-23,126.1817855834961,126.30174057038577,124.89421584476862,125.51800618249261,166141300
2013-04-24,126.26182556152344,126.59771189230291,125.98990711978834,126.22183647865462,96781200
2013-04-25,126.7735824584961,127.37338175373489,126.43769631751613,126.62962428210588,131060600
2013-04-26,126.5496597290039,126.8375638819407,126.14178839395709,126.6216327165011,95918800
2013-04-29,127.39738464355469,127.67728368569635,126.69361616649167,126.89354928357102,88572800
2013-04-30,127.70127868652344,127.73327481991056,126.8455712641337,127.37339763847658,116010700
2013-05-01,126.58168029785156,127.4853820789631,126.43773428118861,127.42140200390682,138874200
2013-05-02,127.75723266601562,127.86919469791806,126.78155830103164,126.90151326273202,96407600
2013-05-03,129.05282592773438,129.4606973009525,127.7812542178231,128.8688908748228,144202300
2013-05-06,129.38075256347656,129.5646876638593,129.0928483092916,129.14883545455507,66882100
2013-05-07,130.0365447998047,130.07652167333373,129.29278702669035,129.6606694461899,90359200
2013-05-08,130.62832641601562,130.66831548858366,129.82060084312886,129.8925738519803,97419200
2013-05-09,130.26043701171875,130.91621133383927,129.93254374918357,130.57233220699737,106738600
2013-05-10,130.68431091308594,130.79627299223924,129.96454423028493,130.34842467562603,103203000
2013-05-13,130.78829956054688,131.0042308380263,130.21250315885905,130.5163933313976,81843200
2013-05-14,132.1398162841797,132.23579249578648,130.89223535985246,130.89223535985246,119000900
2013-05-15,132.85157775878906,133.11549098541767,131.88390813076876,131.92389720200666,120718500
2013-05-16,132.2278289794922,133.04355991867575,132.02789576322843,132.5797133925892,109913600
2013-05-17,133.50735473632812,133.58732067008916,132.53967297510192,132.7156151135067,129801000
2013-05-20,133.49929809570312,134.01913137787025,133.24339012226883,133.37934313986605,85071200
2013-05-21,133.69129943847656,134.19513488956432,133.15548005217033,133.61932643202152,95804200
2013-05-22,132.6995849609375,135.2107562922898,132.09179275891663,133.82721051999428,244031800
2013-05-23,132.31581115722656,132.68369367524286,131.1082188229852,131.2841610442596,211064400
2013-05-24,132.20379638671875,132.259783527081,131.14015054639748,131.5320239200794,151573900
2013-05-28,132.99549865722656,134.17909917546206,132.60362539377357,133.5872928148704,143679800
2013-05-29,132.13182067871094,132.5956670494168,131.4280520882674,132.29176475755236,160363400
2013-05-30,132.61968994140625,133.22748246833658,132.1318524517142,132.23582161928996,107793800
2013-05-31,130.71627807617188,133.00351357363792,130.46037001506545,132.25176305165994,176850100
2013-06-03,131.43605041503906,131.52402148428712,130.08450044338707,131.0201860692345,168390700
2013-06-04,130.8042755126953,132.03587067660268,130.140495922295,131.50804417778522,157631500
2013-06-05,128.97291564941406,130.6923363359142,128.86095354242738,130.42842304024103,211737800
2013-06-06,130.14048767089844,130.14849280710018,128.15715416215764,128.91689772128058,200225500
2013-06-07,131.79592895507812,131.91588395846816,130.46836997045952,131.0361854600568,188337800
2013-06-10,131.79592895507812,132.27576117158873,131.45203760710922,132.2037881695547,105667100
2013-06-11,130.43641662597656,131.5880215374363,130.14851234737327,130.5963607356554,159505400
2013-06-12,129.35675048828125,131.46804410395956,129.23679547720062,131.33209102375108,177361500
2013-06-13,131.3240966796875,131.55601376626873,128.99687186611698,129.28477609256848,163587800
2013-06-14,130.50035095214844,131.69195683832396,130.2844319509299,131.1801284971852,141197500
2013-06-17,131.50802612304688,132.13181655311737,130.53235140874162,131.3880589154483,136295600
2013-06-18,132.5477294921875,132.747662708519,131.57205442025344,131.58004735584285,114695600
2013-06-19,130.71627807617188,132.66762737927644,130.6603031452532,132.43571031755656,206149500
2013-06-20,127.47734069824219,130.73225744968641,127.14145455190992,129.44468778727196,321255900
2013-06-21,127.88664245605469,128.44136767174396,126.60029431331053,128.34489585467193,271956800
2013-06-24,126.2706298828125,127.37205703850252,125.20135590112969,126.55202229234223,222329000
2013-06-25,127.48460388183594,128.7146680762554,126.56003772904036,127.4122377834727,162262200
2013-06-26,128.7468719482422,129.0362996531184,128.03134404834333,128.52979810270392,134848000
2013-06-27,129.50259399414062,130.09753209846951,129.3980746909078,129.5186767179127,129483700
2013-06-28,128.971923828125,129.7598052379661,128.52170587964437,129.14076169256475,160402900
2013-07-01,129.72767639160156,130.6281124573743,129.50256737515838,129.64727505679127,131954800
2013-07-02,129.6071014404297,130.4834196592201,129.03628134021778,129.5347353238375,154863700
2013-07-03,129.66336059570312,130.05730751680247,128.81116040528406,129.02018670580443,75216400
2013-07-05,131.0623016357422,131.11053754492963,129.67948165725124,130.62011868898196,122416900
2013-07-08,131.80990600585938,132.1636521572693,131.1104611949013,131.7375521842123,108092500
2013-07-09,132.75865173339844,132.9194421676885,132.06724182517976,132.63804970703805,119298000
2013-07-10,132.8068389892578,133.25705694736286,132.35662103115277,132.62996589607093,121410100
2013-07-11,134.61573791503906,134.75241032678719,132.79877137264268,134.350428315463,135592200
2013-07-12,134.67202758789062,135.00969105186238,134.36652955907,134.5755558174756,104212700
2013-07-15,135.18658447265625,135.3795403100231,134.80872029168015,135.04187679527186,69450600
2013-07-16,134.68019104003906,135.35551854943932,134.31840932196963,135.27511715985514,88702100
2013-07-17,135.02581787109375,135.45191801962366,134.8489447225504,135.19465579198445,92873900
2013-07-18,135.76547241210938,136.0870655518331,135.22681770403653,135.31525428402009,103620100
2013-07-19,136.00660705566406,136.0548429394749,135.31519743016472,135.48403529102146,103831700
2013-07-22,136.27186584472656,136.46482157550207,135.8779191613777,136.19951204600358,79428600
2013-07-23,135.9825439453125,136.5372813678588,135.91019009042134,136.51316341622842,80829700
2013-07-24,135.48411560058594,136.56142520267693,135.2107583177579,136.50514179318918,112914000
2013-07-25,135.81370544433594,135.93430746950364,135.01778850883812,135.24289756812274,111088600
2013-07-26,135.9584197998047,135.99862047319849,134.6801193515351,135.24289197647863,107814600
2013-07-29,135.54031372070312,135.91817785432312,135.15441436185358,135.61266755032753,79695000
2013-07-30,135.54031372070312,136.09505094952905,135.2187329662484,135.95034329028027,85209600
2013-07-31,135.63677978515625,136.5532983081577,135.45990671339126,135.8216880810859,142388700
2013-08-01,137.2045135498047,137.32510325542384,136.5934929946186,136.6658590855085,110438400
2013-08-02,137.4376678466797,137.45375056445144,136.71410502470135,136.89901334275905,91116700
2013-08-05,137.23670959472656,137.44574817313784,136.9553294378592,137.13220257304312,54072700
2013-08-06,136.45687866210938,137.26889058401312,136.15138052198415,136.97141540432006,87495000
2013-08-07,136.0146942138672,136.21568531816777,135.50820497294572,136.02274170925423,84854700
2013-08-08,136.51312255859375,136.8186206103193,135.81366536808514,136.65783022506585,102181300
2013-08-09,136.11920166015625,136.7543403642499,135.64486563951877,136.3362754688042,91757700
2013-08-12,135.9584197998047,136.11921022585668,135.3715292243295,135.43584784825492,68593300
2013-08-13,136.3603515625,136.59349575391286,135.3955970955028,136.19956119592024,80806000
2013-08-14,135.660888671875,136.5130885421344,135.62872324232728,136.29601482899685,79829200
2013-08-15,133.76356506347656,134.60771764394772,133.53040857994992,134.59164719285755,152931800
2013-08-16,133.32142639160156,133.96460040595542,133.05611665064845,133.50633478043895,130868200
2013-08-19,132.46917724609375,133.62688759202553,132.4611297533318,133.16862213529444,96437600
2013-08-20,133.12042236328125,133.6188763489708,132.54156703327664,132.68627473201641,89294400
2013-08-21,132.30043029785156,133.48225939922926,132.00296728169795,132.75064857122823,159530500
2013-08-22,133.5063018798828,133.69925771689518,132.56566517604927,132.5737004022711,101471400
2013-08-23,133.95651245117188,134.12535033261096,133.2731502346809,133.9002413357057,90888900
2013-08-26,133.45806884765625,134.50322485237706,133.36963228723707,134.09319522337853,89702100
2013-08-27,131.31149291992188,133.4580761668891,131.21502112781786,132.13957518220624,158619400
2013-08-28,131.77777099609375,132.24407169014776,131.08636131422327,131.25518692132573,108113000
2013-08-29,131.98684692382812,132.68629209430645,131.36779084066114,131.48839287291477,119200500
2013-08-30,131.5687713623047,132.2762639717924,131.18287187873113,132.26018124861582,134928900
2013-09-03,132.16371154785156,133.1204311779458,131.60897413090458,132.83903872173326,142375100
2013-09-04,133.25714111328125,133.48225023451388,131.9547223022171,132.19590188387562,97389400
2013-09-05,133.42593383789062,133.77966786020008,133.2410131979637,133.33749726543255,63090500
2013-09-06,133.490234375,134.2459628217011,132.23605196027148,133.86809859835057,159756500
2013-09-09,134.76861572265625,134.8490048375892,133.81993093322987,133.81993093322987,87559300
2013-09-10,135.76547241210938,135.78959036414815,135.27505360811412,135.58056402397068,105847200
2013-09-11,136.19155883789062,136.19155883789062,135.34740606671312,135.5805503353905,94545900
2013-09-12,135.82977294921875,136.32019168789634,135.64486458570755,136.14331855148657,83209000
2013-09-13,136.13528442382812,136.2398037146023,135.66094840304493,135.97449400784495,72727800
2013-09-16,136.92315673828125,137.6708499096654,136.70608294432822,137.6065312941415,106299200
2013-09-17,137.53416442871094,137.56631759966749,137.0437457658608,137.0437457658608,82523300
2013-09-18,139.12600708007812,139.50387123498155,137.1402145272946,137.48591324442916,203460600
2013-09-19,138.8928985595703,139.56823804322534,138.75622607065273,139.50391941299515,146616900
2013-09-20,137.92181396484375,139.22250634462605,137.80871081561565,139.22250634462605,132867100
2013-09-23,137.28358459472656,137.86526147786097,136.84733309603533,137.73600953619047,104616500
2013-09-24,136.96043395996094,137.7683171366621,136.70191775362244,137.2593467905983,106333100
2013-09-25,136.56459045410156,137.3240027442997,136.44341288750445,137.04932537513218,117306500
2013-09-26,137.0896759033203,137.477456313342,136.57263124751907,136.79076312135746,77146900
2013-09-27,136.45950317382812,136.64531278860304,136.10403272656154,136.40294545389267,99141800
2013-09-30,135.73243713378906,136.16061419672548,135.0376571647628,135.30426007085268,143937000
2013-10-01,136.8069610595703,136.93622535179284,135.7001648348031,135.837503522544,127160000
2013-10-02,136.67770385742188,136.80696815634994,135.58706869443677,136.00717150229192,113350000
2013-10-03,135.41738891601562,136.48380074278336,134.78724095558755,136.36261085665777,176698000
2013-10-04,136.44337463378906,136.5807132798681,135.34465313783912,135.5223884038985,96878000
2013-10-07,135.26382446289062,136.08786845080814,135.11841146183633,135.25575007193686,96295000
2013-10-08,133.68846130371094,135.41733024847468,133.5915192986654,135.23959502101454,178015000
2013-10-09,133.7854461669922,134.27016863015245,132.92100533368043,133.94702032137894,168973000
2013-10-10,136.6695556640625,136.74226217020444,135.10226078598726,135.15073179008186,195955000
2013-10-11,137.55023193359375,137.59871529560667,136.34649348105407,136.45959667110458,105040000
2013-10-14,138.0995635986328,138.21266675961556,136.5969002728218,136.70192903920582,112106000
2013-10-15,137.09776306152344,138.269191120598,136.91195339548716,137.75214641665318,155485000
2013-10-16,139.01243591308594,139.08514242567335,137.85715679471468,137.92178891500896,161676000
2013-10-17,139.94151306152344,140.02230630331272,138.42268887257413,138.44692437964733,129389000
2013-10-18,140.88670349121094,140.98364549794732,140.17576256897027,140.4585265250383,138316000
2013-10-21,140.894775390625,141.17753934169173,140.57970154698936,140.9351720018224,104104000
2013-10-22,141.71075439453125,142.13084466228048,140.9190202101172,141.30681291047682,126663000
2013-10-23,141.03213500976562,141.29065114816459,140.53932590839827,141.22601903173592,105484000
2013-10-24,141.5006866455078,141.67842187175475,140.9836420766026,141.31487702800052,70350000
2013-10-25,142.1470489501953,142.1874455763343,141.51690102984938,141.79157836388336,93625000
2013-10-28,142.37326049804688,142.56715691425083,141.9450833653348,142.0985831539146,84979000
2013-10-29,143.13265991210938,143.18921765118665,142.49443763110517,142.69640842383444,87401000
2013-10-30,142.42166137695312,143.40727943442522,141.91270356697675,143.30226304710746,140002000
2013-10-31,142.0177764892578,142.90645290379993,141.80773130369278,142.30861492244262,133795000
2013-11-01,142.35708618164062,142.68023449004755,141.55727747645452,142.20358642058613,142805000
2013-11-04,142.85794067382812,142.91448606899442,142.1712352491206,142.74483755618027,85677000
2013-11-05,142.405517578125,142.79329790579683,141.84000203207978,142.3004888598186,85825000
2013-11-06,143.13265991210938,143.3992628377903,142.62368956968956,143.01955676127375,87348000
2013-11-07,141.322998046875,143.51236687764325,141.18565938624658,143.39926372610697,157000000
2013-11-08,143.22955322265625,143.24571433222604,141.25832931115644,141.27447809341152,136713000
2013-11-11,143.2538604736328,143.42350904888588,142.92262539028374,143.0922739655368,62614000
2013-11-12,142.96302795410156,143.28617632907324,142.4863674591359,142.94686683715688,83990000
2013-11-13,144.1101837158203,144.15056800683436,142.26012461117855,142.26012461117855,103844000
2013-11-14,144.8292694091797,144.9504469956467,144.00522483923456,144.23950561551183,103435000
2013-11-15,145.45936584472656,145.5159112558846,144.8776889816565,145.06349865734535,102818000
2013-11-18,144.95042419433594,145.8229396616175,144.62727579637442,145.70176209421226,104796000
2013-11-19,144.63528442382812,145.3139031473615,144.38484268018954,144.87765177575164,93891000
2013-11-20,144.18283081054688,145.36233268488178,143.78696383775662,144.926081437721,124909000
2013-11-21,145.34622192382812,145.45932504173624,144.4979423758597,144.58680999188147,92841000
2013-11-22,146.07333374023438,146.08949485304268,145.23314078395907,145.40278932283638,81296000
2013-11-25,145.92794799804688,146.3641995069211,145.71789047420566,146.33188960257908,79486000
2013-11-26,145.96829223632812,146.40455595279127,145.75017270541264,146.00061445911894,86994000
2013-11-27,146.32374572753906,146.42070005733407,145.94403978140485,146.12177500416192,58800000
2013-11-29,146.2268524169922,146.8327647888858,146.06527824995098,146.48538094611314,55870900
2013-12-02,145.8471221923828,146.5742119873228,145.62091593052074,146.29953471610696,99726000
2013-12-03,145.2169189453125,145.73396339311014,144.74834548835338,145.37041863450918,116563000
2013-12-04,145.2008514404297,145.80676387112607,144.08598095052594,144.69189338122231,123033000
2013-12-05,144.56256103515625,145.20886978904107,144.42522242814428,144.9422669657893,106934000
2013-12-06,146.17837524414062,146.31571389670836,145.54014066932314,145.96024334779506,127728000
2013-12-09,146.54998779296875,146.76811967921225,146.35610374059024,146.6065455264576,70124000
2013-12-10,146.02487182617188,146.5176810153308,145.93600419116558,146.21068148943306,80976000
2013-12-11,144.38487243652344,146.10566742977252,144.2071371636377,146.08143192231702,130591000
2013-12-12,143.90821838378906,144.49796958627195,143.60929325870788,144.32023432075914,115565000
2013-12-13,143.8920440673828,144.33638219039403,143.6173668012728,144.2071179496423,107808000
2013-12-16,144.788818359375,145.2654664567843,144.53028983563664,144.57068645838558,96195000
2013-12-17,144.32830810546875,144.94230713913146,144.0051598026171,144.91807163278347,89886000
2013-12-18,146.7923583984375,146.81659390551522,143.25383876459165,144.54644434223633,234906000
2013-12-19,146.62271118164062,146.79235973272677,145.99256333725597,146.37225706069765,136531200
2013-12-20,147.47555541992188,147.82483752962924,146.671417054434,146.7688853667983,197087000
2013-12-23,148.26345825195312,148.35280833692337,147.8898214560712,148.19847524522555,85598000
2013-12-24,148.58831787109375,148.653300859007,148.26341532576507,148.27153355141513,45368800
2013-12-26,149.34381103515625,149.42504291036684,148.90519113405344,148.92142759370037,63365000
2013-12-27,149.33567810058594,149.603715995051,149.18134498942905,149.53874537437284,61814000
2013-12-30,149.3113555908203,149.47380697949532,149.11640648786243,149.3519591423042,56857000
2013-12-31,150.01797485351562,150.01797485351562,149.40064243486384,149.51437200187212,86119900
2014-01-02,148.58026123046875,149.51437812538663,148.22286084592577,149.44126448728082,119636900
2014-01-03,148.55587768554688,149.13259413200743,148.34469220637726,148.83204617236285,81390600
2014-01-06,148.12542724609375,149.1001479088348,147.89799283792902,149.04329550391648,108028200
2014-01-07,149.03512573242188,149.28692716144724,148.6046241161703,148.7183412903831,86144200
2014-01-08,149.06761169433594,149.3194131035275,148.55587825356508,149.01074691458743,96582300
2014-01-09,149.16513061523438,149.5631470257818,148.48282739222077,149.5468981697351,90683400
2014-01-10,149.57127380371094,149.63625683736544,148.65340549542972,149.41694064806228,102026400
2014-01-13,147.58116149902344,149.60370344394303,147.29686238187614,149.18945070209918,149892000
2014-01-14,149.1895294189453,149.27076132220256,147.792424963809,148.06859360408637,105016100
2014-01-15,149.99362182617188,150.22105619301232,149.221968624803,149.538753092491,98525800
2014-01-16,149.7986297607422,149.9935787595926,149.31939408208817,149.68491260997277,72290600
2014-01-17,149.16513061523438,149.82306675130076,148.90521088971542,149.53877993883458,107848700
2014-01-21,149.60372924804688,150.0829774762638,148.68587351730477,150.02611268532942,88621200
2014-01-22,149.70120239257812,149.9205185269744,149.38441792922492,149.85553550958872,61270900
2014-01-23,148.47474670410156,148.97023162908604,147.68685663740473,148.94586453394336,132496900
2014-01-24,145.30685424804688,147.5568436742766,145.25812007323796,147.50810949946768,208677100
2014-01-27,144.592041015625,145.818575483929,143.8691218974685,145.44492618506118,180843100
2014-01-28,145.4530487060547,145.639867147958,144.68138306597643,144.6976319200423,110463200
2014-01-29,144.05587768554688,145.03059777378925,143.67411035523088,144.24269604051906,216597300
2014-01-30,145.58299255371094,146.0541101359483,144.79509050686053,145.25808985973364,118938100
2014-01-31,144.73011779785156,145.6317370912376,143.70666308410694,143.77976433632207,194677900
2014-02-03,141.47293090820312,144.88445920997742,141.1967623434381,144.5595564742827,254837100
2014-02-04,142.4638671875,142.82938577859557,141.42416380230986,142.10646682492052,165012400
2014-02-05,142.28521728515625,142.60200182861263,141.09931100216417,141.96843274169984,164230500
2014-02-06,144.16156005859375,144.16156005859375,142.32583579855105,142.61825325888273,132877600
2014-02-07,145.94850158691406,146.10283469439105,144.36457936799155,144.83569691925305,170787200
2014-02-10,146.21649169921875,146.2652382348694,145.56668662139208,145.9646903724253,92218800
2014-02-11,147.8167266845703,148.19037592236114,146.24092265455982,146.33840337420773,117814100
2014-02-12,147.88986206054688,148.5071822025876,147.59744464710766,148.03606457014416,94717700
2014-02-13,148.6533660888672,148.80769920360365,146.8826253696118,146.89074359882417,100542200
2014-02-14,149.47373962402344,149.74990809974926,148.37717155466854,148.51525579253143,96498400
2014-02-18,149.65248107910156,149.85554837802846,149.1732328340084,149.60373451619387,80460900
2014-02-19,148.6614990234375,150.2291724885674,148.53965121789932,149.2625702448168,126524300
2014-02-20,149.5387420654297,149.87989359053367,148.3203384496687,148.86455724406616,104998100
2014-02-21,149.36819458007812,150.18046384472464,149.29509332087883,149.82306338520092,118116400
2014-02-24,150.19668579101562,151.20389156640826,149.61996926297374,149.6849522798125,114063900
2014-02-25,150.13978576660156,150.74898746296552,149.64430122445592,150.31848592240755,117085000
2014-02-26,150.14793395996094,150.75713572761958,149.72555059732994,150.3591194441556,98677200
2014-02-27,150.93589782714844,150.9765013795903,149.75809734441182,149.92867936280538,93880800
2014-02-28,151.3175811767578,152.01613298769192,150.3103755848813,150.91144669119706,150842000
2014-03-03,150.2535400390625,150.63530752130063,149.2544524806009,149.9854897391351,167748500
2014-03-04,152.36544799804688,152.69035069897134,151.69126311909721,151.72374843149225,167545900
2014-03-05,152.50352478027344,152.76345684364955,152.25984156941908,152.49540655113404,88376900
2014-03-06,152.85276794433594,153.20205004442798,152.527865315905,152.87714741599703,82516500
2014-03-07,152.9177703857422,153.48636864913018,152.2435855715258,153.48636864913018,114513500
2014-03-10,152.83656311035156,152.89341550468123,151.95931095899797,152.68222999193148,74939200
2014-03-11,152.0811767578125,153.28334423926037,151.73190690991262,153.06402805904077,99009100
2014-03-12,152.12173461914062,152.17859939736368,151.0007994529475,151.34196333380365,104824400
2014-03-13,150.41604614257812,152.69853363754586,149.99367496551992,152.57668578727123,155014300
2014-03-14,149.99362182617188,150.91960814666322,149.81492162447677,150.14795494529434,153919600
2014-03-17,151.35006713867188,151.7074674413263,150.68400068477231,150.7489836847313,98359500
2014-03-18,152.43040466308594,152.6334719146159,151.49628786950313,151.65875158612027,101804600
2014-03-19,151.6181640625,152.65786759358178,150.65156178104652,152.44666968010833,176267300
2014-03-20,152.50352478027344,152.61724195943975,151.01707082772913,151.2851211202446,117241000
2014-03-21,151.9120635986328,154.21277863089142,151.77336986568045,153.14401152188623,163128000
2014-03-24,151.28378295898438,152.62179530824648,150.62294329069047,152.43413994768844,121411000
2014-03-25,152.00180053710938,152.51579268884322,151.15331761021235,152.0507497993797,103852000
2014-03-26,150.90853881835938,152.84210911506207,150.86774362223335,152.59735038725194,119843000
2014-03-27,150.59034729003906,151.21039190802372,150.03556004325674,150.72904098949832,142383000
2014-03-28,151.33277893066406,152.0915172553353,150.93300594680622,151.02275039424595,101642000
2014-03-31,152.57286071777344,152.8094653626108,151.35724615610448,152.29547332977668,99745000
2014-04-01,153.58457946777344,153.67432394310964,152.5647615430206,153.07058725003424,89193000
2014-04-02,154.09852600097656,154.30248952545946,153.49478948688682,153.7803434007411,78774000
2014-04-03,153.89453125,154.37588208236255,153.4213344753418,154.33508689595453,77435000
2014-04-04,152.07522583007812,154.76754732025324,151.83047951647404,154.73491862808862,169381000
2014-04-07,150.39451599121094,151.96095410046019,150.08449995170784,151.70804136470366,140803000
2014-04-08,151.01455688476562,151.25930308753277,149.7826095691075,150.3292301701911,112660000
2014-04-09,152.6381378173828,152.68708707066517,150.98195502028753,151.42252319771956,100254000
2014-04-10,149.4318084716797,152.70337824202883,149.24415310496124,152.6299543762397,172959000
2014-04-11,148.08567810058594,149.64396247080236,147.92250976498568,148.5996701842255,167251000
2014-04-14,149.2523651123047,149.60317643287343,148.0285838469679,149.24419860320984,132382000
2014-04-15,150.2803497314453,150.38641476716487,148.08569981629594,149.56240645973372,157093000
2014-04-16,151.8549346923828,151.86308875214235,150.64746160487945,151.31646797354588,105197000
2014-04-17,152.06703186035156,152.4912794408375,151.3898715228847,151.65095078747436,105255000
2014-04-21,152.59732055664062,152.64628225178816,151.92017271889466,152.10781564565764,68329000
2014-04-22,153.29078674316406,153.706867745035,152.67074226899402,152.75232018854823,85790000
2014-04-23,152.93185424804688,153.3153066852364,152.8094811080698,153.23372874156706,73869000
2014-04-24,153.2418670654297,153.69874333969057,152.50759095412914,153.68242277305416,88170000
2014-04-25,151.98545837402344,152.83395362932183,151.64280113786498,152.74420917826038,100380000
2014-04-28,152.46682739257812,153.12766726162653,150.90038891992174,152.6055211040744,135121000
2014-04-29,153.1766357421875,153.41322799762102,152.63001488747395,152.9563516085439,84098000
2014-04-30,153.6334228515625,153.7884370611204,152.71150409931226,152.9236340487876,101508000
2014-05-01,153.6497802734375,154.06586131816823,153.16026290991834,153.56003583842377,93019000
2014-05-02,153.4295196533203,154.31064357289176,153.20108150183276,153.63348317778744,98122000
2014-05-05,153.72320556640625,153.82927056757083,152.25466591119712,152.67891346691172,75883000
2014-05-06,152.38523864746094,153.48664674042726,152.3526099586748,153.38058171621594,85454000
2014-05-07,153.2826690673828,153.35609294709138,151.75701346719174,152.89921665253303,106500000
2014-05-08,153.1195068359375,154.2372355300772,152.63000179631769,153.14399391441802,93618000
2014-05-09,153.347900390625,153.41315774579763,152.42598152479817,153.1439369211194,83679000
2014-05-12,154.8409423828125,154.9143787121676,153.3805690381238,154.03325480041556,86940000
2014-05-13,154.97964477539062,155.35493067657038,154.8246305100987,155.04490214598653,66454000
2014-05-14,154.245361328125,154.91436760998866,154.0250772537376,154.8409312858965,72367000
2014-05-15,152.89109802246094,153.96803172454514,152.14051352507616,153.93539057960055,154956000
2014-05-16,153.42137145996094,153.48664128415945,152.3362839744345,152.9808032588575,97458000
2014-05-19,153.9843292236328,154.10670237646514,152.98898608410542,153.1276798069645,63839000
2014-05-20,153.013427734375,153.927180275767,152.62182128077052,153.91085970925795,111644000
2014-05-21,154.30252075195312,154.37594464787895,153.42955071500788,153.45402534698314,89093000
2014-05-22,154.67774963378906,154.99593218094128,154.08217972736432,154.34324652169624,61549000
2014-05-23,155.2978057861328,155.40385833532383,154.67774881112325,154.81644249002184,61092800
2014-05-27,156.25241088867188,156.30136015229226,155.7873679863823,155.87711245266897,72010000
2014-05-28,156.1381072998047,156.49708497069844,155.87702810317606,156.2523263360944,66723000
2014-05-29,156.94581604003906,156.97029066194716,156.0973334330252,156.49710633909555,64377000
2014-05-30,157.1987762451172,157.29668721126495,156.6684760116826,156.79901566724848,76316000
2014-06-02,157.3782196044922,157.4516559200828,156.61948141791552,157.41901479116626,64656000
2014-06-03,157.29666137695312,157.37823931157342,156.84793916523503,156.9947869169184,65047000
2014-06-04,157.61483764648438,157.70458208523624,156.86425345371615,157.02742176537112,55529000
2014-06-05,158.64285278320312,158.80602113967024,157.21510787845776,157.7943698602057,92103000
2014-06-06,159.40151977539062,159.44230250632677,158.91200251474635,158.98542636916065,78696000
2014-06-09,159.56472778320312,159.94818016144808,159.2302246534245,159.37708484776758,65119000
2014-06-10,159.5811004638672,159.61372915718565,159.0263130858675,159.36897038597837,57129000
2014-06-11,159.02627563476562,159.18944396082782,158.6672978480616,159.00995506747583,68772000
2014-06-12,157.90040588378906,158.9283900747133,157.54959457662665,158.838645620727,106350000
2014-06-13,158.3817596435547,158.5367739136293,157.70459924998664,158.21042480585496,82017000
2014-06-16,158.5122528076172,158.84675590291874,157.99827330275244,158.18591621884772,87424000
2014-06-17,158.95285034179688,159.06706941391917,158.12067570265137,158.2920105353074,84834000
2014-06-18,160.1194610595703,160.20920547482913,158.601972505429,158.95279611014655,105267000
2014-06-19,160.29904174804688,160.39695272467142,159.74426682594958,160.258246545199,85929000
2014-06-20,160.62451171875,160.75567692125742,160.42776391498887,160.69828745443462,100587000
2014-06-23,160.5752716064453,160.71462989453258,160.2801562585553,160.66544608798387,70611000
2014-06-24,159.60797119140625,161.08354818027377,159.42762219784467,160.28837648373406,96237000
2014-06-25,160.329345703125,160.49329590025198,159.2390587547633,159.27184379074941,82782000
2014-06-26,160.21456909179688,160.3703261471388,159.1406809842467,160.35392737589297,84312000
2014-06-27,160.5260772705078,160.5752610738304,159.76369079321677,159.83746649820065,71445100
2014-06-30,160.4441375732422,160.8130287025136,160.2883804832253,160.42773879834562,70201200
2014-07-01,161.51797485351562,162.00983787610107,160.7801928282337,160.8375697593308,90470000
2014-07-02,161.68197631835938,161.88691722468798,161.46064914571664,161.5344248699309,52475000
2014-07-03,162.4771270751953,162.5509027898921,162.01806150561714,162.14102103011177,52938800
2014-07-07,161.91143798828125,162.29672772356935,161.67371214518178,162.16557510768416,61696000
2014-07-08,160.87034606933594,161.67371055885218,160.47685069975708,161.61632112673226,108143000
2014-07-09,161.59176635742188,161.73933028206724,160.92775996801146,161.27205911405397,72992000
2014-07-10,160.95236206054688,161.3786425815576,159.90306578467295,160.03423094630676,99040000
2014-07-11,161.17369079589844,161.28845717740887,160.493285638159,160.8539835539339,64243000
2014-07-14,161.9852294921875,162.19836344236796,161.8540643650326,161.99342262191155,58658000
2014-07-15,161.68197631835938,162.3951791782311,160.96878596708788,162.08366499785953,111307000
2014-07-16,162.28038024902344,162.52629928045386,161.83770097525323,162.40333976473866,79986400
2014-07-17,160.4359130859375,162.39514726507522,160.20636780804645,161.78032466691153,145398000
2014-07-18,162.07545471191406,162.23940491790572,160.87040130954716,160.9605757991324,124330000
2014-07-21,161.77210998535156,161.90327513435915,161.0261222725426,161.56716913075113,67592000
2014-07-22,162.4771270751953,162.77224244258107,162.20660361270848,162.321370005103,67678000
2014-07-23,162.83782958984375,163.00998543756074,162.3951627806556,162.72306319423208,65612000
2014-07-24,162.84591674804688,163.1820225838268,162.68196664795133,162.99348059414646,56888000
2014-07-25,162.08363342285156,162.52630019050272,161.7639261716041,162.38694190237925,76837000
2014-07-28,162.14918518066406,162.38691103672483,161.18185797062742,162.11638764345852,69259000
2014-07-29,161.4524383544922,162.68208375324477,161.42784644720513,162.45255094616562,80466000
2014-07-30,161.47703552246094,162.2394221989969,160.80483585371553,162.0262756507652,104222000
2014-07-31,158.2881622314453,160.49332847995043,158.18979459492041,160.35397015867326,183479000
2014-08-01,157.80442810058594,158.83732530869565,157.0420542702514,157.85361189498238,189261000
2014-08-04,158.94398498535156,159.2800911079953,157.43562276335237,158.10782250003834,91340000
2014-08-05,157.40280151367188,158.70623512086203,156.8289695056697,158.2963533282034,152690000
2014-08-06,157.4519500732422,158.12414950482002,156.64037986687063,156.66497176628226,94818000
2014-08-07,156.5994110107422,158.32091926091735,156.20592805675267,158.16516220388465,135733000
2014-08-08,158.41111755371094,158.5176783124906,156.53385196430662,156.9519393925789,117014000
2014-08-11,158.87013244628906,159.57512939530332,158.7963567502353,159.00949070836688,74544000
2014-08-12,158.6488037109375,159.15705299667533,158.16514632556786,158.71438628145145,73632000
2014-08-13,159.7227020263672,159.9030509797662,159.00131872136836,159.2718296428697,69047000
2014-08-14,160.47691345214844,160.47691345214844,159.8374988622914,159.98506281073506,57371000
2014-08-15,160.4441375732422,161.20651173982978,159.28826786073822,161.05896029156128,139951000
2014-08-18,161.78848266601562,161.86225835971138,161.23924276528882,161.32941722711533,75424000
2014-08-19,162.63291931152344,162.7558788626057,161.8541463012659,162.18204677655285,59135000
2014-08-20,163.0673065185547,163.26405420445946,162.37870838078,162.4114934074668,72763000
2014-08-21,163.5428009033203,163.7559348876182,163.0755297537557,163.20669490190684,67791000
2014-08-22,163.2886962890625,163.6985780458969,162.91980520963125,163.41165581267342,76107000
2014-08-25,164.1166229248047,164.4363301363307,163.25586889112813,164.06743912435397,63855000
2014-08-26,164.2231903076172,164.62487884463184,164.18219963917147,164.2231903076172,47298000
2014-08-27,164.15765380859375,164.41998415338935,163.9035291049476,164.3052052460918,47874000
2014-08-28,164.0674591064453,164.17403235946583,163.45263650873824,163.6165866997406,58330000
2014-08-29,164.53475952148438,164.55114578747788,163.8051704095731,164.32161297756872,65907000
2014-09-02,164.4527587890625,164.77246605868316,163.83793615451518,164.74787415398916,72426000
2014-09-03,164.362548828125,165.108536465767,164.13301609478833,165.08394456638064,57462000
2014-09-04,164.1248321533203,165.24790398349418,163.6739597916677,164.64127457794373,85236000
2014-09-05,164.8626251220703,164.9282076979851,163.46902978252413,164.09204549081844,102177000
2014-09-08,164.43634033203125,164.94460215492762,163.95268291948207,164.70686375988004,64146000
2014-09-09,163.395263671875,164.40356925501504,163.05915764129563,164.28880286757308,88591000
2014-09-10,164.01011657714844,164.1166773439272,162.94442134915792,163.48545584211274,67251000
2014-09-11,164.1986083984375,164.22320029928198,163.23128110036706,163.35425311318605,66774400
2014-09-12,163.23948669433594,164.05104443917145,162.7722155612275,164.0346581776774,117409300
2014-09-15,163.1165008544922,163.39522988801917,162.62465037083584,163.26406475560594,76401000
2014-09-16,164.34620666503906,164.6413220679184,162.72307820350284,162.81325270184377,116201000
2014-09-17,164.56752014160156,165.3298941809698,163.74775665397215,164.58391891376164,151266000
2014-09-18,165.4446563720703,165.46924827352822,164.85442571988656,165.06755970205413,94990000
2014-09-19,165.29556274414062,166.28387452225238,164.9578856784404,165.9709168755411,121649000
2014-09-22,164.01905822753906,165.03208986083115,163.67314958461182,165.00738299827003,125553000
2014-09-23,163.08013916015625,164.10963352713458,163.03072544127247,163.42604775941257,111393000
2014-09-24,164.356689453125,164.46376087231326,162.67656043369593,163.104820976313,107276000
2014-09-25,161.7047119140625,163.93666089605654,161.64706677304346,163.9284168994338,150300000
2014-09-26,162.989501953125,163.39306816711328,161.77058444951697,162.00119012406265,103547000
2014-09-29,162.69302368164062,162.9812870876513,161.46587462461167,161.5894089031488,95112000
2014-09-30,162.26473999023438,163.31894090692504,161.92706292097992,162.81654730076258,131302000
2014-10-01,160.06573486328125,162.05883377305804,159.70335095840082,162.0011760758881,177798000
2014-10-02,160.09051513671875,160.65055410688262,158.41861709092709,159.925785964721,157285000
2014-10-03,161.85296630859375,162.19887485739335,160.6669869600991,161.16113664392648,121569000
2014-10-06,161.66355895996094,162.74247964662354,161.07881317879534,162.5283367686725,104778000
2014-10-07,159.1680450439453,161.19409529009374,159.13510675692484,160.83171129752503,147913000
2014-10-08,161.9518585205078,162.18246431196098,158.42686991735425,159.25869705316228,186461000
2014-10-09,158.7398223876953,161.91890194482096,158.60804407400462,161.69652761135188,210705000
2014-10-10,156.92784118652344,159.4892230437084,156.88667147563507,158.69857860206253,221909000
2014-10-13,154.35003662109375,157.43027576712726,154.25944061285335,156.86200542496846,230939000
2014-10-14,154.58885192871094,156.3348826981709,154.04527595613183,155.18184161387572,215847000
2014-10-15,153.54286193847656,154.58060003366035,149.82845175174938,152.4969049817077,380715000
2014-10-16,153.41110229492188,154.49001014298076,150.62734611872068,150.76735581372168,270391000
2014-10-17,155.2229766845703,156.27717745598332,154.52291579035276,155.181794414252,214625000
2014-10-20,156.73019409179688,156.8537283646901,154.89358002140185,154.94299373055915,130011000
2014-10-21,159.835205078125,159.9422639611553,157.7020829104197,157.86679951798848,154949000
2014-10-22,158.6986083984375,160.52699129274748,158.63271925475155,160.11519357001225,151822000
2014-10-23,160.5434112548828,161.58938070991826,159.9916039619132,160.28809874573957,154944000
2014-10-24,161.77886962890625,161.8282959187879,160.18110480071934,160.80703290143987,117927000
2014-10-27,161.5564727783203,161.795309909042,160.6258059773351,161.2023202299979,82954000
2014-10-28,163.40956115722656,163.41779258682135,162.02591439415147,162.10004752877677,106736000
2014-10-29,163.1624755859375,163.99430236679584,162.08356768621928,163.524859551323,142557000
2014-10-30,164.20843505859375,164.67787784507095,162.57770731508273,162.72596100406872,113330000
2014-10-31,166.08627319335938,166.21805149076317,165.3532736937722,166.18510063287715,146903000
2014-11-03,166.17681884765625,166.7368575913163,165.79795949918844,166.30035310962057,93600000
2014-11-04,165.6002960205078,166.03680047937794,164.76845680989194,165.73206170402406,93343000
2014-11-05,166.64627075195312,166.85216957789962,165.9132714342663,166.81098729929693,91709000
2014-11-06,167.31338500976562,167.40398099806993,166.06976059492266,166.6874570877971,107089000
2014-11-07,167.4698944091797,167.68403726734232,166.86867325440514,167.3298846918798,89540000
2014-11-10,167.99696350097656,168.0463772075769,167.29691504569357,167.50281386790624,66319000
2014-11-11,168.1616668701172,168.26873827074027,167.72516240659115,168.06283946465948,54499400
2014-11-12,167.98049926757812,168.2111049412021,167.4451547939701,167.4781056428116,90120300
2014-11-13,168.16993713378906,168.69703765700748,167.36281720665687,168.14523027856535,85357900
2014-11-14,168.21109008789062,168.4169888902356,167.78281706023472,168.09578726126006,80417500
2014-11-17,168.3181915283203,168.49115209558295,167.7252018220895,167.88993095931818,80441000
2014-11-18,169.29005432128906,169.59478062903574,168.3758628309792,168.3758628309792,76068100
2014-11-19,169.0182342529297,169.2900222192747,168.26052805905906,169.09235481636904,82373000
2014-11-20,169.3147430419922,169.42181446494942,168.1617019471859,168.22759108692355,72840300
2014-11-21,170.22067260742188,171.17604618294294,169.6441584039409,171.01132963438653,142327300
2014-11-24,170.6983642578125,170.80543567260446,170.41011343139428,170.62424369391073,65880800
2014-11-25,170.5748291015625,171.13486789312196,170.31951656028878,170.92896906086025,79108300
2014-11-26,171.01133728027344,171.1101647004124,170.50894361612086,170.72307388211118,62167800
2014-11-28,170.64891052246094,171.20071775830334,170.4100734613303,170.88776015065608,57890100
2014-12-01,169.46299743652344,170.10540089037895,169.15003970712553,169.99009802858615,103968400
2014-12-02,170.55836486816406,170.76426371393677,169.47945692704613,169.5041637831734,74507200
2014-12-03,171.21725463867188,171.43138492782614,170.56661977392727,170.73133634766663,68952000
2014-12-04,171.02783203125,171.53022575217048,170.237174879595,170.92899203287493,91316600
2014-12-05,171.30780029296875,171.6948910393806,170.93718496920954,171.20072889632473,91025500
2014-12-08,170.16305541992188,171.40668001791545,169.60300398236103,170.91253029108205,108588200
2014-12-09,170.04776000976562,170.1548314437846,167.93935758861193,168.3182044724072,125180100
2014-12-10,167.32162475585938,169.64415697519863,167.1321887879012,169.58651183886957,159856400
2014-12-11,168.16993713378906,169.81712783973018,167.77461488314216,167.91462458509903,159012800
2014-12-12,165.4520721435547,167.86521309454568,165.4191338585101,166.8933640303132,202330200
2014-12-15,164.3155517578125,166.80281396022494,163.71433049544953,166.34983387197695,189965800
2014-12-16,162.99778747558594,166.6957232062103,162.95660518741082,163.54959494933664,259543800
2014-12-17,166.19332885742188,166.64630889158917,163.3107446344462,163.43429149852994,253910100
2014-12-18,170.302978515625,175.40103373863346,167.94749623796412,168.62285019165154,257633900
2014-12-19,171.0276336669922,171.69842566222945,170.27402254100397,170.95309139474622,245084600
2014-12-22,171.81442260742188,171.81442260742188,170.9780047060016,171.21816004761135,148318900
2014-12-23,172.04632568359375,172.44382990148506,171.75647122353746,172.39414345380257,122167900
2014-12-24,172.0628204345703,172.53485412753085,172.02141086659194,172.26985563803612,42963400
2014-12-26,172.61769104003906,172.9572318414319,172.46034224737275,172.51002867949322,57326700
2014-12-29,172.849609375,173.056644647571,172.36928602626364,172.43553882985796,79643900
2014-12-30,171.92208862304688,172.55974813920923,171.84754632417165,172.42725517367154,73540800
2014-12-31,170.21612548828125,172.41070710574377,170.09190937102704,172.2450814039278,130333800
2015-01-02,170.12498474121094,171.32579919572484,169.08980858140774,170.91172873180355,121465900
2015-01-05,167.05264282226562,169.24721193386424,166.7462346238546,169.08158622219426,169632600
2015-01-06,165.4791717529297,167.88077604924092,164.6841506836419,167.35904307763232,209151400
2015-01-07,167.5412139892578,167.88075485287703,166.3569783519322,166.80416895939857,125346700
2015-01-08,170.5142059326172,170.72953065352303,168.93246642029644,168.94902014003745,147217800
2015-01-09,169.14779663085938,170.94486105666158,168.53496775123423,170.92829469871802,158567300
2015-01-12,167.82273864746094,169.43762341842782,167.21819936354106,169.2802746346781,144396100
2015-01-13,167.3507080078125,170.16638190252374,166.05052078045333,169.04010981735388,214553300
2015-01-14,166.34031677246094,166.5390750600181,164.44388041148989,165.33826111444108,192991100
2015-01-15,164.81663513183594,167.29276878135636,164.7006958904179,166.97808377546713,176613900
2015-01-16,166.97804260253906,167.1353913848999,164.42736728384997,164.60955928064396,211879600
2015-01-20,167.33416748046875,167.88074357008344,165.76898150488393,167.61573238611436,130991100
2015-01-21,168.17886352539062,168.65918678671582,166.4066424201559,166.87039932448977,122942700
2015-01-22,170.67984008789062,170.8123330247463,167.55774543821306,168.93246232905992,174356000
2015-01-23,169.7440643310547,170.6798677187709,169.6115587363211,170.42313339031367,117516800
2015-01-26,170.1415557861328,170.23265179616268,168.81653784693114,169.52873956995722,92009700
2015-01-27,167.89735412597656,169.04018040750515,167.06921291271397,168.087823066826,134044600
2015-01-28,165.7440948486328,169.18087402369926,165.55362600784005,169.08150117396832,168514300
2015-01-29,167.27621459960938,167.53293630229993,164.53505711997988,165.9429070087455,173585400
2015-01-30,165.17266845703125,167.42521228608183,164.90766999054438,166.1001946807976,197729700
2015-02-02,167.21826171875,167.30935775192052,163.85601062679834,165.66964179128243,163107000
2015-02-03,169.63644409179688,169.64473359129488,167.74000626227811,168.11266728315633,124212900
2015-02-04,168.99046325683594,170.08361552524215,168.534983145,168.8745240134986,134306700
2015-02-05,170.6964569091797,170.84552889333736,169.57847389193944,169.65300356580246,97953200
2015-02-06,170.2244110107422,171.62397153579192,169.70267805759966,171.06082899905493,125672000
2015-02-09,169.46250915527344,170.29892707677755,169.05671548674957,169.57844839821885,87219000
2015-02-10,171.26785278320312,171.52457449325172,169.50390825922682,170.49768765305734,96164200
2015-02-11,171.3672332763672,171.7978701903845,170.45628564015155,171.10223469296227,91087800
2015-02-12,173.01524353027344,173.07321947491621,171.40037085250046,172.16225917646435,97545900
2015-02-13,173.7274169921875,173.77710343007948,172.88270963873737,173.1394439618939,93670400
2015-02-17,174.0006103515625,174.1745254259743,173.16419295053126,173.4126250048026,76968200
2015-02-18,174.01727294921875,174.09180260672233,173.3630344806547,173.62804566701706,80652900
2015-02-19,173.8930206298828,174.25740464349113,173.28020445829353,173.4209868932918,91462500
2015-02-20,174.93655395507812,175.011083631322,172.85791142821907,173.47901733644892,140896400
2015-02-23,174.91171264648438,174.91171264648438,174.30716045761775,174.68811097887024,74411100
2015-02-24,175.40850830078125,175.60726665036412,174.5389578964423,174.83708910260347,72472300
2015-02-25,175.25949096679688,175.76465750269924,174.919950110312,175.28433418688803,73061700
2015-02-26,175.05245971679688,175.32574778048672,174.44790765025743,175.16839895868685,72697900
2015-02-27,174.4561767578125,175.21806492067336,174.4064903222998,174.95305374936794,108076000
2015-03-02,175.55760192871094,175.6155652234063,174.50585939965265,174.55554583408522,87491400
2015-03-03,174.8370819091797,175.6072594252525,173.97582103594183,175.1269362441758,110325800
2015-03-04,174.1000518798828,174.31537659378927,173.13112857658436,174.24083431166872,114497200
2015-03-05,174.29058837890625,174.57215333133064,173.78542178241264,174.42308135647423,76873000
2015-03-06,171.83926391601562,173.85993005329047,171.50801255821912,173.42929317901158,188128000
2015-03-09,172.55140686035156,172.90750131671726,171.88061487590454,172.0379636399452,89818900
2015-03-10,169.7522735595703,171.26777252490655,169.7108639981608,171.18496603851148,157121300
2015-03-11,169.3548126220703,170.18295351508777,169.2719934781977,170.00903836752613,110145700
2015-03-12,171.50794982910156,171.57418996729004,169.93447486399415,169.98416128584788,93993500
2015-03-13,170.45628356933594,172.19537229176393,169.42110719773703,171.23473822260718,162410900
2015-03-16,172.73367309570312,172.8247691226568,170.48112828051322,171.18505327392148,136099200
2015-03-17,172.22019958496094,172.60113735012428,171.40861234601115,171.99659798758267,94510400
2015-03-18,174.29058837890625,174.96138067468297,171.11051682508818,171.74818903558065,228808500
2015-03-19,173.4955596923828,174.29885756678942,173.10633236616806,173.87651015674865,117917300
2015-03-20,175.02694702148438,175.53436844942433,174.2616579764139,174.44466325815185,177715100
2015-03-23,174.6859130859375,175.60925341996233,174.6859130859375,175.0352833889691,71784500
2015-03-24,173.704345703125,175.0186380320636,173.6377971673957,174.56113747478216,77805300
2015-03-25,171.15890502929688,174.14521174748526,171.1173233023442,173.9122982280771,159521700
2015-03-26,170.75132751464844,171.6663413650974,169.79470654797132,170.49345985958703,153067200
2015-03-27,171.14231872558594,171.3169975608882,170.4435653058631,170.63489714450185,118939000
2015-03-30,173.23016357421875,173.52962558919126,172.15709875805342,172.17372636961676,96180400
2015-03-31,171.7162322998047,173.10541228273007,171.65801026718879,172.4066590414967,126768700
2015-04-01,171.10899353027344,171.70791762382157,170.11910474530265,171.6829635109933,137303600
2015-04-02,171.72459411621094,172.17378093460846,170.8594757130817,171.04248104094222,86900900
2015-04-06,172.88087463378906,173.3966100771019,170.70146336782645,170.8345477870806,114368200
2015-04-07,172.42330932617188,173.65442551024032,172.39004140458533,172.90577669260682,81236300
2015-04-08,173.005615234375,173.4464882354777,172.25696632117644,172.64793108711083,89351900
2015-04-09,173.7708740234375,174.00378754198945,172.34843879891193,172.83921994922966,85548900
2015-04-10,174.7191925048828,174.76078693025497,173.82081891959464,174.02045185284246,72722900
2015-04-13,173.92893981933594,175.2099769718649,173.87903158871407,174.5777722030921,74436600
2015-04-14,174.2616424560547,174.44464772149354,173.1053888386908,173.72926696373247,75099900
2015-04-15,175.04354858398438,175.55096993640942,174.64427016181077,174.72745898397835,99529300
2015-04-16,174.9937286376953,175.50115024607263,174.51126114998914,174.71090680819677,68934900
2015-04-17,172.98062133789062,174.04537241941927,172.19869198583558,173.8041451072998,191113200
2015-04-20,174.5611114501953,174.8938413864011,173.820776553229,173.90395269086372,92189500
2015-04-21,174.3531951904297,175.4013061722621,174.05373309664378,175.24325497098113,72559800
2015-04-22,175.21002197265625,175.39302732716334,173.77093325831981,174.69427384048217,78264600
2015-04-23,175.65089416503906,176.2997267121836,174.6942729634928,174.81072976188184,102585900
2015-04-24,176.05838012695312,176.32457418674727,175.60919351708972,176.0667066243413,61327400
2015-04-27,175.32638549804688,176.74882045071612,175.1350537428621,176.62404990849333,79358100
2015-04-28,175.8837432861328,175.9336515110271,174.12856545128815,175.3014595076419,86863500
2015-04-29,175.16006469726562,175.7589761437368,174.35318113994506,174.9936870085861,125684900
2015-04-30,173.4049072265625,174.97708010512378,172.70615385277307,174.58611533755442,161304900
2015-05-01,175.2848663330078,175.3264607625486,174.08701784212474,174.1868343187524,103399700
2015-05-04,175.78395080566406,176.36623466355326,175.60094549420802,175.7090757652785,70927200
2015-05-05,173.7708740234375,175.90038899608155,173.62946315094771,175.5426922186258,113326200
2015-05-06,173.0554962158203,174.62766884021258,171.99074505712267,174.31989297658694,135060200
2015-05-07,173.7459259033203,174.17017122825814,172.6229526914599,172.95568267434402,88244900
2015-05-08,176.03350830078125,176.23315393894381,175.33476760646826,175.41795646224531,155877300
2015-05-11,175.1933135986328,176.25806468783728,175.11845126255614,175.99188326195326,75708100
2015-05-12,174.66925048828125,175.20995252786722,173.53795087828436,174.36147464716103,119727600
2015-05-13,174.7025604248047,175.70076314404608,174.46964688007623,175.07688485791567,94667900
2015-05-14,176.52427673339844,176.61577938439606,175.4428852287453,175.71739318173817,95934000
2015-05-15,176.71560668945312,176.8570175782501,176.23313929029138,176.71560668945312,76510100
2015-05-18,177.26461791992188,177.51415907420704,176.48268845559923,176.54923699435392,74549700
2015-05-19,177.20635986328125,177.65555926753893,176.9235381304282,177.3810513411224,72114600
2015-05-20,177.0815887451172,177.83023749274426,176.7654864018446,177.3061757537048,76857500
2015-05-21,177.59730529785156,177.80526467173664,176.77378160784684,176.9401592612212,64764600
2015-05-22,177.17308044433594,177.63058093249938,177.10653191866064,177.21466216665377,57433500
2015-05-26,175.26817321777344,177.1065398297752,174.8522544333493,176.68229454624878,124308600
2015-05-27,176.93186950683594,177.16478303853046,175.31810239949857,175.72570742638172,93214000
2015-05-28,176.73223876953125,176.84036903661448,176.04181197319468,176.62409580961238,74974600
2015-05-29,175.6342010498047,176.70726603429128,175.3680196018721,176.66568430602715,124919600
2015-06-01,175.99191284179688,176.6324187485515,175.20165685205126,176.29968873706432,93338800
2015-06-02,175.8171844482422,176.5076111354182,174.9104845682582,175.53436272853165,91531000
2015-06-03,176.28302001953125,176.9068982101551,175.7922388891874,176.34956854967123,87820900
2015-06-04,174.7940673828125,176.23314311090797,174.47796498168626,175.5759968848596,151882800
2015-06-05,174.49459838867188,175.16838489677073,173.8374394957793,174.6443230825445,121704700
2015-06-08,173.42149353027344,174.53616552378108,173.3466311950418,174.38642816048372,89063300
2015-06-09,173.39659118652344,173.9372933856817,172.7643990122124,173.39659118652344,105034700
2015-06-10,175.47613525390625,175.85878612618887,174.1036083217601,174.16183035218305,134551300
2015-06-11,176.0418243408203,176.42446259184706,175.68412751363977,175.91704106456993,73876400
2015-06-12,174.6942596435547,175.91706227982394,174.4197516341026,175.2183215427667,135382400
2015-06-15,173.945556640625,174.22837837118564,172.84752494385896,173.55459196309474,124384200
2015-06-16,174.89382934570312,174.9770181704441,173.62111902272818,173.79579778471862,85308200
2015-06-17,175.17669677734375,175.7839474322654,174.153539968628,175.17669677734375,126708600
2015-06-18,176.99844360351562,177.46427073417405,175.20999743555834,175.7756410391186,165867900
2015-06-19,176.21270751953125,176.83126628353637,175.8365622629324,176.7560397831322,130478700
2015-06-22,177.11544799804688,177.70056420665657,176.90647701250222,177.13216924817195,70696000
2015-06-23,177.24081420898438,177.5751754173251,176.84796051536992,177.32440769971356,68476800
2015-06-24,175.9535675048828,177.34949213933672,175.92849200731476,176.97334692123923,92307300
2015-06-25,175.4185791015625,176.58045710201526,175.34335261880636,176.45507963075502,97107400
2015-06-26,175.38514709472656,176.02041419852873,174.83346071915972,175.77800075112447,104174800
2015-06-29,171.707275390625,175.39352658346507,171.63204889801438,173.9056542082529,202621300
2015-06-30,172.06668090820312,173.2954310829794,171.59022103225652,173.24526734242642,182925100
2015-07-01,173.44595336914062,173.88897092846415,172.6602202625429,173.63820314376156,135979900
2015-07-02,173.28701782226562,174.0894716474285,172.86907604458247,173.9222974872694,104373700
2015-07-06,172.79393005371094,173.57129600001744,171.79922611887224,171.99984285723042,117975400
2015-07-07,173.88058471679688,174.00596220881198,170.61227537611487,172.99454976101808,173820200
2015-07-08,170.96331787109375,172.82733523135315,170.72927142023497,172.54313779167816,164020100
2015-07-09,171.27256774902344,173.32049305021542,171.163911539407,173.06135838525742,144113100
2015-07-10,173.42916870117188,173.84711060466248,171.31438368987548,173.2703487371135,129456900
2015-07-13,175.34335327148438,175.45200949545605,174.64956816725388,174.6913649093545,106069400
2015-07-14,176.10397338867188,176.41325903358256,175.24301419024053,175.30153217196556,81709600
2015-07-15,176.04550170898438,176.60554236922965,175.56904178267948,176.14580369154305,97914100
2015-07-16,177.45814514160156,177.45814514160156,176.8563077450448,177.09870845121955,106683300
2015-07-17,177.6085662841797,177.66708426579632,177.04017148628014,177.44974633930389,89030000
2015-07-20,177.70054626464844,178.19371467964135,177.3829190718028,177.83429074299156,70446800
2015-07-21,176.9984588623047,177.82598871616656,176.69754007495303,177.5668539303138,77965000
2015-07-22,176.68077087402344,177.01513207733043,176.27955018463078,176.3129799276736,88667900
2015-07-23,175.68606567382812,176.91481598309016,175.32664173192563,176.8145140001547,90509100
2015-07-24,173.86387634277344,175.84491739079107,173.52952783625315,175.7864121417101,117755000
2015-07-27,172.85243225097656,173.48771220062577,172.40941478849834,172.97782249320676,132361100
2015-07-28,174.97557067871094,175.11766940495826,172.86078552440136,173.6883023863461,123544800
2015-07-29,176.1792449951172,176.40492445434515,174.95884894576088,175.10094767161476,105791300
2015-07-30,176.2210693359375,176.38824358344127,175.05082409425617,175.66938284005533,91304400
2015-07-31,175.9535675048828,176.7476546885501,175.66937002939375,176.72257919098203,103266900
2015-08-03,175.36009216308594,175.97865089150653,174.40718494905138,175.92014564608382,113965700
2015-08-04,175.01739501953125,175.74461001398637,174.532580771702,175.2848712656502,81820800
2015-08-05,175.59414672851562,176.63063465904023,175.30993649328377,175.91177395501018,85786800
2015-08-06,174.1563720703125,175.88664467779424,173.57124328312673,175.77797571653295,116030800
2015-08-07,173.82203674316406,174.1480309207651,172.91928069259777,173.99757795629148,117858000
2015-08-10,176.0120391845703,176.095619902944,174.933742054592,174.933742054592,80270700
2015-08-11,174.42385864257812,175.09256818605766,173.66320137743796,174.67462631570467,126081400
2015-08-12,174.63284301757812,174.81673847505203,171.6570987123818,173.11989537119487,172123700
2015-08-13,174.41549682617188,175.15943281292616,173.87216476555253,174.4740020531035,89383300
2015-08-14,175.0508270263672,175.1260535258173,174.08119851819555,174.22329726868278,72786500
2015-08-17,176.02877807617188,176.02877807617188,173.99758642941626,174.457325100876,79072600
2015-08-18,175.51889038085938,176.1040065353757,175.28484391905283,175.75293684266592,71692700
2015-08-19,174.13131713867188,175.54395002898568,173.32050884254755,174.77493847324834,172946000
2015-08-20,170.4952392578125,174.10625105552447,170.43672126290616,172.6183787412695,194327900
2015-08-21,165.36288452148438,170.47013476666513,165.10376259857475,168.62282605901513,346588500
2015-08-24,158.40000915527344,165.07035953153323,152.4652279848282,156.7198870007359,507244300
2015-08-25,156.53594970703125,163.3734724970506,156.24338529966698,163.35675125116805,369833100
2015-08-26,162.54598999023438,162.82182045521694,157.45544730866962,160.55658221227628,339257000
2015-08-27,166.56655883789062,166.69193629886527,163.17287284538895,164.68582039582773,274143900
2015-08-28,166.57496643066406,167.04305944097825,165.43816365365336,165.92297791564388,160414400
2015-08-31,165.22914123535156,166.44953713642272,164.67745489289854,165.59693213032023,163298800
2015-09-01,160.29742431640625,162.8050754726631,159.4280981063428,161.42585968397782,256000400
2015-09-02,163.3400421142578,163.3818388515123,160.84074517949205,162.67968682752803,160269300
2015-09-03,163.4571075439453,165.5468174006703,162.96393907885664,164.0505780006922,152087800
2015-09-04,160.9828643798828,162.04444041936074,160.16370179460242,161.2002023394496,207081000
2015-09-08,165.028564453125,165.17903019862646,163.1394712911374,163.78310551299384,116025700
2015-09-09,162.8218231201172,166.7337664970237,162.45404490926228,166.60838901088866,149347700
2015-09-10,163.7078857421875,164.85304273540885,162.3704662465624,162.62958824462757,158611100
2015-09-11,164.45179748535156,164.51866972562667,162.60448851715708,163.31499490982625,119691200
2015-09-14,163.84161376953125,164.67749774668127,163.35679953223493,164.62734674878465,79452000
2015-09-15,165.8895263671875,166.33254381905883,163.79981659248259,164.34313603207536,113806200
2015-09-16,167.32723999023438,167.51950247858431,165.84773460854305,166.1904500829999,99581600
2015-09-17,166.95108032226562,169.59247638943998,166.57493513497366,167.1934937850058,276046600
2015-09-18,164.22283935546875,166.9367768216482,163.81113514057012,164.441307212403,223657500
2015-09-21,165.071533203125,166.09660164625475,164.0212460736716,165.05472501920516,105726200
2015-09-22,162.92893981933594,163.39106870607685,161.79462462650704,162.9037339546853,153890900
2015-09-23,162.66844177246094,163.5674807006895,162.08868134671624,163.09695421628368,92790600
2015-09-24,162.0802764892578,162.5424053099911,160.11414240201316,161.45010432122666,159378800
2015-09-25,162.03823852539062,163.84472653576523,161.16439280417225,163.5422434508639,155054800
2015-09-28,157.97154235839844,161.2484450735252,157.66066154868136,161.1392111367556,178515900
2015-09-29,158.06393432617188,159.42511453201104,157.0640593919351,158.18997641570465,159045600
2015-09-30,161.01319885253906,161.18124220471094,159.17309401717506,159.95450137417293,163452000
2015-10-01,161.4333038330078,161.73578697688947,159.4923756684693,161.39128979229656,131079000
2015-10-02,163.84474182128906,163.86994767897548,158.90418858061045,159.45034541254506,211003300
2015-10-05,166.7603759765625,166.98724156689823,164.96228507812722,165.0715190328975,126320800
2015-10-06,166.18896484375,167.18883986580303,165.52518926908786,166.62588771491664,110274500
2015-10-07,167.5502166748047,167.9031116295084,165.92856659866663,167.12169129910924,124307300
2015-10-08,169.06259155273438,169.34826651960603,166.8611814375429,167.16366458507915,153055200
2015-10-09,169.16342163085938,169.64234582106246,168.53324945051236,169.20543567372633,107069200
2015-10-12,169.32308959960938,169.52473651850863,168.8105489792612,169.23906150280968,56395600
2015-10-13,168.25595092773438,169.86079228825207,168.08790759835043,168.59203758650224,88038700
2015-10-14,167.44935607910156,168.77692042315795,167.15528340331548,168.19715993141767,99106200
2015-10-15,170.02047729492188,170.02887497602552,167.74344926889634,168.11315237165064,134142200
2015-10-16,170.79345703125,170.8102523905057,169.6591420581285,170.42375399346568,114580100
2015-10-19,170.8773956298828,170.8773956298828,169.83551970450654,170.1464003827715,76523900
2015-10-20,170.65904235839844,171.2724064045467,170.18851581226352,170.4405872679463,78448500
2015-10-21,169.600341796875,171.23037637356308,169.43228562818382,171.07914120680377,102038000
2015-10-22,172.4654998779297,172.67555724966974,169.60032707126769,170.54977767333122,174911700
2015-10-23,174.3560028076172,174.72570580477407,173.33933238631926,174.13754777333517,144442300
2015-10-26,173.92750549316406,174.23838630368132,173.55780246396264,174.17957690588182,69033000
2015-10-27,173.59146118164062,173.92754793334998,172.91086435496442,173.25536160904352,77905800
2015-10-28,175.56594848632812,175.5911543452303,173.2637279006993,173.92750355326413,135906700
2015-10-29,175.46511840820312,175.83482141928536,174.9441802494331,175.0618118601516,90525500
2015-10-30,174.7089385986328,175.9776935292275,174.54930574049988,175.65840217118858,131076900
2015-11-02,176.77590942382812,176.96915864678198,174.91059863980655,175.03664077547026,86270800
2015-11-03,177.28848266601562,177.84303739497005,176.19618139346903,176.42304702274836,95246100
2015-11-04,176.75067138671875,177.7085324673243,176.21292504007855,177.58250317548837,96224500
2015-11-05,176.57423400878906,177.27162607065398,175.68359274114252,176.8094972560585,78408700
2015-11-06,176.48179626464844,176.71707231683058,175.15424495413396,176.22973767460425,110471500
2015-11-09,174.8349151611328,176.01964155709823,173.8854519446792,175.86839361547968,131008700
2015-11-10,175.23826599121094,175.27188235158212,174.087155655755,174.35602243429958,75874600
2015-11-11,174.5492706298828,175.55754340611824,174.48205073534925,175.50713169043908,67846000
2015-11-12,172.11265563964844,173.97796667484394,172.09586027600758,173.50744007513487,121315200
2015-11-13,170.1800994873047,171.96979265843748,170.09608421887646,171.7009258502262,153577100
2015-11-16,172.7679901123047,172.8268123328359,169.8775985069335,169.99524294799596,117645200
2015-11-17,172.6419677734375,173.96112150855294,172.1462354127648,173.07889073209276,121123700
2015-11-18,175.38108825683594,175.52392572381035,173.0788677856342,173.12086900112726,121342500
2015-11-19,175.2298583984375,175.64997313311568,174.9357729558091,175.2634619360227,88220500
2015-11-20,175.86842346191406,176.54900726249437,175.4903227750232,175.98605507163307,94011500
2015-11-23,175.66680908203125,176.43140827614252,175.20468023665438,175.9272782073656,64931200
2015-11-24,175.9020538330078,176.30536040976253,174.27200652498112,174.65850492161297,98874400
2015-11-25,175.87686157226562,176.22975645682286,175.61637963331742,176.0280967424105,51980100
2015-11-27,176.07847595214844,176.2801356293235,175.4903179198256,175.9692420244015,37317800
2015-11-30,175.3474884033203,176.35576119312486,175.23825447062276,176.23812958132908,112822700
2015-12-01,177.01956176757812,177.1372062168334,175.70040799378512,175.9776852937027,97858400
2015-12-02,175.2130126953125,177.28838006582944,174.96094134431274,176.96908883317099,108441300
2015-12-03,172.75958251953125,175.7339892138497,172.03698465965167,175.46512244925123,166224200
2015-12-04,176.12896728515625,176.42305284470055,172.759650389059,172.759650389059,192913900
2015-12-07,175.06185913085938,176.22136737221174,174.09558730536372,175.80125253179295,102027100
2015-12-08,173.88546752929688,175.0113718208535,172.9024006937542,173.49896919440806,103372400
2015-12-09,172.53269958496094,175.33906266598441,171.55803041713432,173.2468996936525,162401500
2015-12-10,172.97805786132812,174.28881394212735,172.36469386369993,172.59995711815694,116128900
2015-12-11,169.62551879882812,171.5244326656426,169.3146251963517,170.8606570674319,211173300
2015-12-14,170.48255920410156,170.60860132073222,168.00388476098058,169.78518000646062,182385200
2015-12-15,172.27224731445312,173.17969668111772,170.45734858112394,171.9949700506764,154069600
2015-12-16,174.79296875,175.0954519293703,172.0790306373274,173.3981844884099,197017000
2015-12-17,172.12942504882812,175.17105189811343,172.11261686808538,175.10383199602776,173092500
2015-12-18,169.0629119873047,171.52252154037956,168.9023162201679,171.38729453922076,251393500
2015-12-21,170.4576416015625,170.6351456898816,169.12217579954412,170.23788630396245,99094300
2015-12-22,172.00433349609375,172.30016920397958,170.35613730247303,171.34505501864547,111026200
2015-12-23,174.13433837890625,174.1766024705197,172.91720476470311,173.01018060737667,110987200
2015-12-24,173.846923828125,174.39633114107903,173.6271686412562,173.8807402551436,48539600
2015-12-28,173.44967651367188,173.49192770141318,172.37623066297084,173.15384081635503,65899900
2015-12-29,175.30072021484375,175.63035944290874,174.51466240068416,174.5484659304294,92640700
2015-12-30,174.05821228027344,175.14011857409662,173.91452472416242,175.05559041300234,63317700
2015-12-31,172.3170623779297,174.0244308507707,172.3170623779297,173.38206059532405,114877900
2016-01-04,169.90818786621094,169.91663552569267,167.85427165942514,169.46021686706806,222353500
2016-01-05,170.19549560546875,170.6519140832122,169.08824648423808,170.22929912718922,110845800
2016-01-06,168.0486602783203,169.0967373830813,167.01747849014774,167.64294053081133,152112600
2016-01-07,164.0169219970703,166.88225184359334,163.62811043242243,165.0988156154089,213436100
2016-01-08,162.21656799316406,165.53832917185426,161.92919283899013,164.9804741804424,209817200
2016-01-11,162.3771514892578,163.4759531747563,160.44158027718976,163.13785340380966,187941300
2016-01-12,163.68728637695312,164.43954075170194,161.55730262596052,163.82252630655032,172330500
2016-01-13,159.60479736328125,164.70153370781395,159.2244464071734,164.3549862801032,221168900
2016-01-14,162.22500610351562,163.34916367864253,158.615882880263,160.21336724550912,240795600
2016-01-15,158.7426300048828,159.5455958534582,156.80705915317225,157.86359655845175,324846400
2016-01-19,158.95394897460938,160.6866730239404,157.3818206860378,160.5598936850177,195244400
2016-01-20,156.91697692871094,158.48065791232142,153.0035699860845,156.3929383469813,286547800
2016-01-21,157.79608154296875,159.6386778123572,156.0633564667021,157.39037452077937,195772900
2016-01-22,161.03321838378906,161.23606532350894,159.64704174123105,160.4077435595524,168319600
2016-01-25,158.59896850585938,160.72049132100767,158.40456920258129,160.52609201772958,130371700
2016-01-26,160.76278686523438,161.04171438827436,158.92019115793917,159.25827809042957,141036800
2016-01-27,159.01309204101562,161.91222416719484,158.1086899322901,160.23867271504818,185681700
2016-01-28,159.84141540527344,160.76271283466735,158.193219798288,160.5598659274592,143798800
2016-01-29,163.73797607421875,163.873215985602,160.49229558414746,160.61062728231084,210529300
2016-02-01,163.67881774902344,164.4648885160024,162.14895320031806,162.73216408290494,136061600
2016-02-02,160.7289581298828,162.25882253989477,160.20490670034297,162.25037488192345,182564900
2016-02-03,161.69253540039062,162.09824227403948,158.14257123728788,161.78551123572566,205054900
2016-02-04,161.9460906982422,162.91810014463994,160.5599138640015,161.1938364326577,139531800
2016-02-05,158.8610382080078,162.00529607260728,158.22711545945455,161.43054563790417,180788300
2016-02-08,156.72254943847656,157.31420787559784,154.50805090359978,157.01838510563053,191526700
2016-02-09,156.73097229003906,158.00727767795794,154.84611324681546,154.98135312452078,184513100
2016-02-10,156.59576416015625,159.19061352791783,156.46897192310036,157.5593258347249,148214100
2016-02-11,154.5587921142578,155.6068821864375,153.06273107589232,154.11926880693227,219058900
2016-02-12,157.7452850341797,157.76218034884897,155.48852239590252,156.33375242808964,127632400
2016-02-16,160.4077606201172,160.43311649027896,158.59052114019153,159.55408289790063,120250700
2016-02-17,163.0279541015625,163.39985733676687,161.44736535194392,161.57415758059193,136009500
2016-02-18,162.36024475097656,163.35762296284307,162.04751374504974,163.29845066594467,102343000
2016-02-19,162.28416442871094,162.43629964221327,160.97405531352098,161.58262196190358,114793000
2016-02-22,164.63388061523438,164.77756815207775,163.79709836248017,163.86471830285086,103640300
2016-02-23,162.55465698242188,164.24511716120486,162.43631238860692,163.97463734194952,111455300
2016-02-24,163.2984619140625,163.57738941039415,160.01897771192097,161.1262271415721,150812200
2016-02-25,165.2762908935547,165.28475144889893,162.98572450597618,163.74642645005426,110728300
2016-02-26,164.8959503173828,166.23986318866883,164.7353545219734,166.14690025152532,129833700
2016-02-29,163.6027374267578,165.85950026450092,163.40833811338493,164.91284667188035,125918100
2016-03-01,167.44854736328125,167.5330755380809,164.35500188513095,164.82832871075618,141799700
2016-03-02,168.20077514648438,168.2514868844862,166.72162260122636,167.13578995688582,102415000
2016-03-03,168.8600616455078,168.87696985804945,167.4485289821829,168.02327923672547,95172200
2016-03-04,169.40943908691406,170.1870620198103,168.22612227109113,169.05444404216718,129293600
2016-03-07,169.54469299316406,169.95041270399778,168.4120878190908,168.48815542842698,100219000
2016-03-08,167.693603515625,168.9783565481332,167.53302067159788,168.47122635698474,123974900
2016-03-09,168.52197265625,168.8685071772735,167.71899378547243,168.50506444392124,94801200
2016-03-10,168.6571807861328,169.950394492203,166.83149387176897,169.01218871936663,156838700
2016-03-11,171.37884521484375,171.42110929799443,168.64030802842734,170.11100010344728,137964500
2016-03-14,171.15908813476562,171.61550669502927,170.54207379862802,170.87171300803712,73612000
2016-03-15,170.8802032470703,171.1844866621324,169.93354946562846,170.1955687874782,93169100
2016-03-16,171.869140625,172.27486048924985,170.35618393495977,170.39844803296813,129303200
2016-03-17,172.95944213867188,173.466572468125,171.38731361270996,171.7845727975683,134278500
2016-03-18,173.63909912109375,173.97892972183823,173.14633567541978,173.4606796292937,138372400
2016-03-21,173.88543701171875,174.11482974798653,173.14629848382694,173.37569122009475,72926700
2016-03-22,173.7920379638672,174.36126141225773,172.9509525979609,173.11236372451606,97471900
2016-03-23,172.64508056640625,173.596616617055,172.47515230275633,173.4097058980052,81052500
2016-03-24,172.5686798095703,172.6026706619937,171.39625467519969,171.61714336110444,84360900
2016-03-28,172.67054748535156,173.19728874410737,172.2202661582787,172.98489140251812,62408200
2016-03-29,174.26779174804688,174.37824252994776,171.95690730202728,172.26276003646242,92922900
2016-03-30,175.03245544433594,175.75459883610552,174.66712517015125,175.27033949853165,86365300
2016-03-31,174.60757446289062,175.3637083256262,174.44615044213208,174.93891372939942,94584100
2016-04-01,175.7970733642578,175.9839841079192,173.2992779386992,173.6136348968796,114423500
2016-04-04,175.22787475585938,175.92454452898465,174.92202194682804,175.72063833506044,63497000
2016-04-05,173.4776611328125,175.2363044443393,173.22278172084626,173.88546041373525,99662200
2016-04-06,175.3722381591797,175.43171563832263,173.29923799902537,173.47765747274903,91839800
2016-04-07,173.27378845214844,174.64162816452992,172.54314091080727,174.2848021043923,113859000
2016-04-08,173.74110412597656,174.88805547561768,173.20585843431593,174.45475640571686,95040600
2016-04-11,173.33319091796875,175.0748513576883,173.23973558811934,174.37818199631954,83757500
2016-04-12,174.9474334716797,175.22779950653467,173.0613441198948,173.50313420182124,115350600
2016-04-13,176.71461486816406,176.79957900310268,175.72908794318658,175.8650253736056,96336400
2016-04-14,176.72311401367188,177.22438169033626,176.37479215771472,176.77410027514344,65212900
2016-04-15,176.5277099609375,176.85904935618856,176.20486179397741,176.72311192128882,75761600
2016-04-18,177.76809692382812,177.80207479698296,175.8650119345109,176.52769065252997,82531000
2016-04-19,178.32884216308594,178.583721621976,177.5132434510871,178.19291768689132,88316100
2016-04-20,178.49876403808594,179.1954207060925,177.89554977248713,178.37131783136135,81100300
2016-04-21,177.53871154785156,178.6261850260145,177.2668366964576,178.5157342471724,85695000
2016-04-22,177.53871154785156,177.81057343553908,176.63814878909537,177.18188552817682,99251700
2016-04-25,177.2328643798828,177.27534644720865,176.32379740119583,176.93550287230877,66166500
2016-04-26,177.49627685546875,178.00603585603346,177.02050870225366,177.59822347009774,75864200
2016-04-27,177.86154174804688,178.25234560286344,176.75707296217792,177.11389894585156,77329400
2016-04-28,176.24734497070312,178.2098947059655,175.83105439880347,177.10543869065773,97216200
2016-04-29,175.29583740234375,175.97551172812186,174.19136824341803,175.62717685365052,142424100
2016-05-02,176.68914794921875,176.86755450332075,175.36379026391356,175.79707628758385,62188000
2016-05-03,175.1513671875,175.69510392646424,174.40372431003428,175.45721991339903,106422100
2016-05-04,174.17433166503906,174.88799666851617,173.67307699165534,174.15734920959673,92243800
2016-05-05,174.14036560058594,174.9984463520497,173.71557083900257,174.64162030796456,67619200
2016-05-06,174.777587890625,174.8200699668526,173.21434600964184,173.36726592760976,89315000
2016-05-09,174.9219512939453,175.3552371968517,174.47166997414908,174.65008944223095,74374900
2016-05-10,177.09686279296875,177.1138582064835,175.55910844428686,175.6270771346438,77472200
2016-05-11,175.4402313232422,177.17338819499523,175.4402313232422,176.63815562661793,81727000
2016-05-12,175.49124145507812,176.28136659513348,174.4802276661294,176.11143828891278,89586300
2016-05-13,173.9619140625,175.7460569180924,173.63907891846603,175.19382901520686,96474600
2016-05-16,175.6781005859375,176.15386859061536,174.07237708829686,174.13185457073453,77486800
2016-05-17,174.03843688964844,175.69513403731736,173.511682515837,175.40627668104864,114924900
2016-05-18,174.08934020996094,175.2702687752406,173.0018669828129,173.69003221646247,120062100
2016-05-19,173.48614501953125,173.77500229114204,172.27972968188774,173.36720302747358,115430500
2016-05-20,174.58216857910156,175.1004187447686,174.0469229918874,174.0978962928205,104990400
2016-05-23,174.34422302246094,174.87945545713322,174.1573123425107,174.59908943720788,58682600
2016-05-24,176.60414123535156,176.91849812298545,175.1343552297733,175.15984187421589,93537800
2016-05-25,177.8020782470703,178.21838174260373,176.60415401675047,177.28382816638836,76621400
2016-05-26,177.8530731201172,178.16743006864576,177.53872913529634,177.93803726052116,55280700
2016-05-27,178.61767578125,178.62616700810963,177.9634883293139,178.014461617882,64211200
2016-05-31,178.2778778076172,179.00003415008243,177.71714556267068,178.8895833541573,109879400
2016-06-01,178.64315795898438,178.82156446451214,177.47072049641125,177.6661224189385,69936200
2016-06-02,179.1869354248047,179.20391788196574,177.76812242939198,178.2438905040564,63044700
2016-06-03,178.6516876220703,179.00002244512663,177.4452720296459,178.6262009729401,101757100
2016-06-06,179.5607147216797,179.91754069385723,178.8470498136199,179.00847386468456,64887000
2016-06-07,179.8411102294922,180.40184244536616,179.68819033263986,179.71367698211526,60974800
2016-06-08,180.42730712890625,180.55475332447512,179.8495925261871,179.9770257580498,66170900
2016-06-09,180.1809844970703,180.29992653610302,179.4248501852817,179.69671214719506,73786900
2016-06-10,178.4732666015625,179.14443658039636,177.9295168943366,178.8046059770867,113829200
2016-06-13,177.09686279296875,178.72807247042863,177.0119116527992,177.8699920616139,117751200
2016-06-14,176.74859619140625,177.3433192201628,175.7970600873272,176.7146183149922,125059300
2016-06-15,176.5022430419922,177.87008284476488,176.31533228903874,176.74861832704423,109124500
2016-06-16,177.0289306640625,177.19885890690085,174.66707328210333,176.50218940963708,149533100
2016-06-17,176.36964416503906,176.95036304834952,175.7120546980142,176.92474386415176,117055700
2016-06-20,177.50546264648438,179.00851114307952,177.42005668472956,178.33385095724924,82789600
2016-06-21,178.00933837890625,178.41925836011498,177.44569026029347,177.88977784142367,72461700
2016-06-22,177.718994140625,178.91459961774572,177.57380137521815,178.18868791520092,95560500
2016-06-23,180.03335571289062,180.08459408836288,178.7181896283184,179.17934803869173,102731400
2016-06-24,173.56851196289062,180.06751041927396,173.12442435540223,173.90157441072643,333444400
2016-06-27,170.4599151611328,172.16793029087916,169.64859754960628,172.1593818753128,230775800
2016-06-28,173.53436279296875,173.55998198159097,171.75802520546267,172.06546850005265,159382400
2016-06-29,176.4892120361328,176.71978470349455,174.8324352231808,174.93491196423045,137328600
2016-06-30,178.8975067138672,178.94874508440498,176.4038061090953,176.9589188625386,165021900
2016-07-01,179.27330017089844,179.76009082936653,178.73527113388084,178.89753468670352,106055300
2016-07-05,177.9838104248047,178.55599422112508,177.38600743097206,178.44496901115332,109803700
2016-07-06,179.05125427246094,179.17081482705453,176.83082908015393,177.48841864598015,96021500
2016-07-07,178.94024658203125,179.8967311122073,178.17164480330044,179.23060609567406,85593800
2016-07-08,181.6046905517578,181.85236002539787,180.00770068889682,180.23828636373955,133971000
2016-07-11,182.24525451660156,182.81745119494929,181.86095362292923,182.0659201807459,73633900
2016-07-12,183.56895446777344,183.86786237841264,182.27085910120599,183.21027279368047,101275600
2016-07-13,183.54330444335938,183.99592741065823,183.05652690712833,183.98739202620553,87324100
2016-07-14,184.56813049316406,185.03783731031177,184.17529426872974,184.80725159441695,91230900
2016-07-15,184.32049560546875,185.3282185029604,183.87640792347915,185.13180036772673,107155400
2016-07-18,184.81582641601562,184.97808997886082,184.18385596891446,184.44006090861086,58725900
2016-07-19,184.62789916992188,184.6620537391259,184.14965701433712,184.39731347665014,54345700
2016-07-20,185.39651489257812,185.6356359885821,184.6279132312971,184.6279132312971,58159500
2016-07-21,184.69622802734375,185.50753264431123,184.25214042488253,185.28549535864153,67777300
2016-07-22,185.52464294433594,185.57588132287663,184.55107465869187,184.81581496856785,62787500
2016-07-25,185.02072143554688,185.3708676413711,184.44000258491977,185.31962927585934,55873100
2016-07-26,185.10614013671875,185.46482175110378,184.26066795423316,184.91825742949973,70080500
2016-07-27,184.90977478027344,185.55028063815573,184.14115993213971,185.48195844957993,84083900
2016-07-28,185.12327575683594,185.4136352834083,184.25218414599388,184.71334262754263,65035700
2016-07-29,185.42214965820312,185.7808313323452,184.5766903659838,184.85851447376473,79519400
2016-08-01,185.2684326171875,185.87477078706675,184.81580957844722,185.48193454229607,73311400
2016-08-02,184.0813446044922,185.1744733126764,183.24442078784656,185.0207451653044,92295500
2016-08-03,184.6193389892578,184.67912577045664,183.72264152023993,184.02153633287236,53993600
2016-08-04,184.81582641601562,185.13180512400393,182.97116648755107,184.73042042574198,46585500
2016-08-05,186.32737731933594,186.37008030679934,184.81579320588517,184.81579320588517,71892200
2016-08-08,186.2163848876953,186.61776955629065,185.95164458098853,186.51527976931246,39906500
2016-08-09,186.32737731933594,186.82270330544242,186.00286328308303,186.28468736299476,51251700
2016-08-10,185.8662872314453,186.51532857356088,185.51614084915676,186.43847098655908,57941100
2016-08-11,186.72879028320312,186.97645982940347,186.13098746136046,186.39572778023904,72504300
2016-08-12,186.56649780273438,186.77999969331964,186.16511320594435,186.4213050497497,61313500
2016-08-15,187.1045379638672,187.45468423729244,186.92520364995283,186.9337390354792,49813500
2016-08-16,186.13958740234375,186.75446116706198,186.13958740234375,186.68615199519266,53213600
2016-08-17,186.4896240234375,186.62626835854013,185.33672165270184,186.1736454007436,75134300
2016-08-18,186.90811157226562,186.94226614398184,186.35301182180146,186.46402395322087,52989300
2016-08-19,186.6348419189453,186.8141892743431,185.95164616592666,186.43842379150863,75443000
2016-08-22,186.6262969970703,186.85688271905013,186.0284942281625,186.3957112750905,61368800
2016-08-23,187.00205993652344,187.5400889368396,186.94227314487813,187.24118104085886,53399200
2016-08-24,186.04556274414062,186.95080872426826,185.6270943247268,186.8568673660783,71728900
2016-08-25,185.91746520996094,186.33593365509222,185.50754518135895,185.66126030541366,69224800
2016-08-26,185.5673065185547,187.13014199743318,184.67914434418842,186.10533547897305,122506300
2016-08-29,186.4811553955078,186.74589574509,185.66130212252284,185.6954697340903,70502200
2016-08-30,186.17367553710938,186.67753694435032,185.6185757536911,186.39571284425205,58114500
2016-08-31,185.64419555664062,185.96017423152927,184.86704543238258,185.8406136763452,85269500
2016-09-01,185.6527099609375,185.9430694148379,184.49125911421413,185.63562616037814,97844200
2016-09-02,186.4896240234375,186.91662779729242,185.91744053020645,186.5067078231056,79293900
2016-09-06,187.0532989501953,187.1301565130392,186.054111539856,186.77147485531145,56702100
2016-09-07,187.0362091064453,187.21555644507737,186.42987097765442,186.89102937094438,76554900
2016-09-08,186.60922241210938,186.97645250829927,186.30177911132483,186.70316378265807,74102900
2016-09-09,182.1427764892578,185.34530563284395,182.11715729859907,185.29406725152649,221589100
2016-09-12,184.7559814453125,185.15736601719664,181.3143322251216,181.38265438960406,168110900
2016-09-13,182.10006713867188,183.73976043922337,181.47664513586105,183.4750201242403,182828800
2016-09-14,182.03175354003906,183.35546820850354,181.4766536941304,182.1513141082867,134185500
2016-09-15,183.85076904296875,184.23506988591947,181.6901306934286,181.8694780367378,134427900
2016-09-16,183.14010620117188,183.41477544560047,182.4534592840012,183.2345221168254,155236400
2016-09-19,183.17445373535156,184.43618779641704,182.84828726877788,183.7924464630959,80250500
2016-09-20,183.18299865722656,184.18723338147768,183.14867155506735,184.03274177633838,69665300
2016-09-21,185.24301147460938,185.42325171278233,183.20020146230988,183.8868615006161,110284400
2016-09-22,186.41030883789062,186.71072668507645,186.00690967008302,186.25581721153242,76678700
2016-09-23,185.388916015625,186.15282183490012,185.2945001010202,186.01548721421128,73630900
2016-09-26,183.88682556152344,184.73655556931107,183.68940216236516,184.55631536636452,89827300
2016-09-27,185.02842712402344,185.12282994405805,183.35468922319856,183.72377438848656,78494800
2016-09-28,185.94679260253906,186.1012973023667,184.2902381859078,185.2515541956856,87411000
2016-09-29,184.26446533203125,186.14419163494298,183.71514006013925,185.74077945591864,128070600
2016-09-30,185.65493774414062,186.35875454354033,184.84811346177176,185.09702092697563,117202900
2016-10-03,185.20863342285156,185.43179232349547,184.57347072524445,185.24297362107262,83512100
2016-10-04,184.26446533203125,185.54336916520916,183.67223445990277,185.32021027557877,119948100
2016-10-05,185.0798797607422,185.50904053514677,184.82238067670994,184.89104797224837,72816000
2016-10-06,185.20863342285156,185.43179232349547,184.31598472332772,184.85671842430108,62927400
2016-10-07,184.57351684570312,185.65501071178545,183.84395116305785,185.48334896863076,89788300
2016-10-10,185.5347900390625,185.99827791502386,185.38887694668674,185.5347900390625,51855000
2016-10-11,183.19155883789062,185.17429258419546,182.4619933916699,185.10562528979577,130367400
2016-10-12,183.43186950683594,183.95544607715027,182.83103405795933,183.32886203440123,73866100
2016-10-13,182.83106994628906,183.32889802045077,181.28610162289814,182.10150448178726,101357000
2016-10-14,182.925537109375,184.27310861663997,182.8482912909455,183.80960751216045,93346200
2016-10-17,182.29031372070312,183.1572136702012,182.110060453568,182.89971461584213,58275700
2016-10-18,183.43186950683594,183.94685448122945,183.05420600078037,183.88677879450879,76869700
2016-10-19,183.9211883544922,184.23018471645503,183.33753583575734,183.6980294085555,66519200
2016-10-20,183.57785034179688,184.13575421091858,182.9169389622136,183.56925874270433,73639800
2016-10-21,183.6636505126953,183.7494879106389,182.6164971231346,183.57782621169983,89089100
2016-10-24,184.4447021484375,184.81378719491968,184.09278719868496,184.53911803503095,60146600
2016-10-25,183.82675170898438,184.52199017077416,183.66366849509308,184.26449104867996,66542300
2016-10-26,183.45767211914062,184.0413245480299,182.76242058903588,183.00276269752138,75705500
2016-10-27,182.9683837890625,184.2129472848537,182.8911380010425,184.17862018916017,77220200
2016-10-28,182.4276580810547,183.6207245221846,181.71526271359414,182.94265625436947,140623200
2016-10-31,182.43626403808594,182.9855893542831,182.27318083380186,182.76241734970546,61272500
2016-11-01,181.1144561767578,182.81394256294035,179.90423254029105,182.76243225979417,122781800
2016-11-02,180.02435302734375,181.1916707711364,179.58660068782996,180.80541562522504,103330800
2016-11-03,179.20037841796875,180.45353368737918,178.92572232279193,180.23895329238715,88939300
2016-11-04,179.0029754638672,180.15312328493232,178.85706236092147,179.31197176920767,109122100
2016-11-07,182.9512481689453,182.98558836805617,179.00297657285438,179.00297657285438,109794900
2016-11-08,183.77523803710938,184.34173343556697,182.29034533837805,182.55642293848587,106772100
2016-11-09,185.72361755371094,186.34161010540024,182.25599122512685,182.2817398233683,258429000
2016-11-10,186.18714904785156,187.3802157347475,184.72800471881305,186.51331549793616,172113300
2016-11-11,185.7579803466797,185.99830937441178,184.81383433686068,185.46615411256926,100552700
2016-11-14,185.9038543701172,186.48751981254912,185.15711884076237,186.28151793340604,94580000
2016-11-15,187.3544158935547,187.3544158935547,186.0841037412333,186.29009251910088,91652600
2016-11-16,187.00250244140625,187.23425291532033,186.61626038284734,186.73642486988672,65617700
2016-11-17,187.96383666992188,188.0239123666414,187.04542634579707,187.1570123357797,69797200
2016-11-18,187.54330444335938,188.20421586529451,187.36305111121317,188.0325541327914,86265800
2016-11-21,188.95950317382812,188.9852517751859,187.9724385299163,188.11835163659336,72402600
2016-11-22,189.32858276367188,189.508822967917,188.5990041546267,189.2684939642912,67429000
2016-11-23,189.4315948486328,189.48309205465273,188.61619186043498,188.81360218249452,56620200
2016-11-25,190.1354217529297,190.16974885738745,189.6976693151591,189.77492821985058,37872300
2016-11-28,189.24273681640625,190.10105838971697,189.13974241863227,189.8264022966704,76572500
2016-11-29,189.61181640625,190.06672577916044,188.976653745513,189.2770715262414,69886700
2016-11-30,189.15695190429688,190.39293732273808,189.09686309511824,190.2298540943395,113291800
2016-12-01,188.461669921875,189.45731297095935,188.1011633438361,189.45731297095935,79040500
2016-12-02,188.5561065673828,189.0453562275838,188.1956130215794,188.54752806520293,74840300
2016-12-05,189.68910217285156,190.03242562578706,189.19127399822997,189.38868432882037,67837800
2016-12-06,190.2898712158203,190.32421140962055,189.39722263121195,189.8778805688431,59877400
2016-12-07,192.77902221679688,192.83909791390192,190.0152258232298,190.13539031438717,110738100
2016-12-08,193.25112915039062,193.72320871365824,192.48722334690305,192.7533140803448,99714400
2016-12-09,194.41842651367188,194.43559661331304,193.43994038530235,193.4742805845847,88005800
2016-12-12,194.19529724121094,194.80471145046042,193.77471486598523,194.32404026579505,102016100
2016-12-13,195.49130249023438,195.98913053789093,194.83898285724317,194.85615295459598,110477500
2016-12-14,193.87770080566406,195.8947488490547,193.43994837689505,195.19093189807282,142501800
2016-12-15,194.67593383789062,195.5342554988994,193.88627948139643,194.1180299970146,124972600
2016-12-16,194.29518127441406,195.1931045537914,193.97573464044092,195.1326615829621,156420200
2016-12-19,194.71823120117188,195.14129244989354,194.32971255495227,194.47648568022888,90341100
2016-12-20,195.4694061279297,195.61619245588432,195.02045760127044,195.25356092983165,89838800
2016-12-21,194.92543029785156,195.51252274776837,194.92543029785156,195.33984927274236,67909000
2016-12-22,194.5887451171875,194.8995626941334,194.1915842011451,194.77868992388466,56219100
2016-12-23,194.8736572265625,194.88228629058872,194.441966890667,194.63189851824896,36697800
2016-12-27,195.35714721679688,195.75429494610862,195.1240307479396,195.1413020500403,42672500
2016-12-28,193.7425994873047,195.63340509079023,193.63036896881238,195.61614696434052,64095000
2016-12-29,193.69944763183594,194.1656673706514,193.25911508358175,193.8116781541725,48696100
2016-12-30,192.991455078125,194.11385243836685,192.30074799688836,194.0275091129091,108998300
2017-01-03,194.4678497314453,194.97724112010118,193.29365159666258,194.2951630733348,91366500
2017-01-04,195.6248016357422,195.77157477463183,194.7873212983205,194.79595036267494,78744400
2017-01-05,195.4694061279297,195.62482152111588,194.67509737982633,195.35717558333758,78379000
2017-01-06,196.16871643066406,196.6349361687553,195.03767675239263,195.58161075861804,71559900
2017-01-09,195.5211944580078,196.04785719941958,195.48665185331058,195.90971312891796,46939700
2017-01-10,195.5211944580078,196.37593289918138,195.13266261295402,195.53845258621277,63771900
2017-01-11,196.07374572753906,196.07374572753906,194.7700325488776,195.43483932065197,74650000
2017-01-12,195.5816192626953,195.7715640612507,194.2261184811609,195.55571889690535,72113200
2017-01-13,196.03057861328125,196.3327539353642,195.7197610532733,195.75429048254387,62717900
2017-01-17,195.3399200439453,195.79751084691213,194.95140129084191,195.39172078780624,61240800
2017-01-18,195.77154541015625,195.81471707374104,195.03766665164105,195.59022969275696,54793300
2017-01-19,195.04629516601562,195.987376764899,194.61460490882422,195.84923272080388,66608800
2017-01-20,195.762939453125,196.25505958847907,195.09813264304947,195.72839684852326,129168600
2017-01-23,195.25352478027344,195.8233591595471,194.49375878205151,195.7629293658233,75061600
2017-01-24,196.50546264648438,196.91988171493335,195.3571646758191,195.46939521414495,95555300
2017-01-25,198.20626831054688,198.20626831054688,197.291073911489,197.45511831484978,84437700
2017-01-26,197.9990692138672,198.32715804870278,197.72278110576516,198.05949900367568,59970700
2017-01-27,197.6882781982422,198.223570011819,197.50696245620986,198.0767968750042,59711100
2017-01-30,196.46224975585938,197.02344185218226,195.47799644095304,196.99754148922224,79737300
2017-01-31,196.44500732421875,196.5054502961024,195.40032406693263,195.9701453099324,75880800
2017-02-01,196.52268981933594,197.36017006320674,195.9355973293586,196.4449887263935,79117700
2017-02-02,196.65220642089844,196.9371236048232,195.83199747125346,196.52269142412754,69657600
2017-02-03,198.00779724121094,198.18911304954227,197.24803091248353,197.55884860237387,80563200
2017-02-06,197.6536865234375,197.99904661915414,197.31696866395163,197.60188580261516,57790100
2017-02-07,197.662353515625,198.28398859163022,197.4724087327266,198.04224308142176,57931200
2017-02-08,197.92141723632812,198.05091908529695,197.11846625028537,197.66240036424514,51566200
2017-02-09,199.09556579589844,199.39774109255882,197.92136768733826,197.92136768733826,65955200
2017-02-10,199.88125610351562,200.10574351134014,199.11284782674448,199.44093670024577,66015900
2017-02-13,200.9691619873047,201.22817887435525,200.34752672804177,200.37342709933222,55182100
2017-02-14,201.77203369140625,201.78067592843365,200.44243342922505,200.7877803826342,71109000
2017-02-15,202.82540893554688,203.01535375890472,201.50443741119582,201.55623814953978,86785800
2017-02-16,202.6527557373047,203.03264542211375,201.90161860770715,202.85132964558346,84722400
2017-02-17,202.97216796875,202.97216796875,201.9706431832733,201.98791448623507,77204100
2017-02-21,204.18092346191406,204.35359698144185,203.3348008201812,203.34344305935187,88946100
2017-02-22,203.99957275390625,204.22404697342085,203.61105410799365,203.77509853439167,62115200
2017-02-23,204.13772583007812,204.53487355707574,203.3779466317962,204.5176154292191,74615900
2017-02-24,204.3967742919922,204.4399327924556,203.2484762529526,203.29164792756146,82381600
2017-02-27,204.71621704101562,204.8888905619911,204.06005239165071,204.3104270209434,56515400
2017-02-28,204.16368103027344,204.5781001705758,203.7751622628558,204.3363545742205,96961900
2017-03-01,207.02134704589844,207.48757982993027,205.80397754487424,205.82124884128186,149158200
2017-03-02,205.71771240234375,206.8401098889274,205.6659116708949,206.8314676509237,70246000
2017-03-03,205.84722900390625,206.01127344802936,205.25149420120417,205.63138382461676,81974300
2017-03-06,205.2342071533203,205.58818318512778,204.62983019715523,205.0528914316423,55391500
2017-03-07,204.62120056152344,205.28600730695996,204.4139844764914,204.9320181020003,65103700
2017-03-08,204.24131774902344,205.17377040129966,204.1031736877656,204.91475357997692,78168800
2017-03-09,204.50033569335938,204.82842454711275,203.5333536075299,204.3621916313429,90683900
2017-03-10,205.21697998046875,205.50189721914714,204.26725585154074,205.45872554526036,81991700
2017-03-13,205.32054138183594,205.36371304729602,204.82842128319064,205.1564969575733,57256800
2017-03-14,204.53485107421875,204.82841047937762,203.9218582491036,204.7765965790729,59880800
2017-03-15,206.30482482910156,206.72788613365728,204.87160964140134,205.1047261295561,96081800
2017-03-16,205.89895629882812,206.52059124738804,205.57088070174453,206.44289017235295,78344000
2017-03-17,205.5373992919922,206.35250986082218,205.5373992919922,206.1617387391192,89002100
2017-03-20,205.3119659423828,205.82357343423274,204.92175706269143,205.53741672740404,52537000
2017-03-21,202.67587280273438,206.04036769204072,202.54580758029502,205.91896907394496,131809300
2017-03-22,203.15280151367188,203.43895823568278,202.08622699087275,202.71056652408615,97569200
2017-03-23,202.93603515625,204.0719823082905,202.56317266330282,203.15281936790532,100410300
2017-03-24,202.78863525390625,203.8118504412267,202.00821733921975,203.23955014513749,112504900
2017-03-27,202.58047485351562,202.8406185139592,200.83753482201902,201.115011690091,87454500
2017-03-28,204.05462646484375,204.47951500442747,202.16426146852515,202.27699348014863,93483900
2017-03-29,204.24542236328125,204.4795530342526,203.54304358182634,203.7685076470059,61950400
2017-03-30,204.89573669433594,205.09518767334725,204.01126673659485,204.18469144018388,56737900
2017-03-31,204.4188232421875,205.0865090164155,204.36678392250064,204.55755506698202,73733100
2017-04-03,204.0632781982422,204.6702712330258,202.83194569012235,204.470833499766,85546500
2017-04-04,204.19334411621094,204.28006307781868,203.39557994895193,203.77712220969664,56466200
2017-04-05,203.58633422851562,205.84956133200993,203.3782166767564,204.86969271906057,108800600
2017-04-06,204.15869140625,204.67896555017163,203.28287476541027,203.72512300391986,69135800
2017-04-07,203.95046997070312,204.6441817075273,203.4648757243615,203.90711050625458,74412300
2017-04-10,204.0719451904297,204.869709356444,203.5429912809418,204.08929162901535,67615300
2017-04-11,203.82911682128906,203.93316897398722,202.33764088583106,203.6903717967223,88045300
2017-04-12,202.93603515625,203.74247930396604,202.71058433945345,203.5517081391927,81864400
2017-04-13,201.617919921875,203.3348598638877,201.617919921875,202.59778848390158,92880400
2017-04-17,203.40428161621094,203.40428161621094,201.93881833535443,202.1382560907117,68405400
2017-04-18,202.79730224609375,203.33493612063,202.11226991802624,202.66723700388442,83225800
2017-04-19,202.4243927001953,203.7337643495707,202.198928690804,203.3609019208942,68699900
2017-04-20,204.0719451904297,204.51419336990097,202.71921407277694,203.0400504136045,92572200
2017-04-21,203.421630859375,204.04597045109915,203.0227553172202,203.99394435703186,110389800
2017-04-24,205.65878295898438,205.86690050339837,203.39555593536755,205.6674495615396,119209900
2017-04-25,206.85546875,207.20231814801264,206.2137828090746,206.30050177430596,76698300
2017-04-26,206.725341796875,207.7052103019597,206.68199555588632,206.820727343666,84702500
2017-04-27,206.89883422851562,207.2023241527077,206.36120044512217,207.04624588851578,57410300
2017-04-28,206.44790649414062,207.18496474801913,206.31782805066376,207.15895170561492,63532800
2017-05-01,206.96817016601562,207.39307188967717,206.55194827702297,206.96817016601562,66882500
2017-05-02,207.0462188720703,207.22831015653398,206.63866359347344,207.10691155640652,57375700
2017-05-03,206.79476928710938,207.1416319274124,206.11840367783955,207.04624635526116,73137700
2017-05-04,207.03756713867188,207.17631219520794,206.18777682243794,207.09827306270273,61462700
2017-05-05,207.8526611328125,207.87000757135223,206.96817800766829,207.41042618596828,62001300
2017-05-08,207.81800842285156,208.04345922726574,207.39310662801898,207.89604755921138,48385700
2017-05-09,207.62721252441406,208.2775650461545,207.28034990727892,208.07812731096178,51363200
2017-05-10,208.00010681152344,208.00010681152344,207.37576723650693,207.58388483866509,54293800
2017-05-11,207.57521057128906,207.73996867965013,206.49128957571077,207.54919752591178,62358300
2017-05-12,207.22830200195312,207.6185108276182,206.9594917716384,207.32368755768942,53912700
2017-05-15,208.3729705810547,208.49436920082206,207.6358990265303,207.6532454669134,61918900
2017-05-16,208.1822052001953,208.69381273828816,207.79199628523395,208.66779969272122,51241800
2017-05-17,204.48817443847656,208.18217186348366,204.42746852090303,208.18217186348366,172174100
2017-05-18,205.3119659423828,206.16175622749276,204.14999267577213,204.41013633938513,107047700
2017-05-19,206.64736938476562,207.31506842781548,205.74555293157917,205.79757902272064,115011400
2017-05-22,207.69662475585938,207.86138287656547,207.08963159914614,207.15899090437756,61010600
2017-05-23,208.1561737060547,208.32093180101464,207.68791246443632,208.06945474087902,48341700
2017-05-24,208.64173889160156,208.745791050053,208.05207912031636,208.3902750981925,46927700
2017-05-25,209.63893127441406,209.91642132642227,208.94523260730145,209.15333691485367,64071700
2017-05-26,209.5956573486328,209.76040223846934,209.3701932957202,209.44823243797833,46629900
2017-05-30,209.41351318359375,209.66497700491354,209.11868988095512,209.2747681359558,35201900
2017-05-31,209.36151123046875,209.74305353972326,208.6677991437749,209.70836065808695,91796000
2017-06-01,211.02638244628906,211.0437288846533,209.53490630190274,209.82106299336175,68962000
2017-06-02,211.7288055419922,211.88489705716796,210.78362954003703,211.0784528969198,88666100
2017-06-05,211.5727081298828,211.8415184151761,211.373257143443,211.55536168944082,44698800
2017-06-06,210.89633178710938,211.5640175484556,210.81827942481334,211.00905056561416,50375400
2017-06-07,211.2864990234375,211.51194976746223,210.56677408528236,211.2344729464667,54144300
2017-06-08,211.39059448242188,211.86752233811313,210.86164053910187,211.38192787830263,65950700
2017-06-09,211.0697784423828,212.45718942806715,209.80375285188111,211.6594251342206,132256400
2017-06-12,211.02638244628906,211.07840852992604,210.17659220682197,210.82694471519545,86108100
2017-06-13,212.0583038330078,212.11032992317647,211.21718009139528,211.5640295134911,60067000
2017-06-14,211.78945922851562,212.33574631822515,210.96566882947198,212.3270797150871,78602300
2017-06-15,211.38194274902344,211.50334137251647,210.15927667790672,210.43675357526607,66464900
2017-06-16,211.4281005859375,211.59366213965603,210.54802631656844,211.5413823428988,84553100
2017-06-19,213.18829345703125,213.24928213013328,212.16007521918544,212.25592595918818,65123800
2017-06-20,211.75050354003906,212.83971030275762,211.73308580494188,212.83100143520903,56906400
2017-06-21,211.6982421875,212.2559155667613,211.22771067524104,212.14264709483686,55977600
2017-06-22,211.60235595703125,212.2036001689382,211.42808554824168,211.70692883908893,44148100
2017-06-23,211.8551025390625,212.1862123944671,211.27999810643712,211.66340106152072,66986800
2017-06-26,211.99444580078125,212.94424402812868,211.7853266502287,212.5259791350665,56700500
2017-06-27,210.28659057617188,212.0728921099807,210.26915954720386,211.77661780144203,82247700
2017-06-28,212.16876220703125,212.3691725225431,211.0708333133998,211.30610569003233,70042600
2017-06-29,210.30404663085938,212.36917839400562,209.09284924505067,212.31689859685977,106949700
2017-06-30,210.69615173339844,211.48909742094958,210.50445028594692,211.11440339330144,86820700
2017-07-03,211.05337524414062,212.0728709534037,211.05337524414062,211.63718834452317,39153800
2017-07-05,211.5413360595703,211.75045520084595,210.60896890145665,211.41934546183356,54427600
2017-07-06,209.6069793701172,210.89659662222502,209.42398675992098,210.77460598075513,65400800
2017-07-07,210.9662628173828,211.11439332953753,209.61564388235107,210.18203933045078,57972300
2017-07-10,211.1927947998047,211.56748877726707,210.66126145687815,210.96624461769684,36663300
2017-07-11,211.03598022460938,211.34967228836572,209.86835382461976,211.1928196084974,50354600
2017-07-12,212.62184143066406,212.78740296452568,212.00317951526242,212.00317951526242,59610400
2017-07-13,212.9791259765625,213.09240773141693,212.4040216309671,212.63058514067592,39471600
2017-07-14,213.97247314453125,214.32973612894273,212.8832664574085,212.9791171777145,60262700
2017-07-17,213.9463653564453,214.27748849373867,213.77209491954747,213.89408555497417,33531900
2017-07-18,214.05963134765625,214.11191114527443,213.19697479901293,213.53680677951223,42742500
2017-07-19,215.21856689453125,215.22727576286687,214.36461914228397,214.37334130660176,51034300
2017-07-20,215.31434631347656,215.59317626366536,214.76538198257225,215.47118566746192,47135200
2017-07-21,215.12269592285156,215.14883582138162,214.5127295012009,214.73929301643605,82340800
2017-07-24,215.0704345703125,215.2098429424349,214.59988976445536,215.04428137355856,46622300
2017-07-25,215.5932159423828,215.92433903415252,215.36666573516052,215.8197661496051,54915600
2017-07-26,215.60195922851562,215.91565134027576,215.34056021536747,215.88080257051678,47575400
2017-07-27,215.40151977539062,216.09861474020028,214.0770406718503,216.06376597515103,70766600
2017-07-28,215.14883422851562,215.2795337201983,214.46917027980402,214.92227071495785,50088400
2017-07-31,215.02685546875,215.6455174914915,214.81772297453762,215.54966676030853,65838700
2017-08-01,215.50608825683594,215.662927640322,214.98326371992184,215.6280788759852,55050400
2017-08-02,215.61062622070312,215.75004785602735,214.67825899244878,215.63676611532904,47211200
2017-08-03,215.1924285888672,215.523538435843,214.91358524827461,215.49739853466022,40856000
2017-08-04,215.58453369140625,215.91564352807455,215.20113075801802,215.6803844247533,60191800
2017-08-07,215.98536682128906,215.98536682128906,215.54968406202815,215.65425696551898,31995000
2017-08-08,215.45379638671875,216.8915572233861,215.07911566005964,215.67163772900346,61719400
2017-08-09,215.44508361816406,215.4973634120088,214.4081567203093,214.76541970622196,62632600
2017-08-10,212.40403747558594,214.73930379736694,212.3517576759011,214.60859100217328,120479500
2017-08-11,212.7177276611328,213.31026307620152,212.3953267019813,212.6305990944337,74869900
2017-08-14,214.826416015625,215.0442573617208,213.96377279451312,213.99862155965698,73291900
2017-08-15,214.80030822753906,215.22728211626676,214.49533827500437,215.20985108309884,55242700
2017-08-16,215.1749725341797,215.72393698714532,214.7479987045419,215.3231030556506,56715500
2017-08-17,211.82022094726562,214.87872214140077,211.82022094726562,214.56503005215566,128490400
2017-08-18,211.48912048339844,212.77873766471814,211.04471558130828,211.6546687551769,136748000
2017-08-21,211.6546173095703,211.91602954796898,210.72226339098884,211.42806712748012,65469700
2017-08-22,213.867919921875,214.0247593074177,212.22103989377436,212.23847092416148,63140100
2017-08-23,213.1011199951172,213.52809382746688,212.75257915367558,212.9007096760873,50203800
2017-08-24,212.60447692871094,213.64139072360524,212.39534441842216,213.4845513128756,50741700
2017-08-25,213.1011199951172,214.01605632387748,212.95298947270547,213.39738103994065,64445900
2017-08-28,213.10987854003906,213.6588297942259,212.69161350372713,213.6326898914543,40565600
2017-08-29,213.35379028320312,213.61518922571128,211.6807572752783,211.79403901435103,51135700
2017-08-30,214.3645782470703,214.63471266572543,213.153380980378,213.3363735483728,62030800
2017-08-31,215.65423583984375,215.89821709745064,214.3994674887333,214.98328073343416,103803900
2017-09-01,215.95919799804688,216.38617183149577,215.81106747525382,216.02890882571083,62007000
2017-09-05,214.40818786621094,215.68038731715265,213.44097165164035,215.45382378294025,91398800
2017-09-06,215.1400909423828,215.47121401677666,214.55627777688488,215.0878111508426,57916900
2017-09-07,215.11398315429688,215.4625373098888,214.7044403314648,215.44510627811383,58034700
2017-09-08,214.86126708984375,215.3230896562732,214.61728585837085,214.82640503050195,63832800
2017-09-11,217.15296936035156,217.23138905249075,216.11604244435443,216.13346017862068,71364800
2017-09-12,217.88490295410156,217.91975171699505,217.33593854267625,217.51893111181127,56896000
2017-09-13,217.98947143554688,218.0243334958429,217.4840779290966,217.5973596810883,59228000
2017-09-14,217.9197540283203,218.1201776290177,217.492793522443,217.66706393071823,95446300
2017-09-15,218.213134765625,218.3006957249808,217.67021138693656,217.7752898829497,95432400
2017-09-18,218.67723083496094,219.02750136678264,218.2919252327785,218.58090443441534,46235200
2017-09-19,218.89617919921875,218.98375352353474,218.57217825078814,218.92244882412038,47108100
2017-09-20,218.9750213623047,219.08886532882877,217.97673537838682,218.98378681324834,59574100
2017-09-21,218.38827514648438,218.9049289132353,218.21313986171728,218.81736795183463,48211400
2017-09-22,218.43206787109375,218.59845107254785,218.06427975512648,218.09054938041226,51214000
2017-09-25,217.98544311523438,218.52837984652382,217.24111484470356,218.17809592924593,57064400
2017-09-26,218.11680603027344,218.65972940317045,217.88036605480062,218.414537340445,54082000
2017-09-27,218.9662322998047,219.35153794116275,217.93291141052939,218.81736664054645,81001400
2017-09-28,219.22894287109375,219.30775174481863,218.59844515736341,218.6860061186247,44778800
2017-09-29,219.9995880126953,220.07841026530312,219.03633706028901,219.22022447178057,85578000
2017-10-02,220.9540557861328,220.9540557861328,220.05208300305776,220.22723165186667,59023000
2017-10-03,221.42691040039062,221.45318002389556,220.87522158285677,220.95404381533672,66810200
2017-10-04,221.68960571289062,221.93479775778118,221.16418655271696,221.27803048854625,55953600
2017-10-05,223.0031280517578,223.0206322240322,221.72461529165847,222.02234656388586,63522800
2017-10-06,222.74917602539062,223.03815521855543,222.29382701976476,222.55652322994743,80646000
2017-10-09,222.38140869140625,223.03817600199042,222.11869909477954,222.97688466789108,35803100
2017-10-10,222.9680938720703,223.3446473688877,222.40765303189386,222.95058969972615,43057400
2017-10-11,223.3184051513672,223.3184051513672,222.70542499501343,222.87179482447962,47674300
2017-10-12,222.98568725585938,223.3534754296457,222.74924722915094,223.0032047961258,47065100
2017-10-13,223.2571258544922,223.53735302182952,222.9856641373634,223.42350906485288,54800400
2017-10-16,223.55479431152344,223.7474470943822,223.14323248846662,223.48475090135935,38221700
2017-10-17,223.71249389648438,223.7562810627181,223.28340104654148,223.5023235157429,31561000
2017-10-18,223.931396484375,224.13280139680816,223.7387436596247,224.089014234462,40888300
2017-10-19,223.99269104003906,224.0277261152057,222.73170893532952,223.15203630356604,61903800
2017-10-20,225.1485595703125,225.1748559155403,223.97515197434277,224.78955032052585,89176400
2017-10-23,224.2729034423828,225.49889055023027,224.19409456669527,225.47262092500108,63915300
2017-10-24,224.66697692871094,224.90340355828232,224.30794089748093,224.7020120040323,66935900
2017-10-25,223.55479431152344,224.4480014536902,222.4251605956361,224.33415752873827,103715300
2017-10-26,223.8438262939453,224.43928895455974,223.72123025429138,224.1678406117184,69798000
2017-10-27,225.67398071289062,225.8316251660089,223.85255793086253,224.58813405767742,85562500
2017-10-30,224.83335876464844,225.57770044809095,224.53562743605787,224.5881666867543,54285700
2017-10-31,225.18360900878906,225.43756651350975,224.88587770708503,225.209878631765,60304800
2017-11-01,225.48135375976562,226.30450429401682,225.1135790161657,225.96299917495975,54202700
2017-11-02,225.5689697265625,225.7090833246354,224.34300914834495,225.41135195020658,56449500
2017-11-03,226.322021484375,226.36579528131784,225.31495691539166,225.72653215758763,59589700
2017-11-06,226.67234802246094,226.80369616966382,226.12065908027247,226.19070251746857,49652600
2017-11-07,226.51470947265625,227.11017216799166,226.00679438480307,226.77740574297073,57502200
2017-11-08,226.89991760253906,226.9962573542052,226.05926307600345,226.3394901594905,50469600
2017-11-09,226.0768280029297,226.2694808113367,224.49180501507703,225.69152238611562,95085500
2017-11-10,226.00672912597656,226.18187773823513,225.37623153534238,225.69149369262257,59984700
2017-11-13,226.21693420410156,226.44462210368795,225.28870515430896,225.32374022899884,50228600
2017-11-14,225.69154357910156,225.7966220801126,224.6319396713987,225.41131642711738,61315200
2017-11-15,224.5618896484375,225.24492660887586,223.85258306351813,224.71950739532375,80811500
2017-11-16,226.47091674804688,226.83871826309365,225.46387871189867,225.507652517148,67777000
2017-11-17,225.8053436279297,226.44460675902482,225.72653475816674,226.12060583091156,75756800
2017-11-20,226.19065856933594,226.3833113891138,225.80535292978027,226.0505717221622,48075500
2017-11-21,227.6706085205078,227.85452264071768,226.15568209701803,226.96130183951243,69176800
2017-11-22,227.4691619873047,227.81066706930315,227.30277880861132,227.6793189608422,45033400
2017-11-24,227.99459838867188,228.0997036196381,227.81947645159548,227.95959003561677,27856500
2017-11-27,227.8806915283203,228.33604045434754,227.67927331977128,228.03830922687706,52274900
2017-11-28,230.19256591796875,230.21883554215188,228.24853355662276,228.34487332791497,98971700
2017-11-29,230.05242919921875,230.8580754663208,229.6058456330416,230.32389086310647,77512100
2017-11-30,232.06658935546875,232.97728761182418,230.89316809429405,230.97197697855933,127894400
2017-12-01,231.58493041992188,232.32927213776017,228.3448940068808,231.8476534094766,164390900
2017-12-04,231.30467224121094,233.63398314544906,231.2521062772744,233.20490377739364,94040600
2017-12-05,230.47286987304688,232.18921491422702,230.34152170835398,230.47286987304688,77994500
2017-12-06,230.51658630371094,230.9456925001427,230.05247175470237,230.5691255565094,75898600
2017-12-07,231.24339294433594,231.55862841900824,230.25385927562056,231.24339294433594,77218600
2017-12-08,232.50437927246094,232.51311799713196,231.2083489043539,232.19788253468707,76563900
2017-12-11,233.2049560546875,233.2662607564171,232.4781452556727,233.2049560546875,83077500
2017-12-12,233.61647033691406,234.08935020344703,233.23993022278862,233.9930104510395,85195800
2017-12-13,233.5902557373047,234.29956234221004,233.50268141192322,233.86171743923478,102905400
2017-12-14,232.63575744628906,234.001831407951,232.58321819575838,233.88798745715712,100666700
2017-12-15,234.5729522705078,235.03943898321614,233.58717105576744,233.63997884509112,144610300
2017-12-18,236.06051635742188,236.4125773620688,235.86687877578615,235.97249439112693,83653600
2017-12-19,235.1539306640625,236.35094337129874,235.08350235155973,236.3069458213828,82382900
2017-12-20,235.0306396484375,236.17484428429617,234.7313865415287,236.1220364925196,76751500
2017-12-21,235.5148468017578,236.22780609556963,235.26840135396654,235.65567660914414,67032300
2017-12-22,235.45323181152344,235.56765769725496,234.91631654629163,235.53244353382914,78720900
2017-12-26,235.1715087890625,235.39155024518007,234.90746978593313,235.04827268058258,45244400
2017-12-27,235.2859649658203,235.64683622362304,235.0131156739141,235.33877277325166,57751000
2017-12-28,235.77005004882812,235.8140744628945,235.4003953896571,235.787670558668,45116100
2017-12-29,234.88104248046875,236.36852489454853,234.6874317823452,236.35093124759084,96007400
2018-01-02,236.56216430664062,236.5973784613616,235.35634139761444,235.74361651795525,86655700
2018-01-03,238.0584716796875,238.20811170109027,236.72941257737043,236.72941257737043,90070400
2018-01-04,239.06182861328125,239.54593593694952,238.12007158752897,238.70098425961316,80636400
2018-01-05,240.65487670898438,240.77808591862066,239.36103227493797,239.85392283452506,83524000
2018-01-08,241.09506225585938,241.25348567600324,240.26770413662032,240.55814707355077,57319200
2018-01-09,241.6407928466797,242.2657032159506,241.235897127514,241.51755670766337,57254000
2018-01-10,241.27105712890625,241.53512299871895,240.21487423124526,240.88378200827157,69574300
2018-01-11,243.03140258789062,243.03140258789062,241.65834594076944,241.82557960963317,62361500
2018-01-12,244.61573791503906,244.78294473745254,242.99620889486286,243.29548896158266,90816100
2018-01-16,243.77952575683594,246.52563878958108,243.08418724517006,245.8743246847843,106555100
2018-01-17,246.10316467285156,246.4904398023778,243.77954075622463,244.71251442448408,113258800
2018-01-18,245.68948364257812,246.4111991532553,245.19656610428356,245.98873677832768,100728000
2018-01-19,246.80731201171875,246.80731201171878,245.68951103937377,246.27039686967373,140920100
2018-01-22,248.81407165527344,248.81407165527344,246.54322885390033,246.5960635134814,91322400
2018-01-23,249.3421173095703,249.6325601354047,248.5323531487981,248.85801011915012,97084700
2018-01-24,249.245361328125,250.58323062359455,248.06594230116605,249.98469742589643,134816100
2018-01-25,249.35098266601562,250.20474464268864,248.5588387473728,250.10793928909638,84587300
2018-01-26,252.23789978027344,252.28192418600324,249.93186971272266,250.1871253122653,107743100
2018-01-29,250.56556701660156,252.10585700381694,250.4071436358713,251.66577415032683,90118300
2018-01-30,247.99554443359375,250.61842153870128,247.52024734225674,248.7348805420454,131796400
2018-01-31,248.11875915527344,249.35098602984448,247.04495569446198,248.84931188627255,108364800
2018-02-01,247.83709716796875,249.139752342768,247.04495324648897,247.38823083343112,90102500
2018-02-02,242.4417724609375,246.64896550888272,242.4065582946112,246.51691910029376,173174800
2018-02-05,232.30218505859375,242.79377465444557,231.75648648531626,240.68138181637397,294681800
2018-02-06,236.87905883789062,237.38075985985745,227.6989347198052,228.79033186749533,355026800
2018-02-07,235.5939483642578,239.72190049868877,235.5147098195023,236.32447402585632,167376100
2018-02-08,226.7571258544922,236.03408117347925,226.72191170053435,235.89325141817721,246449500
2018-02-09,230.1633758544922,232.0205129539918,222.6115510503879,229.5472489990059,283565300
2018-02-12,233.5431671142578,235.01305567391455,230.3041637362492,232.2141082919744,143736000
2018-02-13,234.12411499023438,234.6698135169629,231.7564667161148,232.33737939762483,81223600
2018-02-14,237.28382873535156,237.64469983614305,232.62774542872717,232.63655567964338,120735700
2018-02-15,240.3116455078125,240.3204557603827,236.5621309444541,239.02661107728906,111200300
2018-02-16,240.38206481933594,242.32725054515024,239.64272878267326,239.68675318827144,160420100
2018-02-20,238.87698364257812,240.87497712315854,238.08483982487812,239.4314923731264,86369700
2018-02-21,237.688720703125,241.7991060668732,237.59191537562756,239.3170325117325,98883700
2018-02-22,237.99681091308594,240.3292447538347,237.32790321531238,238.6129376757864,110511300
2018-02-23,241.790283203125,241.790283203125,238.74491776383942,239.22021470632475,92766400
2018-02-26,244.59805297851562,244.69488517707467,242.27442939994546,242.8641254019329,86491400
2018-02-27,241.54393005371094,245.49589334997782,241.48231199199887,244.78293423401286,99099200
2018-02-28,239.0970001220703,243.0929598055188,238.78015337228064,242.6440667161254,121907800
2018-03-01,235.62033081054688,240.4348374911047,234.12403861653348,238.8857375124105,176855100
2018-03-02,236.83499145507812,237.39831043589393,233.0855035735666,233.94804882971562,139083200
2018-03-05,239.5723419189453,240.18846875059273,235.541167333542,235.64680979709024,97307400
2018-03-06,240.1796875,240.62858072756487,238.68339464847247,240.5493421552027,79213200
2018-03-07,240.09165954589844,240.44372054320368,237.8208432818271,238.01448085942482,87063500
2018-03-08,241.2535400390625,241.37674932898264,239.77486739679026,240.7694325543818,66901200
2018-03-09,245.45181274414062,245.45181274414062,242.3448287927158,242.66170242288203,113625300
2018-03-12,245.14385986328125,246.36730367207642,244.7565846188093,245.74239324326243,71924800
2018-03-13,243.55953979492188,246.80735452644262,242.95222309809864,246.3056534533217,91968900
2018-03-14,242.30966186523438,244.70371419100942,241.75517991030418,244.51888687269934,105895100
2018-03-15,242.04562377929688,243.46267799273133,241.5439227671176,242.8201740730757,83433000
2018-03-16,242.30810546875,243.35970001376637,242.25508616127956,242.57320200610218,100343700
2018-03-19,239.02957153320312,242.4848066021143,237.3770736672259,241.5569418332519,109208400
2018-03-20,239.43603515625,240.07229361657843,238.7555759746704,239.42718961837912,59757300
2018-03-21,238.9766082763672,241.48628808529315,238.764531015029,239.39194422523158,78709600
2018-03-22,233.0028076171875,237.5979844347918,232.72883860854253,236.74964866306775,148785900
2018-03-23,228.0364227294922,233.77159492761265,227.8420096555202,233.44463361413833,183534800
2018-03-26,234.2753143310547,234.5581019309641,229.23829167720385,231.64193234021414,141956100
2018-03-27,230.2898406982422,235.7421981357411,228.7345361738358,235.21200520069758,129941400
2018-03-28,229.60940551757812,232.09260187443158,228.50479184044528,230.42241304991515,146452300
2018-03-29,232.54327392578125,234.40787590041907,229.61825896543695,230.74938233105553,111601600
2018-04-02,227.52394104003906,232.5256357361147,225.04960334539643,232.013079812993,186286300
2018-04-03,230.44004821777344,230.91724881743016,226.96714972539726,228.76104103303032,119956900
2018-04-04,232.9055938720703,233.6125358728964,226.7551121669355,226.88766042107682,123715300
2018-04-05,234.74366760253906,235.6273585175287,233.57718912240716,234.66411168825624,82652600
2018-04-06,229.51217651367188,234.2752559200841,227.99222725325936,232.7818432731498,179521200
2018-04-09,230.64334106445312,234.03671112210202,229.70663080225304,230.970302405471,105442900
2018-04-10,234.31068420410156,235.09718220910804,232.3930896648069,233.53303173968084,103529000
2018-04-11,233.08233642578125,234.743679746807,232.75537508521705,232.8260584961061,91140200
2018-04-12,234.99990844726562,235.9454641579969,234.23110169917575,234.40785066181715,68890500
2018-04-13,234.31068420410156,236.42271882761298,233.3032903974558,236.30783467244473,85079200
2018-04-16,236.23715209960938,237.00598608208193,235.1237195472805,235.94554587517234,63405300
2018-04-17,238.76441955566406,239.36532282768732,237.49190264543654,238.00443144378508,64682000
2018-04-18,238.94131469726562,239.74545008583092,238.48177794023454,239.2064113123839,57303900
2018-04-19,237.6156463623047,238.49049167681346,236.58171619852686,238.28723307214477,77655900
2018-04-20,235.60081481933594,237.765868283229,234.71712393090704,237.54494556112178,99953100
2018-04-23,235.5655059814453,236.73198452248616,234.4874019301393,236.1752549020754,65558000
2018-04-24,232.39306640625,236.81152135905498,230.89078093505276,236.59059861141472,112885500
2018-04-25,232.9674072265625,233.40925262145623,230.5107479096775,232.33114877919144,103840900
2018-04-26,235.33575439453125,236.16642611436546,233.55070823494597,233.9925537468531,67731900
2018-04-27,235.55662536621094,236.2459031345323,234.619915244341,235.9454514886593,57053600
2018-04-30,233.7451171875,236.73199710984161,233.67440680470918,236.1752674598288,82182300
2018-05-01,234.16043090820312,234.26646950425766,231.62421530140028,233.179519958485,74203400
2018-05-02,232.58746337890625,234.7789996239809,232.19863721256587,233.96601907116514,86368900
2018-05-03,232.07485961914062,232.72878214200674,228.92007718059222,231.7567438949684,136311500
2018-05-04,235.0794677734375,235.75992709625967,230.77589696113725,231.1028583129879,91222100
2018-05-07,235.8748016357422,236.84684011200807,235.1589871513474,235.8482919858096,55304900
2018-05-08,235.8748016357422,236.2370911954513,234.31065138539753,235.5036395685785,67499200
2018-05-09,238.15469360351562,238.48165491620054,236.0249953336343,236.54636971982185,59666100
2018-05-10,240.3816375732422,240.70862592564802,238.79100441847086,238.89704303304075,72063900
2018-05-11,241.11508178710938,241.38017828562056,239.99277701782748,240.505332872426,59871500
2018-05-14,241.22994995117188,242.20198836008126,240.68203894368625,241.5480657283191,54790600
2018-05-15,239.56861877441406,240.01928281464853,238.62306299805707,240.00161870440058,87036100
2018-05-16,240.5760040283203,241.03554055980896,239.577428987947,239.6039656045541,53942600
2018-05-17,240.372802734375,241.45090685639775,239.59515032267205,240.31093789069186,56536400
2018-05-18,239.7718505859375,240.39044503041083,239.4183796039987,240.0281285092887,64368000
2018-05-21,241.5745849609375,242.11365045107684,240.86764300493607,241.25646917116896,58025900
2018-05-22,240.90298461914062,242.35225076806103,240.57602327210842,242.09597283331613,52966400
2018-05-23,241.56573486328125,241.59227148003484,239.47139171583964,239.6304765758288,64694200
2018-05-24,241.07090759277344,241.44206969964975,239.2858613807374,241.16812763166678,76043800
2018-05-25,240.49652099609375,241.12393410912944,239.99281061030905,240.49652099609375,56374800
2018-05-29,237.7305450439453,239.63050228387698,236.61711271320866,238.87051399428245,115908600
2018-05-30,240.90298461914062,241.34483010823462,238.96772618756867,239.03840959985598,69678400
2018-05-31,239.4272003173828,240.79691034341295,238.82629701358277,240.49645869151294,93519900
2018-06-01,241.77777099609375,242.07822258559747,240.65546659354575,240.72617694878127,71258400
2018-06-04,242.92666625976562,243.18294421745537,242.36111800650752,242.5997048834602,45385200
2018-06-05,243.10340881347656,243.4833894856977,242.29040119634027,243.05920808091656,51135000
2018-06-06,245.13583374023438,245.24187232618866,243.0945100563013,243.71310443184038,62732200
2018-06-07,245.1093292236328,245.91349114142224,244.19912871766982,245.62188502394488,72969400
2018-06-08,245.83404541015625,245.887064722189,244.48199901709302,244.64990249456807,72139700
2018-06-11,246.16090393066406,246.87669131202748,245.93998123349996,246.05486535092172,58892500
2018-06-12,246.47914123535156,246.8414308658151,245.83403700352798,246.57633431471666,72329000
2018-06-13,245.6925506591797,246.97391309919198,245.48929206780932,246.71763521756895,79070600
2018-06-14,246.31118774414062,246.84138073866893,245.71910294277393,246.55862013095637,77097600
2018-06-15,245.99705505371094,246.33436996162732,244.41702239758845,245.5265966529895,120041600
2018-06-18,245.490966796875,245.61525205762882,244.06184883342064,244.54116518123627,52917600
2018-06-19,244.55010986328125,244.77202466352017,242.80142015383026,243.21862106184778,97531500
2018-06-20,244.96725463867188,245.63299888683773,244.62993988532875,245.2335415022571,53785500
2018-06-21,243.43161010742188,244.97615528081644,242.93452320471235,244.95838476265965,71061400
2018-06-22,243.8754119873047,244.80747014112634,243.6534972491378,244.69207014300736,54898500
2018-06-25,240.55564880371094,242.8813116276135,238.86910170226486,242.72153946930177,137854200
2018-06-26,241.08822631835938,241.94037150239652,240.36922458663946,241.12374026871296,68547400
2018-06-27,239.09097290039062,243.10318209396516,238.94005894114787,241.6740640121467,105110700
2018-06-28,240.4579315185547,241.22130516686488,238.32752849521523,239.03767186606163,76650500
2018-06-29,240.8041229248047,242.91675559562933,240.68872292509045,241.54975320464837,97592500
2018-07-02,241.31900024414062,241.4787994767716,238.99333763694744,239.23302294129033,63554800
2018-07-03,240.46690368652344,242.31325023683345,240.04084455123078,242.2155936255205,42187100
2018-07-05,242.42852783203125,242.49067046122133,240.52006646800746,241.59415332388662,56925900
2018-07-06,244.47909545898438,244.85189713270944,242.07351965385934,242.4552336768545,66493700
2018-07-09,246.68043518066406,246.73369255449904,245.43771797584225,245.48209009097027,50550400
2018-07-10,247.568115234375,247.6657718208399,246.840228277839,247.13317094802807,51966800
2018-07-11,245.75732421875,246.80478270989968,245.45552332781205,246.01475298336572,77054700
2018-07-12,247.98536682128906,248.03862421054453,246.41421965983048,247.01782146419987,60124700
2018-07-13,248.18063354492188,248.4824344235151,247.3551169867808,247.80783184927517,48216000
2018-07-16,247.95870971679688,248.36702535070975,247.51488013104566,248.2250237217725,48201000
2018-07-17,248.96177673339844,249.35234894826192,247.1332009498144,247.18645833464043,52315500
2018-07-18,249.48550415039062,249.59201892505493,248.59784490924093,249.04167452981577,44593500
2018-07-19,248.54457092285156,249.2014300488867,248.06522737966486,248.81974310209378,61412100
2018-07-20,248.260498046875,248.97064160173855,248.10072590548324,248.3403841175709,82337700
2018-07-23,248.7220458984375,248.9261901176102,247.71010170371684,248.0563016932374,47047600
2018-07-24,249.97364807128906,250.81693499098898,249.10375955328703,250.13344728552968,68026900
2018-07-25,252.10401916503906,252.42356337421796,249.6807005552971,249.72507266572734,78882900
2018-07-26,251.50933837890625,252.1928261670429,251.28742359311036,251.3850801852483,57919500
2018-07-27,249.8050537109375,251.9354302854918,248.8818805959211,251.8377736911189,76768700
2018-07-30,248.50013732910156,250.0446552549437,247.97639470285225,249.88488314313972,63742500
2018-07-31,249.72509765625,250.33758454100294,248.88183784928523,249.2635247226231,68570500
2018-08-01,249.30787658691406,250.43522077645216,248.659902898579,249.92924867985008,53853300
2018-08-02,250.666015625,250.8346458978724,247.79886755896152,248.00303886283933,63426400
2018-08-03,251.74020385742188,251.79346125271906,250.61285911546483,250.79040182593164,53935400
2018-08-06,252.6632537841797,252.97391274194152,251.3850227429389,251.7755948438292,39400900
2018-08-07,253.49766540527344,253.87937939334077,253.19586457204238,253.32903510396625,43196600
2018-08-08,253.39120483398438,253.7906623367623,252.92963177079216,253.32908927357005,42114600
2018-08-09,253.04502868652344,253.84391659301082,252.9118852169773,253.4533443562018,35717000
2018-08-10,251.34954833984375,252.14843609399105,250.6394048223309,251.6069770580175,77076000
2018-08-13,250.40859985351562,252.23717515726742,250.11565722463394,251.62468830328046,65732900
2018-08-14,252.00637817382812,252.24606343472783,250.74591759633446,251.13648971338375,43842000
2018-08-15,250.12457275390625,250.79920231859953,248.68656938849597,250.65717361607437,102925400
2018-08-16,252.14845275878906,253.0183684667841,251.52708052604874,251.56259447657288,69967900
2018-08-17,253.0361328125,253.47996241851214,251.53598657704225,251.9443022295948,65618500
2018-08-20,253.5775146484375,253.84380146676025,253.03602866558367,253.48874334593054,39807500
2018-08-21,254.17233276367188,255.03336327356539,253.61310313188827,254.09244668616122,67272000
2018-08-22,254.02139282226562,254.54510839160795,253.49765016371987,253.76396412235042,44993300
2018-08-23,253.68414306640625,254.70494577972218,253.3645716520022,253.8439152290031,49204900
2018-08-24,255.21092224121094,255.35295097336603,254.20786294419815,254.26112033260495,57487400
2018-08-27,257.2258605957031,257.3323753566109,256.2494301387038,256.4092022800655,57072400
2018-08-28,257.3501281738281,257.7939577065519,256.8885281227042,257.68741586376615,46943500
2018-08-29,258.73486328125,258.965636207914,257.3234886771743,257.56314686266506,61485500
2018-08-30,257.6874084472656,258.6283248624232,257.09269206048697,258.25552323561953,61229500
2018-08-31,257.6963195800781,258.14014914459057,256.7909170205872,257.27911870586814,66140800
2018-09-04,257.25250244140625,257.6075606923249,256.24944324288515,257.27913113299496,57594400
2018-09-05,256.5600891113281,257.10157520760544,255.54817190054018,256.897403877992,72452400
2018-09-06,255.7878875732422,256.96846243268556,254.7581996132986,256.6666615444761,65909900
2018-09-07,255.29075622558594,256.2671866291312,254.50072664342497,254.7404119315528,73524800
2018-09-10,255.7345733642578,256.56897502417314,255.539287293018,256.3026610601894,50210900
2018-09-11,256.5777893066406,257.02161874815994,254.7403560065421,255.08652888454353,50530500
2018-09-12,256.63995361328125,257.2435552033378,255.84995122701346,256.5866962429352,59810800
2018-09-13,258.1578369140625,258.34426479519124,257.42109191507126,257.7051492765237,51034200
2018-09-14,258.2023010253906,258.5484740117114,257.4211566296206,258.36207317292326,55079900
2018-09-17,256.8352355957031,258.18446743841525,256.56006349021055,258.1489805848816,68244000
2018-09-18,258.2289123535156,258.82362878130147,257.02168188962406,257.04831057908905,61930400
2018-09-19,258.504150390625,258.9213513580419,258.1579502501414,258.2822355587908,49080600
2018-09-20,260.5990295410156,260.91860100504084,258.5219098371024,259.76465464371614,100360600
2018-09-21,260.3608703613281,261.45764333870767,260.2003749632241,261.34172092502115,105479700
2018-09-24,259.4959411621094,259.9239561004905,258.9163563078542,259.78128445436346,53409600
2018-09-25,259.25518798828125,260.05769215619654,259.0144449014566,259.95069522871887,44370000
2018-09-26,258.47943115234375,260.58377660882445,258.0603417149148,259.3978577222201,79739700
2018-09-27,259.20166015625,260.28950748207143,258.67557384787006,258.95199161647935,59249500
2018-09-28,259.22845458984375,259.7277917564604,258.5418727887045,258.57752029215237,70091400
2018-10-01,260.1290588378906,261.19905539547744,259.4603007849608,260.4678733934338,62078900
2018-10-02,259.9774475097656,260.6907785092049,259.60295825920167,259.9774475097656,47258200
2018-10-03,260.1201171875,261.44870772895086,259.763451690474,261.02961828669123,64694600
2018-10-04,258.0870666503906,259.69207482332916,256.4998822262784,259.6385763650199,111545900
2018-10-05,256.6425476074219,258.82714050010605,255.2158585929535,258.30997967842393,105951700
2018-10-08,256.6425476074219,256.9992130580816,254.5738498970342,255.95593872277664,87742200
2018-10-09,256.26800537109375,257.5698463801317,255.7062444172972,256.25910710370897,74339000
2018-10-10,248.1537322998047,255.83108647445613,247.77924314698828,255.75973706603548,214731000
2018-10-11,242.68788146972656,248.68885373600907,241.07392013109617,247.0659941262699,274840500
2018-10-12,246.0583038330078,247.0748015653049,242.86608461266857,246.78945836571,183186500
2018-10-15,244.67625427246094,247.03029548883134,244.58708109696218,245.701677761115,102263700
2018-10-16,250.02630615234375,250.4008225865687,246.1653554678994,246.63794334214083,118255800
2018-10-17,250.07095336914062,250.695111261112,247.49399246014258,250.0620278867948,110626000
2018-10-18,246.45962524414062,249.73209323984952,245.18453310681264,249.13465741512297,134557500
2018-10-19,246.32583618164062,249.04544086380105,245.63032902677742,247.11051650237442,139901600
2018-10-22,245.22027587890625,247.31569655826044,244.68526385385843,246.99470567033694,82415800
2018-10-23,243.9718017578125,245.09532381186685,239.51341546309573,241.59996419543393,146352700
2018-10-24,236.57977294921875,244.10552979438103,236.02693750520868,243.72208796323582,177806700
2018-10-25,240.82420349121094,242.36681508232206,237.39126750912948,238.4166910055369,138061500
2018-10-26,236.5886688232422,241.64448986483495,233.87799007926512,237.1147822494278,201574600
2018-10-29,235.27796936035156,240.9758006122715,231.70236173875418,239.68285758734302,160749100
2018-10-30,238.76443481445312,239.07652733010562,234.6181405688793,235.10857943971416,157116000
2018-10-31,241.31460571289062,243.63297188220236,240.85984163174297,241.33242946068574,128296300
2018-11-01,243.8827362060547,244.07890635616997,241.0917811115309,242.17962881456293,99495000
2018-11-02,242.43817138671875,245.41637051493447,240.38729712388138,244.98835558425966,122634100
2018-11-05,243.7756805419922,244.32851613775983,241.956651152827,242.92857618600445,65622500
2018-11-06,245.31829833984375,245.4787937517366,243.65086584422724,243.7132897972422,60085900
2018-11-07,250.5703125,250.65056021262745,247.06599911090174,247.4940141234203,102752100
2018-11-08,250.11544799804688,250.7574566535738,248.97410230064654,249.76768083754868,65584900
2018-11-09,247.6722412109375,248.99190590980118,246.26337614744838,248.80466133719972,98812600
2018-11-12,243.04446411132812,247.40475152616438,242.52727608994468,247.16400847527626,99673600
2018-11-13,242.58973693847656,245.50551206799565,241.86748046408346,243.50816351775626,98176600
2018-11-14,240.93121337890625,244.86348626076756,239.37077812959166,244.4622478094711,125335900
2018-11-15,243.4457550048828,243.90944467046296,238.08679231174762,239.66505152031465,135101400
2018-11-16,244.07882690429688,244.98832791595154,241.8317827868211,242.3489708377892,126668000
2018-11-19,239.95042419433594,243.76680286156076,239.03199744440542,243.47253404363687,103061700
2018-11-20,235.50982666015625,238.07786188380766,234.64489850791026,236.61549791018174,136021300
2018-11-21,236.31234741210938,238.2116247297562,236.30344914168026,237.061353202817,75563700
2018-11-23,234.73402404785156,236.13396378953615,234.5735286819056,234.67160011270744,42807900
2018-11-26,238.52371215820312,238.74663151536032,236.59768564694465,236.99002589248818,79981400
2018-11-27,239.3260955810547,239.3260955810547,236.88290936780874,237.48924318233634,75502400
2018-11-28,244.8367462158203,244.8367462158203,239.26376297348142,240.39621058389733,127629600
2018-11-29,244.30181884765625,245.70173188521753,242.91970235254936,244.06104849958857,82346400
2018-11-30,245.79087829589844,246.352639431055,243.82920427573268,244.15019508905894,98204200
2018-12-03,249.04541015625,250.02626043622743,247.44932769483242,249.9192635351074,103176300
2018-12-04,240.975830078125,248.64426156553154,240.6637375292736,248.2162465946637,177986000
2018-12-06,240.61019897460938,240.7261213773136,234.01179240772498,237.1148392029293,204185400
2018-12-07,235.01939392089844,241.84071986500985,234.18121507685527,240.27135909968106,161018900
2018-12-10,235.4652099609375,236.43713486508972,230.60555822834715,234.84102502235243,151445900
2018-12-11,235.51876831054688,238.85363325284783,234.04750596611032,238.66638860838694,121504400
2018-12-12,236.7046356201172,239.8611807104896,236.62438793288274,238.4969156038437,97976700
2018-12-13,236.62435913085938,238.51471032050128,235.50976270188872,237.649782403147,96662700
2018-12-14,232.2552490234375,235.4296188764688,231.70241330469506,234.47551738156093,116961100
2018-12-17,227.69869995117188,232.4156665517509,226.06692897355805,231.3010700046853,165492300
2018-12-18,227.44908142089844,230.0082049076415,225.8440593190549,229.33944683236652,134515100
2018-12-19,224.04283142089844,231.30108403130993,222.33973813419806,227.52929289696613,214992800
2018-12-20,220.39588928222656,224.3638507742223,218.1488585473539,222.79450353410618,252053400
2018-12-21,215.88009643554688,223.96103454003133,215.2343385006495,221.2972864799225,255345600
2018-12-24,210.1759033203125,216.00565237267747,210.11312852383378,214.391257590333,147311600
2018-12-26,220.7949676513672,220.7949676513672,209.65566642653576,211.63778672637773,218485400
2018-12-27,222.49012756347656,222.68742954792995,214.31950984244187,217.55726318862372,186267300
2018-12-28,222.203125,225.47674780536732,221.03717246474218,223.844425204303,153100200
2018-12-31,224.1493377685547,224.3915003778305,221.95197382206396,223.82645885131,144299400
2019-01-02,224.3824920654297,225.30629542099064,220.5886755710733,220.6155810033805,126925200
2019-01-03,219.02813720703125,222.93855359314486,218.54381198522043,222.63360250759496,144140700
2019-01-04,226.3647003173828,227.01045831471532,221.6829616794085,222.05965156362367,142628800
2019-01-07,228.14938354492188,229.5574844766882,225.73676310714848,226.6336472142544,103139100
2019-01-08,230.29298400878906,230.77730922015044,227.80862422016872,230.33784464859812,102512600
2019-01-09,231.3693084716797,232.21238213838788,229.77285506741734,231.00158252166915,95006600
2019-01-10,232.18544006347656,232.43656660303958,229.15396638327567,229.83560729240676,96823900
2019-01-11,232.27516174316406,232.3020671838069,230.52622598914851,231.10919545023927,73858100
2019-01-14,230.8580322265625,231.6652226884312,229.97012545558084,230.37370700114573,70908200
2019-01-15,233.50389099121094,233.8178060483478,231.2257966394314,231.23477424329755,85208300
2019-01-16,234.06890869140625,234.95681551959413,233.72808822825598,233.93435413014328,77636700
2019-01-17,235.8447265625,236.7057553387113,233.15407322100728,233.1989338658102,96118400
2019-01-18,238.9838104248047,239.45020783176548,235.8805980533848,237.65643902527586,127900300
2019-01-22,235.7550506591797,237.72820754201896,234.1406694792154,237.51296401688862,115531200
2019-01-23,236.2483367919922,237.4860417151032,233.78190454892763,236.78647293735455,86030300
2019-01-24,236.3739013671875,236.95689819455436,235.0554800443033,236.06896391865726,59204100
2019-01-25,238.37396240234375,239.1991081892339,236.47257163299076,238.22147999352148,96883400
2019-01-28,236.562255859375,236.62501697032374,234.79539236392185,236.2304129857847,85613700
2019-01-29,236.2483367919922,237.27077083451346,235.41424082058828,236.70575662116138,66136300
2019-01-30,239.98831176757812,240.8313852793916,237.00169880775235,237.7640560093802,92473700
2019-01-31,242.09597778320312,242.58030297951865,239.71026220894768,239.92553305771975,104012100
2019-02-01,242.212646484375,243.23510803930813,241.4233836779168,242.29336281175205,85782500
2019-02-04,243.91664123535156,243.9794297039566,241.5847366321493,242.25739984245362,60744800
2019-02-05,244.9391326904297,245.2440700989235,243.8449326384274,244.34718570779833,79552800
2019-02-06,244.6162567138672,245.15439285929028,243.88083226488828,244.6611173589182,58347800
2019-02-07,242.2843475341797,243.54893036100768,240.625106039328,243.00184405429718,95482000
2019-02-08,242.58033752441406,242.67898167564843,240.21254944589518,241.03769518042967,75788900
2019-02-11,242.71482849121094,243.49511346448097,242.18567003084087,243.23503672054903,68021400
2019-02-12,245.83599853515625,246.21267462339748,244.25747336722668,244.32923944071663,72270200
2019-02-13,246.63418579101562,247.47725915735964,246.24853214086997,246.67006882404198,65277200
2019-02-14,246.08721923828125,247.21730267700767,244.73291463287092,245.54908296409022,83234400
2019-02-15,248.76876831054688,248.80465134266038,247.65664065163318,247.86290650213462,97088700
2019-02-19,249.19931030273438,249.8540183299107,247.96160557911756,247.97058318082802,59120800
2019-02-20,249.70162963867188,250.15904951559108,248.66124028122954,249.16349343713352,76610800
2019-02-21,248.81370544433594,249.42358032410993,247.8540324780566,249.06483200487477,64214700
2019-02-22,250.3563232421875,250.55361153324364,248.79572578226137,249.43250603911778,78114600
2019-02-25,250.69717407226562,252.30260517349242,250.61645774258326,251.78242414751313,69030700
2019-02-26,250.51773071289062,251.39665981476927,250.1410272615592,250.34732050523317,56844100
2019-02-27,250.41018676757812,250.75995752250373,248.86754418847482,249.80028444877328,56921600
2019-02-28,249.94374084472656,250.63435935779663,249.6208755950367,250.19486738473202,69268300
2019-03-01,251.50428771972656,251.91684680155686,250.0692674781502,251.522215550855,78880500
2019-03-04,250.5894775390625,252.80478293969955,248.2934558328238,252.56263402289468,106494600
2019-03-05,250.2486572265625,250.9123702463741,249.70157092032332,250.71505459790112,59114600
2019-03-06,248.73294067382812,250.3742544670684,248.41007542510283,250.36527686435716,75039800
2019-03-07,246.6522216796875,248.4280355197575,245.8091480375507,248.28453071144233,94885100
2019-03-08,246.15890502929688,246.3293152689879,244.32928040957538,244.7956504825107,85795800
2019-03-11,249.72850036621094,249.88993299300893,246.84950903868537,246.87641447648502,65098900
2019-03-12,250.67013549804688,251.19034361848938,250.0961438904598,250.28448189302557,79667500
2019-03-13,252.32945251464844,253.26221994966156,251.39668507963532,251.5581450725677,80639200
2019-03-14,252.1680450439453,252.7779199246628,251.72858040500805,252.35638312195522,67518400
2019-03-15,253.41383361816406,254.22457943424033,252.53100562346543,252.72020072387699,81309000
2019-03-18,254.332763671875,254.63005465232644,253.40490461128536,253.6301133880431,62199800
2019-03-19,254.39576721191406,256.16139589718296,253.50394946882147,255.39570823440198,90268100
2019-03-20,253.63003540039062,255.38667431548166,252.52202615387543,254.17955894218778,84609200
2019-03-21,256.49468994140625,256.9000490867797,252.7652208562003,252.81027908877184,79550400
2019-03-22,251.55816650390625,255.6569546393203,251.49510145781022,255.13448245054312,122659300
2019-03-25,251.36898803710938,252.4049427144172,250.1078246259824,251.21583400194012,85575200
2019-03-26,253.24273681640625,254.1976197397824,251.8374363823318,253.1256238650162,68125900
2019-03-27,251.91847229003906,253.81924820944926,250.36903517466789,253.23368353605088,72224700
2019-03-28,252.8734130859375,253.3238306356926,251.39605781821967,252.54912564594048,56238500
2019-03-29,254.46795654296875,254.7922440437999,253.26084058213502,254.38688466776097,82186800
2019-04-01,257.4856262207031,257.78291713150287,256.19743891736897,256.4677058809414,77617900
2019-04-02,257.6116943359375,257.8459201497663,256.81895541955635,257.674759361398,40070400
2019-04-03,258.0171203613281,259.224235717059,257.4135489378142,258.82786619830597,68243200
2019-04-04,258.7018127441406,258.9540454679294,257.64785109132174,258.34148420891455,48997500
2019-04-05,259.95391845703125,260.00796634856,259.08010755558655,259.3683813046049,58621700
2019-04-08,260.152099609375,260.2601953909309,258.872902047936,259.53052137413107,53566300
2019-04-09,258.8188781738281,259.51251116404137,258.2693820694969,259.18822378928195,66142300
2019-04-10,259.7016906738281,259.7917796584995,258.81886261012613,259.2332389500564,52601500
2019-04-11,259.629638671875,260.1971691008526,259.0621082428974,260.1881519539477,55093100
2019-04-12,261.3862609863281,261.6655176093397,259.67468015426687,261.24212410166086,69727800
2019-04-15,261.215087890625,261.5574095392261,260.4133316619226,261.4583034082265,49596700
2019-04-16,261.3862609863281,262.15197615867913,260.7917066463132,262.0979282633414,52153200
2019-04-17,260.74664306640625,262.5302783705718,260.3322392659286,262.50325442630555,58268300
2019-04-18,261.2601623535156,261.53042935403886,260.0350399233135,261.33224455017637,68708500
2019-04-22,261.4853820800781,261.6385361359312,260.4043965065369,260.4944855104914,40160100
2019-04-23,263.8365478515625,264.0707737387057,261.6205015444346,261.85469994027653,52246600
2019-04-24,263.25103759765625,264.0888075995507,263.1069006901307,263.75550302834347,50392900
2019-04-25,263.0888671875,263.74648667544756,261.8997858066131,263.151932239352,57770900
2019-04-26,264.31396484375,264.386019537816,262.35914106238647,263.1338733529149,50916400
2019-04-29,264.72833251953125,265.2508321267672,264.3139561868012,264.40404516990714,57197700
2019-04-30,264.8634948730469,265.1517686688588,262.97176337987406,264.38605342617814,81111700
2019-05-01,262.87261962890625,265.7012542994581,262.86360248304516,265.4940523837412,71671900
2019-05-02,262.30511474609375,263.67440146767416,260.8097254266999,262.7555322221292,65030200
2019-05-03,264.8725280761719,265.1517847417606,262.41323849814745,263.78252536560603,56543700
2019-05-06,263.782470703125,264.22387098797896,260.25118595039874,260.56648365013655,107198100
2019-05-07,259.3773193359375,261.9717275781503,257.4675542385565,261.3771733983688,144729900
2019-05-08,259.01715087890625,260.7287323063887,258.422596332059,259.01715087890625,91568300
2019-05-09,258.2331848144531,258.8367284495981,255.20636702393213,256.9449982582163,103471100
2019-05-10,259.5304870605469,260.28718492268956,254.30562921533232,257.29640706901097,112429300
2019-05-13,253.0084228515625,255.3776225318209,252.17065317117036,254.41375028780212,127290500
2019-05-14,255.2965850830078,256.82801528908266,253.90030209434335,254.02640467494984,77003200
2019-05-15,256.7920227050781,257.4316078570262,253.4589222110962,253.66612415780725,73956400
2019-05-16,259.1701965332031,260.5304384583781,257.4225747303499,257.4946294219541,76749600
2019-05-17,257.49462890625,259.9809418767313,256.84602671792,256.8640610092583,100353000
2019-05-20,255.79202270507812,257.6026817483969,255.04431451291887,255.8911013257319,62877600
2019-05-21,258.0982360839844,258.4765713763025,257.2334147189398,257.48564741091906,46847100
2019-05-22,257.3054504394531,258.2603331360052,256.8280090911771,257.1433067720303,49482500
2019-05-23,254.16156005859375,255.1254324633682,252.74724273347388,255.08040171698275,98733800
2019-05-24,254.7381134033203,256.0173111653613,254.11653507060132,255.60290728268083,55268100
2019-05-28,252.3689422607422,255.97228258212718,252.35093545600503,255.01739959626457,70029400
2019-05-29,250.67530822753906,251.65721493237672,249.2700080360927,251.25185573751625,104972900
2019-05-30,251.3599090576172,252.2697609156449,250.2608896072796,251.4319637385421,62523800
2019-05-31,247.9727783203125,249.6393281503251,247.9457543767467,248.81057555344347,86862800
2019-06-03,247.34225463867188,249.1258902150911,246.00900903833892,248.00886369318812,96428000
2019-06-04,252.71124267578125,252.84636242817595,249.18897450974495,249.6393920119291,77231900
2019-06-05,254.9001922607422,254.9272162034948,252.52200282462823,254.3326619716426,71169700
2019-06-06,256.5578308105469,257.2334571495753,254.54898609027154,255.1975884753911,69430400
2019-06-07,259.12518310546875,260.2061961055513,257.4045849508437,257.5757458007118,74272200
2019-06-10,260.3143615722656,261.98091227201684,260.2242725495988,260.67469017162296,60799100
2019-06-11,260.2511901855469,262.50327737561093,259.60258797515644,262.1339317774846,58641300
2019-06-12,259.7917785644531,260.57550049432666,259.2782960961573,260.01698727953396,47096300
2019-06-13,260.86383056640625,261.2241866193491,259.99903652021897,260.7016868373662,48945200
2019-06-14,260.5754699707031,261.179013861294,259.809754930864,260.5754699707031,52324700
2019-06-17,260.6744689941406,261.4401838001487,260.5033082436934,260.8095886678393,39205700
2019-06-18,263.4041442871094,264.458133316418,262.1339636584768,262.49431964575285,85434800
2019-06-19,263.9986877441406,264.53017706467074,262.5663634753288,263.5392531233006,78674400
2019-06-20,266.52105712890625,266.92644391683694,264.0617949221299,266.6832283388617,116570000
2019-06-21,266.1335144042969,267.5094328330874,265.9162713958039,266.25119690889755,83309500
2019-06-24,265.8077087402344,266.6585865868795,265.65380982514523,266.34178300435536,47582700
2019-06-25,263.20068359375,265.8891769398379,263.0920620646163,265.8620215575545,82028700
2019-06-26,262.9381408691406,264.6037352997455,262.82951934921067,264.09681645673555,51584900
2019-06-27,263.87054443359375,264.3774633381139,263.3183757652805,263.69855113116637,40355200
2019-06-28,265.2283935546875,265.7262515028233,264.3322381980387,264.8481905283756,59350900
2019-07-01,267.63629150390625,268.7768730392971,266.43233818876865,268.55960231230983,78705600
2019-07-02,268.3332214355469,268.38753219550205,266.7490931451758,267.59093754948606,61504500
2019-07-03,270.4786376953125,270.4967597025448,268.8673536772652,269.01219161006856,40898900
2019-07-05,270.17083740234375,270.333797324257,267.95307413888946,269.2475267615392,51677300
2019-07-08,268.6863098144531,269.9898235013948,268.1431745073926,268.8583031221058,45841800
2019-07-09,269.021240234375,269.31994946484144,267.47332806284766,267.52763883202334,41101300
2019-07-10,270.30657958984375,271.25707311636285,269.5552623450755,270.0893365552128,58448500
2019-07-11,270.94024658203125,271.18464500017757,269.9354699046471,270.9493075836309,50826100
2019-07-12,272.1532287597656,272.22566152144543,271.12129671836635,271.42906689299434,40326000
2019-07-15,272.24383544921875,272.58782210519985,271.7369164693559,272.58782210519985,33900000
2019-07-16,271.36572265625,272.3614660428078,271.05795245040616,272.15325636311616,36650100
2019-07-17,269.51904296875,271.5014685127369,269.51904296875,271.33853623857465,36036300
2019-07-18,270.5057373046875,270.8859402530274,268.57765005776565,269.02119714332446,51392600
2019-07-19,269.00323486328125,271.6283575337682,268.8312414956441,271.60120214019497,58678600
2019-07-22,269.6639709472656,270.20710633424665,268.8854980717697,269.401450445639,43638100
2019-07-23,271.5920104980469,271.5920104980469,269.9535714155049,270.7863824595344,44564500
2019-07-24,272.8683776855469,272.8683776855469,270.7411140582117,270.8316412045889,47213200
2019-07-25,271.5648193359375,272.4700354003906,270.7591637785733,272.4157246465236,55394100
2019-07-26,273.3843994140625,273.5835481165805,272.126135424287,272.25287897362153,45084100
2019-07-29,272.88641357421875,273.3842989600732,272.33424506218086,273.26661645750755,38126500
2019-07-30,272.2166748046875,272.6240332315374,271.10324869630654,271.4834517363673,45849000
2019-07-31,269.238525390625,272.6512091289259,267.2199103624136,272.46109378208786,104245200
2019-08-01,266.8940124511719,272.35246649157233,266.09741756218915,269.3924186711607,142646600
2019-08-02,264.88433837890625,266.24216256795125,263.3273655371344,265.99776415892455,116749700
2019-08-05,256.91845703125,260.89234160663744,255.01749757121055,260.7837200874932,178745400
2019-08-06,260.52130126953125,260.7385720175603,257.33494909026734,258.81045642576964,120711700
2019-08-07,260.6750793457031,261.4445185495751,255.30715454545978,257.44345126444256,140572300
2019-08-08,265.78961181640625,265.78961181640625,261.61657783559,262.1687465315291,87713900
2019-08-09,263.9792175292969,265.4456637627405,262.19594001239,264.8482175889276,93730000
2019-08-12,260.76568603515625,263.97013209125237,259.8151922727457,262.47653060747723,65527600
2019-08-13,264.8209533691406,266.26930462331774,260.1228797001237,260.46686623080353,94299800
2019-08-14,256.99078369140625,261.37202525068426,256.8640678327683,260.7655460789951,135622100
2019-08-15,257.66986083984375,258.5660439238212,255.6240904171086,257.87807057147774,99556600
2019-08-16,261.4717712402344,261.906257446476,257.7241619613219,259.32641272187715,83018300
2019-08-19,264.6217956542969,265.30070769157317,263.8161677350632,264.4950797723394,53571800
2019-08-20,262.5942687988281,264.6491004467703,262.4675528453292,264.11502599091796,51596400
2019-08-21,264.73052978515625,265.1016441746903,264.06971191169754,264.7576851703663,49524700
2019-08-22,264.6490173339844,266.07021351807236,262.87480116707053,265.4365786995359,51666400
2019-08-23,257.85089111328125,265.0111559870093,256.60168809011344,263.34556116445606,149161500
2019-08-26,260.7022705078125,260.7022705078125,258.5116351075703,260.0414527243702,72423800
2019-08-27,259.6793212890625,262.46740216563734,258.91894312954247,262.096260273788,66668900
2019-08-28,261.50799560546875,261.670927937777,258.21299444093967,259.0186503479312,59696700
2019-08-29,264.84820556640625,265.373246555172,263.0649281304495,264.06973271239076,57899400
2019-08-30,264.73052978515625,266.35084714437403,263.7981580595969,266.33275276257075,62901200
2019-09-03,263.1824951171875,263.94287325408277,261.8518264713707,263.0286238647804,69101400
2019-09-04,266.1698303222656,266.18792470473994,264.60379605038094,265.3551411107405,46887300
2019-09-05,269.5914611816406,270.50571064288545,266.13352910544006,268.6590897186863,83258100
2019-09-06,269.7996520996094,270.4423754314379,269.2293891520062,269.90830123844205,49584300
2019-09-09,269.9355163574219,270.8769214356232,268.99408365421084,270.7864219040724,51260300
2019-09-10,269.8721923828125,269.9355641661296,267.9169214798469,269.1751580163531,57947100
2019-09-11,271.7912292480469,271.87269541058845,269.5281882051822,270.1799451305277,68821100
2019-09-12,272.7326354980469,273.79172313296596,271.9360407085292,272.69641910988423,72908700
2019-09-13,272.5516357421875,273.5292850432161,272.18049365800215,273.1762373442292,62104800
2019-09-16,271.70977783203125,272.5968999139856,271.06708187598014,271.42010193281993,58191200
2019-09-17,272.3976745605469,272.4881740817053,271.33855943792975,271.51055272814114,41475500
2019-09-18,272.5606384277344,272.6692599657147,269.97170539749584,272.0084421096551,73375800
2019-09-19,272.54254150390625,273.94564349864027,272.2076158559735,272.9498999338318,76560500
2019-09-20,271.2547302246094,273.4282007266475,270.4635598753563,273.14626233819297,89565000
2019-09-23,271.191162109375,271.90959322004414,270.336327054296,270.5909570013887,43476800
2019-09-24,269.0632629394531,272.6735698308056,268.0993044220978,272.28253581486916,94869400
2019-09-25,270.6546325683594,271.10022805596975,267.66270975241423,269.14503076538426,71854000
2019-09-26,270.0908508300781,270.87291876039774,268.6812968846937,270.66377525710146,56179700
2019-09-27,268.63568115234375,270.9546585387981,267.0806211361253,270.84550766263965,84746600
2019-09-30,269.881591796875,270.5909199632974,269.10862696682705,269.1540856912137,51662400
2019-10-01,266.67144775390625,271.4184990741899,266.4532014526551,270.7637324178549,88242400
2019-10-02,261.9607238769531,265.09815254736196,260.6693965347672,265.08904970256856,122539500
2019-10-03,264.10699462890625,264.1342754190595,259.0143676971502,261.73345487523494,85278800
2019-10-04,267.680908203125,267.9355381538089,264.7071634101348,264.7617527412515,65091200
2019-10-07,266.52593994140625,268.5084455962607,266.2440292191831,266.88061793215365,59610500
2019-10-08,262.3882141113281,265.4074176476115,262.35183047463295,264.67080858188825,95708100
2019-10-09,264.8798828125,265.8165600063333,263.77952092519905,264.4070066694013,62359400
2019-10-10,266.67144775390625,267.55356355823847,264.63440826867793,264.7980929946163,55296300
2019-10-11,269.43597412109375,271.6730815760667,269.30867305178435,269.4268712759371,98720400
2019-10-14,269.13592529296875,269.79069193177,268.79035015685406,269.1177195999643,40394800
2019-10-15,271.8005065917969,272.54621859156424,270.063555459328,270.1817814778992,46754500
2019-10-16,271.3639221191406,272.0550723707066,270.9274295413768,271.3366413330304,48928200
2019-10-17,272.16424560546875,273.0372586742496,271.47309522670037,272.5279987380787,45736600
2019-10-18,270.972900390625,272.27333084102725,270.11806538415243,271.6276670391448,64304000
2019-10-21,272.8099670410156,273.0100354690392,271.85511139743403,272.2916319001921,39048600
2019-10-22,271.9186706542969,273.637415698397,271.8277254489955,273.34640214246485,48594700
2019-10-23,272.70989990234375,272.7644614867511,271.45492795580265,271.66409919775487,34352200
2019-10-24,273.1554260253906,273.79201468518664,272.3278718686874,273.64650791287386,35453100
2019-10-25,274.27398681640625,274.81963026068695,272.52793334522363,272.58249491439386,45205400
2019-10-28,275.8199462890625,276.32013101368767,275.4652960867663,275.4925768715583,42147000
2019-10-29,275.73809814453125,276.66570031313864,275.4198038269224,275.54713265499714,44284900
2019-10-30,276.5838623046875,276.95669044401245,274.6286376454852,275.9381708137291,49643900
2019-10-31,275.84722900390625,276.57476285774817,274.39221680138,276.57476285774817,69053800
2019-11-01,278.4026794433594,278.4481381708568,277.1295020424609,277.29321451712957,71141500
2019-11-04,279.5211486816406,280.09407281644974,279.1482928518034,279.9576689159175,60606900
2019-11-05,279.2120666503906,280.02144303161515,278.92105304685475,279.721326580286,42933200
2019-11-06,279.27569580078125,279.5485036742687,278.32991558505597,279.2120313794404,46487100
2019-11-07,280.2577819824219,281.5945958295788,279.78490583507175,280.61245990736666,54272300
2019-11-08,280.948974609375,281.0035361826021,279.2120238547651,279.9122492128996,49032100
2019-11-11,280.4124450683594,280.5852326412768,279.4302812062415,279.566712897289,35797300
2019-11-12,281.00347900390625,281.90377253154145,280.2304865370375,280.776129910861,46484600
2019-11-13,281.09442138671875,281.49455800669153,279.7848884036395,280.0122374944161,53917700
2019-11-14,281.50372314453125,281.58559326566467,280.17601180041527,280.8126005592483,51219900
2019-11-15,283.540771484375,283.5862302129895,282.1493958072757,282.8405183461568,62023600
2019-11-18,283.7498779296875,283.9863298938384,282.8495843009252,283.3042825380905,49228000
2019-11-19,283.66802978515625,284.35917997236,283.02236607228707,284.3500771269776,67804700
2019-11-20,282.61309814453125,283.5952617594238,281.05803813228846,283.07689917115135,79406200
2019-11-21,282.1584167480469,282.8313889694195,281.35817121201325,282.72226583962293,54664700
2019-11-22,282.78607177734375,283.0407018168203,281.7766544698954,282.90429782292085,44850200
2019-11-25,284.9775390625,284.9775390625,283.71349252607234,283.71349252607234,48647200
2019-11-26,285.6233215332031,285.8052119858325,284.69574683100126,285.0140412468093,37569000
2019-11-27,286.896484375,286.896484375,285.8870395944535,286.10528592426454,44444600
2019-11-29,285.8324279785156,286.5781398116173,285.60507884056364,286.3325849809778,36592700
2019-12-02,283.40435791015625,286.1507255365374,282.9769404159021,286.08706111657636,75767800
2019-12-03,281.50372314453125,281.58559326566467,279.302998783299,280.68527170644836,73941700
2019-12-04,283.24066162109375,283.8408667166338,282.2039639124934,282.5495390662209,49080000
2019-12-05,283.7498779296875,283.9590491097116,282.4403447864453,283.94087117115305,40709000
2019-12-06,286.3416748046875,286.7418114894914,285.6505245759209,285.6596274218507,48927000
2019-12-09,285.4414978027344,286.62370264846453,285.36873051071353,285.9507578365188,34838500
2019-12-10,285.1230773925781,286.0506518116673,284.4683108165804,285.3868101426187,52649800
2019-12-11,285.93255615234375,286.18718614809717,285.04133729091274,285.577878076515,53429100
2019-12-12,288.39691162109375,289.178979276665,285.7051057972178,285.9415300114766,96389600
2019-12-13,288.56976318359375,289.7974542607273,287.3875308397455,288.1605235736877,81503900
2019-12-16,290.55224609375,291.1433483991358,288.506103515625,290.2976161274645,82749700
2019-12-17,290.61590576171875,291.2342888479106,290.5340633902449,290.93420015250655,61097700
2019-12-18,290.63409423828125,291.2342994034276,290.57953265532115,291.0069502235654,48133000
2019-12-19,291.8252868652344,291.89805411559865,290.57031544590774,290.82494531703384,85310500
2019-12-20,293.10479736328125,294.237984386414,291.8802179923732,292.85803523538505,147142100
2019-12-23,293.55255126953125,293.9455076437393,293.40632910700657,293.8906778189208,52990000
2019-12-24,293.56170654296875,293.82670807350945,293.2601146095581,293.7810258479753,20270000
2019-12-26,295.124267578125,295.1334151743545,293.9362514068239,293.94537111404054,30911200
2019-12-27,295.0512390136719,295.91027666961054,294.52120815038006,295.8554468523397,42528800
2019-12-30,293.42462158203125,295.2706521393171,292.94027282858093,295.1335775655158,49729100
2019-12-31,294.1374816894531,294.38424384860156,292.5747755339869,292.9220497660977,57077300
2020-01-02,296.88818359375,296.906478796011,294.7497366062965,295.67275187158805,59151200
2020-01-03,294.6401062011719,295.7641735797391,293.44294167338677,293.49777150755784,77709700
2020-01-06,295.76409912109375,295.84634385164514,292.7665868662051,292.88539410667613,55653900
2020-01-07,294.9324645996094,295.6726950341624,294.48465056571524,295.19746609117453,40496400
2020-01-08,296.5043640136719,297.7197956916485,294.87768074616207,295.12441496646585,68296000
2020-01-09,298.5148010253906,298.5879260402373,297.4821263305997,298.0670148932862,48473300
2020-01-10,297.6558837890625,299.25515249526273,297.1898301592266,299.09981058166176,53029300
2020-01-13,299.70294189453125,299.71206160755526,297.84779146443003,298.2773104255387,47086800
2020-01-14,299.2460632324219,300.3152730869389,298.68858929580705,299.26433055087114,62832800
2020-01-15,299.9221496582031,300.68064734274424,299.07225965420616,299.15450437501033,72056600
2020-01-16,302.4171142578125,302.4171142578125,301.0737276112458,301.30219453828755,54050300
2020-01-17,303.35845947265625,303.5686312399201,302.3531992084545,303.12999249847564,95846000
2020-01-21,302.764404296875,303.56861245848097,302.32576558256864,302.3988627386086,77742400
2020-01-22,302.8008728027344,304.2722140708887,302.64553093599403,303.6233480257216,48914900
2020-01-23,303.1482238769531,303.5594755373367,301.03719151691797,302.1521113343028,51963000
2020-01-24,300.4523010253906,303.88845281451574,299.1637441044687,303.80620806071624,87578400
2020-01-27,295.6361999511719,297.1166611579254,294.8685544324489,295.2066810180619,84062500
2020-01-28,298.7342224121094,299.61152758511525,295.72758990467884,297.0618289224419,63834000
2020-01-29,298.4874572753906,300.3243402372707,298.28640527016483,300.0958733171972,53888900
2020-01-30,299.45611572265625,299.6663153017545,295.67271852206113,296.42206872649126,75491800
2020-01-31,294.0186462402344,298.99008843943227,293.104778599044,298.83471866925794,113845600
2020-02-03,296.20281982421875,298.067117900778,295.3803444015998,295.49915167501734,69083000
2020-02-04,300.7172546386719,301.5854399692841,299.492675464825,299.8125346860519,62573200
2020-02-05,304.1899719238281,304.4001715229161,302.18862743263116,303.6507933581962,65951100
2020-02-06,305.2134704589844,305.4053748205114,304.1350856388759,305.1494930421346,50359700
2020-02-07,303.5868225097656,305.22262540475447,303.038496381652,304.15341594950706,64139400
2020-02-10,305.85321044921875,305.91718787642037,302.66382135820703,302.7003838721832,42070000
2020-02-11,306.38330078125,307.9916890041701,305.85324188570775,307.20577615157714,54864500
2020-02-12,308.3572082519531,308.5673799444257,307.4524603916157,307.81800184241695,43992700
2020-02-13,308.0282897949219,308.99698746751847,306.6574880443758,306.9316372388718,54501900
2020-02-14,308.52166748046875,308.6404747153644,307.24225858355834,308.4394227537769,64582200
2020-02-18,307.7266540527344,308.58569184757795,306.3375574198674,307.5256020605576,57226200
2020-02-19,309.1980285644531,309.87428181296707,308.4121156420215,308.69541242931956,48814700
2020-02-20,307.9277648925781,309.4722036983125,304.9393993518931,308.64970037102154,74163400
2020-02-21,304.7565612792969,306.8858604042742,303.93405817128195,306.57514878327885,113788200
2020-02-24,294.6491394042969,304.82960773887476,293.5707546765499,295.30712504791376,161088400
2020-02-25,285.7207946777344,296.65064700332005,284.8434892986095,296.03837112534984,218913200
2020-02-26,284.6697998046875,290.7104521537765,283.93871677139504,287.1189586441504,194773800
2020-02-27,271.8847961425781,284.7246265399028,271.8847961425781,279.1500278323521,284353500
2020-02-28,270.742431640625,272.23204033235453,260.9457695802284,263.833594623337,384975800
2020-03-02,282.4673767089844,282.53135414421934,269.0974871963839,272.5244912250123,238703600
2020-03-03,274.3795471191406,286.8081496933254,271.93953670902624,282.8419684102805,300139100
2020-03-04,285.9126892089844,286.13203646293175,277.20352949945715,279.7532286727096,176613400
2020-03-05,276.4084777832031,281.9008327977847,274.1695181571032,278.7114427448358,186366800
2020-03-06,271.83905029296875,273.0453622263488,265.23180535005173,267.9002831419246,228667200
2020-03-09,250.6099090576172,259.71202207505866,249.89709348195655,251.58772614350622,309417300
2020-03-10,263.57769775390625,263.6690622000133,249.94278128953638,260.12327944250404,276444100
2020-03-11,250.72877502441406,257.65590908576536,247.54853269089548,256.52272185327337,255316300
2020-03-12,226.73973083496094,243.6919805975519,226.34676044641748,233.95014691450632,392220700
2020-03-13,246.12283325195312,248.09679065094042,227.1143840334552,240.4294279591931,329566100
2020-03-16,219.1911163330078,234.7725454041084,216.91558133266096,220.4065477862678,297240000
2020-03-17,231.02574157714844,234.10548499816915,216.65060754197967,223.93411978479276,262070500
2020-03-18,219.32827758789062,226.9773468065231,208.38014496942634,215.90127325057983,327597100
2020-03-19,219.7943115234375,226.0725919909202,212.21835456333,218.64284326233184,289322000
2020-03-20,210.32244873046875,224.72696071707477,210.0466734873275,222.94363004147445,347158800
2020-03-23,204.9448699951172,211.13136077030381,200.63362552870024,209.761700043424,326025200
2020-03-24,223.5135498046875,224.3868403910806,214.91865078430803,215.48857598678674,235494500
2020-03-25,226.85960388183594,235.6475644145072,220.38814988584195,225.09466188292848,299430300
2020-03-26,240.10581970214844,241.57658322286548,228.93703037872663,229.36907487751665,257632800
2020-03-27,232.9541778564453,239.74737193984004,230.77558000293203,232.8162972428731,224341200
2020-03-30,240.51951599121094,241.2365231887897,233.05528002333395,235.05003225521446,171369500
2020-03-31,236.93447875976562,242.06383359967347,235.52804049293425,239.5175449357564,194881100
2020-04-01,226.27130126953125,236.85178045649488,224.20300778799435,227.95351498436278,189554600
2020-04-02,231.49261474609375,232.2739616933411,224.8373004856705,225.38885105850346,177660400
2020-04-03,228.14657592773438,232.86228984446453,225.41642724189205,230.50901955608984,135561200
2020-04-06,243.47023010253906,245.43741989221715,228.12810503836027,237.0171664651333,188061200
2020-04-07,243.718505859375,252.8189911912203,243.49789687410166,252.06520642083692,201427200
2020-04-08,251.8997039794922,253.71061054645543,243.82876611393948,246.31990229743062,153774500
2020-04-09,255.7329864501953,258.49071084159345,253.22344715493466,255.16303317810022,189999200
2020-04-13,253.39816284179688,255.09876554675654,249.4913857331464,254.75865061637052,114839100
2020-04-14,260.8715515136719,261.89189610685975,253.26023306323893,258.2884851590157,134143400
2020-04-15,255.32850646972656,261.0094117275876,253.21423436633597,255.15384835522406,121775000
2020-04-16,256.560302734375,257.4151905782351,253.49003955687044,256.6062535871755,131798300
2020-04-17,263.49139404296875,264.09806873944035,259.59379105102954,262.3331407891114,146684800
2020-04-20,258.8490905761719,263.6291553806044,258.62848169544804,259.78670637225946,100109300
2020-04-21,250.98965454101562,255.58586108009726,250.05201045311117,254.38165721109934,126385700
2020-04-22,256.560302734375,258.30685593614993,254.5471616484955,255.87087162422512,92951600
2020-04-23,256.54180908203125,261.00933568094723,256.2384718443398,257.83794247637684,104709700
2020-04-24,260.1177062988281,260.7887625327662,256.0086966523413,258.0586148072076,85063200
2020-04-27,263.86822509765625,264.9897006956838,261.6344752923047,262.09409597915175,77896600
2020-04-28,262.6548767089844,267.86696016171067,262.35151131258954,267.51764391278255,105270000
2020-04-29,269.5308837890625,271.06602995813773,266.95701793717836,267.986564277932,118745600
2020-04-30,267.0212707519531,269.63191314520935,265.2838909183048,268.1519197995434,122901700
2020-05-01,259.9522705078125,267.1866954796315,258.78481603360234,262.2687486221893,125180000
2020-05-04,260.6692810058594,260.97261831344605,256.58784709475344,258.06781222922524,80873200
2020-05-05,263.0776672363281,265.8905433416998,260.797938736248,263.49133703836077,79569900
2020-05-06,261.2943115234375,265.16430912686474,260.86226703661674,264.7782435319276,73632600
2020-05-07,264.4474792480469,266.377892674837,263.94190746978387,264.51183290798116,75250400
2020-05-08,268.822998046875,269.2918202089729,266.4513391653479,267.5820163579853,76452400
2020-05-11,268.8780822753906,270.25694423577727,266.4696745397316,266.8925176860717,79514200
2020-05-12,263.5190124511719,270.47765032372735,263.3811037631839,270.0640084188488,95870800
2020-05-13,258.8583984375,263.9969547866996,256.4315875392969,262.95820745768185,144721100
2020-05-14,261.9563293457031,262.08500860643056,250.9438027988502,256.4225039677062,121977900
2020-05-15,263.1605224609375,263.20647332642034,258.6194660511916,259.56628391499515,111146300
2020-05-18,271.17620849609375,272.78488091937567,269.0619645324173,269.383676574657,119703800
2020-05-19,268.390869140625,272.2884430673774,268.3724944146935,270.5786678061945,95189300
2020-05-20,272.9504089355469,273.8144983071531,271.7002537911972,271.930064197411,85861700
2020-05-21,271.0658874511719,273.63057861267043,269.97198802595636,272.82164175506375,78293900
2020-05-22,271.5806579589844,271.75531605411203,269.53994110545716,270.78092249867296,63958200
2020-05-26,274.92669677734375,277.7855520274972,271.59904750423533,277.54654029417327,88951400
2020-05-27,279.0173034667969,279.05408097269293,272.89515320041767,277.72116990088165,104817400
2020-05-28,278.5025329589844,282.0599922398802,277.83147672252164,280.0468515835098,90405200
2020-05-29,279.7434997558594,280.3317995595068,275.28517414932355,278.03369646881987,119090800
2020-06-01,280.87420654296875,281.48090925059915,278.58530436878937,279.100077323199,55758300
2020-06-02,283.1998596191406,283.24583851794176,280.4605383804992,281.7934214913829,74267200
2020-06-03,286.9687805175781,287.92479945173847,284.9096887083299,285.18544991384636,92567600
2020-06-04,286.215087890625,287.7226577738084,284.1192178954162,285.9852774610932,75794400
2020-06-05,293.550537109375,295.32466622909004,291.54659764607965,291.61095127500704,150524700
2020-06-08,297.098876953125,297.2919098216804,293.81717792255563,294.3595270647997,73641200
2020-06-09,294.8835144042969,297.17241696231423,293.5689776241452,294.433066953884,77479200
2020-06-10,293.2380065917969,296.3542484031599,292.5209994219378,295.462583123064,95000800
2020-06-11,276.3332214355469,286.9412780271555,275.7816988829913,286.3069990386874,209243600
2020-06-12,279.6424560546875,284.1191577863785,274.4855245724636,283.34699827287557,194678900
2020-06-15,282.2530517578125,283.38372874328377,272.7756754665918,273.95230329940716,135782700
2020-06-16,287.6858215332031,290.149410155266,282.82305403498947,290.0023281440216,137627500
2020-06-17,286.49078369140625,289.0003228615567,285.75537372521586,288.7061588750805,83398900
2020-06-18,286.6011047363281,287.0791002022098,284.5144366960276,284.97405743157583,80828700
2020-06-19,284.9632568359375,290.2629141511341,283.0151069995311,290.0690318089014,135549600
2020-06-22,286.7913513183594,287.1883578938626,283.21823578587436,284.3631024413638,74649400
2020-06-23,288.111572265625,290.3736357062622,287.70532390749855,289.4411072237713,68471200
2020-06-24,280.76226806640625,286.6897814759057,278.92493642655745,286.0711669477362,132813500
2020-06-25,283.7721252441406,284.03988623160495,278.16776915357684,280.18976894126644,89468000
2020-06-26,277.0321044921875,282.8857657278593,276.45045766240185,282.6733996882287,127961000
2020-06-29,281.10382080078125,281.24230815078425,275.99804720322345,278.28780803699664,79773300
2020-06-30,284.7047119140625,286.4035844678509,280.5130100144226,280.6699529958901,113394800
2020-07-01,286.6989440917969,287.9638703985175,285.3601954313995,285.8218387301167,72396500
2020-07-02,288.2778015136719,291.4816073233506,287.61303399713563,290.1335885242947,69344200
2020-07-06,292.72802734375,293.3097024538688,291.3523392224344,292.10019917073765,61713800
2020-07-07,289.7089538574219,293.16203774566503,289.3304028583476,291.1862184893879,82910000
2020-07-08,291.92474365234375,292.03553353353783,288.71172439183437,290.4751769616239,54638600
2020-07-09,290.2628173828125,292.77415781586666,286.84664602686377,292.534094306912,83354200
2020-07-10,293.2265625,293.49432348020605,288.76710100613167,290.1981838415168,57550400
2020-07-13,290.68756103515625,297.95382235069326,290.03203541314804,295.57175522796825,102997500
2020-07-14,294.4546203613281,295.23017784397115,288.06546370459,289.2657251994357,93657000
2020-07-15,297.1597900390625,298.25850331831754,294.77769489481517,297.6768282673625,87196500
2020-07-16,296.18115234375,296.6335538163291,294.61155366216747,295.25786563140133,54622500
2020-07-17,297.03973388671875,297.8245330469586,295.21161647331553,297.1874631078848,62774900
2020-07-20,299.4403076171875,300.1881674859498,296.0241360322097,296.771995900972,56308800
2020-07-21,300.0774230957031,301.8501178028075,299.08949955212785,301.40695821426857,57292200
2020-07-22,301.7854309082031,302.0993731333049,299.60648815541464,299.7172780341707,57792900
2020-07-23,298.1846923828125,302.12714499020143,296.81824597309316,301.42543801668506,75738000
2020-07-24,296.26416015625,297.2889945895657,294.7591987366895,296.32879697000857,73766600
2020-07-27,298.4247131347656,298.60013985296814,296.16264956413676,296.95669073754914,48293000
2020-07-28,296.5319519042969,298.81247079634437,296.2364934476947,297.6952737904054,57495000
2020-07-29,300.17889404296875,300.7421134441049,297.3720952714355,297.40903461982157,48454200
2020-07-30,299.10791015625,299.5234003844888,295.11933357691976,297.2059420708996,61861700
2020-07-31,301.4715576171875,301.573133804093,296.67969747786157,300.89912438191095,84986800
2020-08-03,303.56744384765625,304.33375941571626,302.5887621937607,303.13349796893095,53077900
2020-08-04,304.73992919921875,304.73992919921875,302.7086877001967,302.7086877001967,41917900
2020-08-05,306.6326599121094,306.89120717639355,305.77401024648213,306.04177121558547,42697700
2020-08-06,308.6824035644531,308.8024353334043,305.7279032834886,306.0510592360944,43679400
2020-08-07,308.90399169921875,309.19020827921787,306.8081131712944,307.71294414525704,57308300
2020-08-10,309.8273620605469,310.0120025169385,307.41756883105035,309.35647677026515,44282100
2020-08-11,307.2698059082031,311.6462040748988,306.5404296941491,311.0091339906926,69601100
2020-08-12,311.5538024902344,312.32935977820927,309.679532000178,309.70722946844614,53774400
2020-08-13,310.9906311035156,312.3017105491452,310.0673444500074,310.78750691268493,41816100
2020-08-14,310.9998474121094,311.53536940593125,309.8734366603985,310.60284094610125,47260400
2020-08-17,311.98773193359375,312.38473835012826,311.00905053743276,312.0154294004109,35481000
2020-08-18,312.6618347167969,313.08653872718406,310.78753558782734,312.3848317893029,38733900
2020-08-19,311.3599548339844,313.5573533060185,310.79673534794836,313.04031505654325,68054200
2020-08-20,312.3293762207031,312.8094750881142,309.50412160274976,309.63336706931557,42207800
2020-08-21,313.43743896484375,313.6590187987212,311.6554738791478,311.9971136916814,55106600
2020-08-24,316.6134338378906,316.68728436371094,313.4096284054614,315.87478769734156,48588700
2020-08-25,317.72137451171875,317.8044669230327,316.0132886974553,317.17663880879144,38463400
2020-08-26,320.9067687988281,321.17450165786835,317.76759961775787,318.3123353958914,50790200
2020-08-27,321.6084899902344,323.0580570797185,319.9465849622059,321.7747030342196,58034100
2020-08-28,323.685791015625,323.8150646592131,321.4422114288014,322.6332589850596,48588900
2020-08-31,322.5133056640625,324.3506373557208,322.2824839670611,323.4735318130016,66099200
2020-09-01,325.5508117675781,325.652359753579,322.4485546070109,323.3441436011947,54908700
2020-09-02,330.2596130371094,331.2290526523332,326.31716140186785,327.46205589368293,69540000
2020-09-03,318.8939514160156,329.0408614690771,316.3087321994255,328.5699763174422,148011100
2020-09-04,316.2903747558594,321.1468443007785,309.18105492482806,319.5772736024122,139156300
2020-09-08,307.6483154296875,316.35492934972956,307.34364325395643,310.87981848066687,114465300
2020-09-09,313.72357177734375,316.1887312996784,310.78749888094603,311.65539056693245,91462300
2020-09-10,308.27618408203125,316.25336585308577,307.3159581046872,315.5978402401596,90569500
2020-09-11,308.4331359863281,311.11990351849477,305.6078810919823,310.05812950649084,84680200
2020-09-14,312.49554443359375,314.26826693128163,308.58081864580447,311.5999553914097,65605700
2020-09-15,314.0743713378906,315.7824287686118,312.5047730661032,314.9514765797402,52920900
2020-09-16,312.8279724121094,316.74269857760834,312.55096952637047,315.31161561893896,82096000
2020-09-17,310.0765380859375,311.7938656460169,307.4451658975791,307.97144597054444,91523300
2020-09-18,306.5067443847656,310.9933360912378,304.0224381842765,310.8821027224487,105877900
2020-09-21,303.095458984375,303.2437795741085,298.2380798999571,301.9182014330189,99450800
2020-09-22,306.1823425292969,306.7385377490843,302.06653750783966,304.57868073084774,63612100
2020-09-23,299.0816955566406,307.0166647717101,298.58111700501155,306.7385530033538,93112200
2020-09-24,299.8788757324219,302.9379070439711,296.44902874373327,297.7653565033435,76681300
2020-09-25,304.7269592285156,305.5148717009548,298.1546568746652,299.0259943751535,71069400
2020-09-28,309.7882385253906,310.50200476162365,307.89718658161235,308.8890645006327,64584600
2020-09-29,308.1011962890625,310.3259488282698,307.40595935248126,309.5843740782885,51304000
2020-09-30,310.43719482421875,313.58892978637374,308.5739508757094,308.76860928712824,104081100
2020-10-01,312.43017578125,314.0060289873834,310.5484025217798,313.03270872151455,88698700
2020-10-02,309.4638366699219,312.40238366370073,307.00733868479756,307.48010881582076,89431100
2020-10-05,314.95166015625,315.1370397279588,311.47547493244844,311.5218127530587,45713100
2020-10-06,310.4742736816406,317.1856469045774,309.9644445702148,315.0906571878008,90128900
2020-10-07,315.87860107421875,316.6850714131168,313.40354507518236,313.43135342172144,56999600
2020-10-08,318.6781005859375,318.74299616214427,316.8982814154723,317.8160134938171,45242500
2020-10-09,321.5239562988281,321.98744765048014,319.7070781213472,320.3281406905713,59528600
2020-10-12,326.69647216796875,328.1703711128486,323.5725453203997,324.063844968693,80388500
2020-10-13,324.5644836425781,326.7336199420712,323.60041363526926,326.5574909516224,73255500
2020-10-14,322.5250244140625,326.23295452878085,321.7927285846741,325.13912193436175,57727900
2020-10-15,322.1264343261719,322.6084550653457,318.07552513157503,318.6131625602973,60357700
2020-10-16,321.9317626953125,325.13911424772533,321.7556337558863,323.4798076396234,89501900
2020-10-19,317.03729248046875,323.82278285072874,316.1381183278607,323.1924415429291,68425600
2020-10-20,318.3072814941406,321.5517205103544,317.62132344041964,318.3814276529497,60051900
2020-10-21,317.7047119140625,320.43004263717467,317.39879185718223,318.26087876428136,63575000
2020-10-22,319.4474182128906,320.0314217004003,315.77657552045014,317.91790278181213,55399300
2020-10-23,320.53204345703125,320.7267018827422,318.0755452159894,320.6710851896819,49143900
2020-10-26,314.6086120605469,317.9364759234132,311.1138698437013,317.14853512100905,91473000
2020-10-27,313.5240173339844,315.2852783983385,313.3108011782151,314.9515782824497,65994100
2020-10-28,302.80804443359375,313.551765999517,302.3167449414249,307.8508304573768,127094300
2020-10-29,305.8856506347656,309.05591447743296,301.3526932962897,303.0398079880695,90597700
2020-10-30,302.6969299316406,305.61691969344054,299.0446159372506,304.30987072993145,120287300
2020-11-02,306.08966064453125,308.0919181320214,303.34577182679664,306.08966064453125,86068300
2020-11-03,311.493896484375,313.5517985554668,306.1730265311478,309.32476105094173,93294200
2020-11-04,318.4555969238281,322.5343145343358,314.7940044922087,315.97126216053266,126959700
2020-11-05,324.6663818359375,326.4740092498404,323.38714130170024,323.7393992214774,82039700
2020-11-06,324.59222412109375,325.8436562639265,322.26548878904805,324.3790079432216,74973000
2020-11-09,328.6709289550781,337.77390433814645,328.2074376824893,337.3938380999121,172304200
2020-11-10,328.18890380859375,329.24564918548936,324.9166565996286,327.6790464420353,85552000
2020-11-11,330.6268005371094,331.45180010151614,329.13434427337086,330.37649720254603,58649000
2020-11-12,327.41943359375,330.6731507511697,325.6118349534943,329.61637727502233,67546200
2020-11-13,331.9524841308594,332.69405891618226,328.8099994489029,329.32910745648184,62892200
2020-11-16,336.09619140625,336.29084989110504,333.3337722247923,334.6222920138023,74541100
2020-11-17,334.2884521484375,335.49354647121936,332.1749330059845,333.68591913167813,66111000
2020-11-18,330.2653503417969,335.1042005097741,330.22826311784223,334.55728418581134,70591300
2020-11-19,331.6557922363281,332.02657957234703,328.29084129066734,329.63497720915376,59940900
2020-11-20,329.3846740722656,331.60017579109797,329.3105279207122,331.3962385127505,70417300
2020-11-23,331.3591613769531,332.6198723058136,328.9582800615384,331.1923113139346,63230600
2020-11-24,336.6985778808594,337.2454941499389,333.05554351994675,333.9083515604822,62415900
2020-11-25,336.17950439453125,336.64299568251425,335.0856717443146,336.61518733680583,45330900
2020-11-27,337.11578369140625,337.5885255934708,336.1053477355722,337.27335489567287,28514100
2020-11-30,335.623291015625,336.6058902297958,332.9443262265779,336.3370573763305,83872700
2020-12-01,339.29412841796875,340.83292278060395,338.28372087591083,338.87700326166663,74231400
2020-12-02,340.0079345703125,340.16550576049775,337.6070531807557,338.18177783063066,45927000
2020-12-03,339.915283203125,341.3057572313504,338.8121715442582,339.90600432370485,62882000
2020-12-04,342.844482421875,342.844482421875,340.40651392671566,340.499217834335,50749900
2020-12-07,342.1399841308594,342.6312837481267,340.8700225705228,342.07508856328803,48944300
2020-12-08,343.14117431640625,343.7066201446968,340.82371772977626,340.87005554580287,42458900
2020-12-09,340.0635681152344,343.95687801184386,339.2292894437654,343.7993068138485,74098300
2020-12-10,339.9523620605469,340.99982870636666,337.82028496287495,338.6916509289143,57735400
2020-12-11,339.55364990234375,339.9615244312118,336.73564370740246,338.2558801692447,57698600
2020-12-14,338.033447265625,342.7981226816186,337.8573183246596,341.7228478589244,69216200
2020-12-15,342.603515625,342.603515625,339.20150512752514,340.57342135002625,63865300
2020-12-16,343.14117431640625,344.0588780721469,341.93607991779965,342.81672473642504,58420500
2020-12-17,345.05999755859375,345.2639348642844,343.956885989985,344.78191409140845,64119500
2020-12-18,343.68218994140625,345.5161309651634,341.67136919379556,345.3485696719916,136542300
2020-12-21,342.4533386230469,352.3212438699424,337.0260063626711,339.7629543638441,96386700
2020-12-22,341.876220703125,342.8909354359635,340.7497984268332,342.7792278925102,47949000
2020-12-23,342.1834411621094,344.091844631818,341.8576085573205,342.844396393639,46201400
2020-12-24,343.51470947265625,343.54263636142235,342.0717728699792,342.65823753406784,26457900
2020-12-28,346.4656677246094,346.8566440369137,345.4416347950201,346.06534457269254,39000400
2020-12-29,345.8047180175781,348.1692982115266,345.2182250819667,347.9924184877755,53680500
2020-12-30,346.2982177734375,347.33156954976204,345.9072413033697,346.6240504383996,49455300
2020-12-31,348.0575256347656,348.7836528455677,345.5905568038257,346.10255901803885,78520700
2021-01-04,343.31915283203125,349.51917659122995,339.62334376927595,349.3888321963932,110210800
2021-01-05,345.6837158203125,346.7729211198693,342.63025338281886,342.67681712955124,66426200
2021-01-06,347.7503662109375,350.9434912559952,343.62633562425066,344.17558324644114,107997700
2021-01-07,352.9170227050781,353.6617584095082,349.9473414971712,350.1242211986964,68766800
2021-01-08,354.9278869628906,355.14198358914405,351.05519832067495,354.30414871589034,71677200
2021-01-11,352.5354309082031,354.29488155566315,351.63242370939287,351.7534496860149,51034700
2021-01-12,352.60986328125,353.6245779387695,350.3663089172504,352.7215992262628,52547700
2021-01-13,353.5594177246094,354.5554954734266,351.7534035637951,352.53538468344925,45303600
2021-01-14,352.3212890625,354.80689545132014,351.9861664446019,354.3041831146207,49989100
2021-01-15,349.7518615722656,351.50199335982205,347.88999385755534,350.70140387922305,107160000
2021-01-19,352.4981384277344,353.0380960342888,350.72936958492306,352.2095511727949,51233300
2021-01-20,357.376220703125,358.21405551285824,354.397220924243,354.78819724418975,61836100
2021-01-21,357.7020568847656,358.36304045364824,356.78044135246313,357.934790375537,47840100
2021-01-22,356.4360656738281,357.59973334100926,355.467886219974,355.849572623992,52860500
2021-01-25,357.8417053222656,358.1954363497445,352.3212455515999,357.1714317593944,70402000
2021-01-26,357.283203125,359.2009250817401,357.050469601999,358.79131180846997,42665300
2021-01-27,348.5509948730469,354.05281810421934,346.3167590029396,353.95971902424606,123351100
2021-01-28,351.5485534667969,355.5515576481308,349.928737662884,350.3662492978682,94198100
2021-01-29,344.5107421875,350.65491209093165,342.83504399028214,349.6867328043069,126765100
2021-02-01,350.2452697753906,351.2785927627981,344.7993008040637,347.90861660624154,75817600
2021-02-02,355.1978454589844,356.75251769171075,350.32907897038325,353.42907659511883,64450700
2021-02-03,355.4771423339844,357.19937586145977,354.2017673399159,356.026389967423,52427100
2021-02-04,359.517333984375,359.56386931140645,355.5887921301405,356.5104075201895,47142600
2021-02-05,360.9324035644531,361.6399224767463,359.47085881489795,361.3885805309923,48669800
2021-02-08,363.5390930175781,363.58562835972907,361.52827190518417,362.384715387774,38365200
2021-02-09,363.2969665527344,363.89277790526904,362.29157040764335,362.7011552001997,35551100
2021-02-10,363.1387023925781,365.18676844469576,360.73690530404883,365.0378156036463,59154400
2021-02-11,363.7251892089844,364.637514691375,361.29546527923713,364.2185830573535,42913300
2021-02-12,365.52191162109375,365.7639351240039,362.8501073798465,362.9245980037026,50593300
2021-02-16,365.2054138183594,366.94628434358594,364.4886048325737,366.7507677394015,50972400
2021-02-17,365.2891845703125,365.54052650809217,362.44050055956217,363.4552435609881,52290600
2021-02-18,363.7345275878906,364.479263411607,360.9603340863235,362.68256763974955,59712800
2021-02-19,363.0921630859375,365.27986352452217,362.645304567679,364.9912762762247,83241000
2021-02-22,360.2994079589844,362.71052376422216,360.02942912693527,360.3273348443789,67414200
2021-02-23,360.73687744140625,362.08674292738397,353.9410715012877,358.0930286391464,107284100
2021-02-24,364.71197509765625,365.1402251600415,358.66090455980543,359.6476922516517,72433900
2021-02-25,355.9239807128906,364.81441738369665,354.4810443890207,363.4459432788632,146670500
2021-02-26,354.0899963378906,358.9494723193458,352.1071310412466,357.8044418312601,152701600
2021-03-01,362.6732177734375,363.92069420530373,354.28552261817083,358.95880058810565,105348800
2021-03-02,359.8432312011719,363.12942703807903,359.34051889355743,362.8966935413863,79595300
2021-03-03,355.07684326171875,360.11317098093735,354.97442575307235,359.1450201183431,119940200
2021-03-04,350.68280029296875,357.47860618196836,346.19569221992555,354.89061115902405,183433000
2021-03-05,357.13421630859375,358.18617627812586,346.9032607012722,354.1831430171617,152039600
2021-03-08,355.3560791015625,360.9044370293171,355.07681030362994,358.09302696069,123149200
2021-03-09,360.42974853515625,362.9804987402697,358.698196429531,359.2009087711451,113633600
2021-03-10,362.6732177734375,364.3675242968636,361.36062596963234,362.7756352759854,109899400
2021-03-11,366.3504638671875,368.32403944461987,364.6840840161151,365.14026100475496,86245000
2021-03-12,366.8438415527344,366.98347596763745,364.18138400908146,364.99129202536955,64653600
2021-03-15,369.031494140625,369.2921544845288,364.9539992961072,367.0951358060423,73427200
2021-03-16,368.5661315917969,370.35350919623494,367.79344036114065,369.64601858232834,73722500
2021-03-17,369.8228454589844,370.62343505257456,366.1363264084717,367.2813854421712,97959300
2021-03-18,364.4420166015625,369.32010118927036,363.76242462104625,367.23481832610025,115349100
2021-03-19,363.7677001953125,365.7197211971754,361.59150389696646,364.1412876855865,113624500
2021-03-22,366.67236328125,368.05466830965446,364.2253325103038,364.28136920712717,73778600
2021-03-23,363.78643798828125,367.4850032922784,363.0018955603366,366.0373408067087,90686600
2021-03-24,361.9370422363281,366.8217830520808,361.89035449260405,365.1873129811931,97588600
2021-03-25,363.9731140136719,364.76697660324993,358.5559965907847,360.4986968055075,116128600
2021-03-26,369.8386535644531,370.24025947344177,364.5242872244289,365.12202161175344,114409100
2021-03-29,369.65179443359375,370.5577590931056,366.877863754709,368.3628933197625,108107600
2021-03-30,368.671142578125,369.3436115196959,367.0740110275809,368.3816101105084,76262200
2021-03-31,370.1654357910156,371.7251997987825,369.21278347970974,369.2408018270159,112734200
2021-04-01,374.1629333496094,374.218998554884,371.89336139475535,372.0988388044274,99682900
2021-04-05,379.5333557128906,380.07508186806007,376.7501043396407,376.8248104457492,91684800
2021-04-06,379.30926513671875,380.3553217947627,378.6367960704182,378.9730448550216,62021000
2021-04-07,379.7480773925781,380.0936464810016,378.68335178237857,379.1409942505184,55836300
2021-04-08,381.5506896972656,381.60672639186373,380.06566028462163,380.9996431984528,57863100
2021-04-09,384.3246765136719,384.49281512504706,381.3079295009663,381.4293518580536,61104600
2021-04-12,384.4647521972656,384.7355867285504,383.11981447960585,383.7268976917543,56704900
2021-04-13,385.6042175292969,386.2299986965263,383.9790961887934,384.36203264890395,56551000
2021-04-14,384.28729248046875,386.6315702804382,383.7455664130594,385.5761649966313,61659900
2021-04-15,388.4154968261719,388.68635987083064,386.3794207731198,386.42610852089956,60229800
2021-04-16,389.7137145996094,390.32079778500326,388.28472190043465,389.70436564966764,82037300
2021-04-19,387.79913330078125,389.2281263712112,386.47289319771744,388.7798327038786,78498500
2021-04-20,384.95977783203125,387.68699217501296,383.4840687603821,386.5848990980943,81851800
2021-04-21,388.6022644042969,388.80774177837327,384.20318450969165,384.343304744254,66793000
2021-04-22,385.05322265625,389.26549578003414,383.98849668768133,388.4342655987634,97582800
2021-04-23,389.22808837890625,390.6384119098377,385.5388724213667,385.61357852432894,73209200
2021-04-26,390.04052734375,390.61027164976167,389.2933525357161,389.8817662359165,52182400
2021-04-27,389.95648193359375,390.5355752024287,388.81702179635823,390.33941829559586,51303100
2021-04-28,389.844482421875,391.34820981136744,389.37749094113417,390.22741885643023,51238900
2021-04-29,392.3288269042969,392.9452589949812,388.9478136062445,392.5716715620224,78544300
2021-04-30,389.75103759765625,390.90919573054396,388.8544220293682,390.05926790428015,85527000
2021-05-03,390.59173583984375,392.1234532710356,390.09672594707484,391.74051678751226,68128300
2021-05-04,388.1820068359375,389.0973204297574,384.49279111679294,388.6023105837801,101591200
2021-05-05,388.30340576171875,390.05929824240366,387.7430102993665,389.82580250833166,60162200
2021-05-06,391.40423583984375,391.5349786293804,386.3700541332892,388.3781117451592,74321400
2021-05-07,394.25286865234375,394.9066681025146,391.4882871687611,392.17010496663084,67733800
2021-05-10,390.34881591796875,394.83192244153906,390.22739358037734,394.60777566622943,81852400
2021-05-11,386.8651123046875,387.8551320603856,382.9890883362958,385.8284047975115,116888000
2021-05-12,378.6460266113281,385.3520172707222,377.32910724736956,384.08181415543856,134811000
2021-05-13,383.1944580078125,385.1278092241434,380.1496649909566,380.1963812322004,106394000
2021-05-14,389.0785827636719,389.9285106204482,385.90304661385784,385.93106496065724,82201600
2021-05-17,388.088623046875,388.90121223521504,386.0712162573868,387.9672291939465,65129200
2021-05-18,384.74493408203125,388.59293922934893,384.5861444411635,388.3500945443385,59810200
2021-05-19,383.7362365722656,383.9136956201269,378.57131179137997,380.0563698240923,106467100
2021-05-20,387.86444091796875,389.1253236094422,384.49277612741383,384.61416996928796,78022200
2021-05-21,387.5469665527344,390.5917607113276,387.08932393487345,389.3495471729859,76578700
2021-05-24,391.4976501464844,392.5717248506236,389.54560067622776,389.78844536691764,51376700
2021-05-25,390.6290283203125,392.9359673967326,390.0499634392748,392.5810493076067,57451400
2021-05-26,391.40423583984375,391.90856610321015,390.1807204738854,391.21742785148024,43088600
2021-05-27,391.6097717285156,392.94536068585694,391.3295597041095,392.4316813954646,56707700
2021-05-28,392.3101806640625,393.4402919789062,392.0766849418198,393.1787779101102,58520200
2021-06-01,391.9646911621094,394.81332815085875,391.52571797502355,394.67323638964024,54216600
2021-06-02,392.58099365234375,393.42160100863873,391.60967202316226,392.6183609466643,49097100
2021-06-03,391.1240234375,392.2634837583409,388.79841505022597,390.26477509890356,58138800
2021-06-04,394.7011413574219,395.0000226974305,391.18935686955393,392.9732674576829,55938800
2021-06-07,394.31829833984375,394.86934490806766,393.38431530836596,394.69188585185486,51555000
2021-06-08,394.4023132324219,395.2709105225555,392.5717146579376,395.17750652833854,47134300
2021-06-09,393.8138732910156,395.3176005403084,393.58972652208564,395.24286594873485,48436300
2021-06-10,395.6445617675781,396.5972427580908,393.720558888761,395.0374784616624,51020100
2021-06-11,396.29827880859375,396.4103521952226,394.90665341979326,396.195554371816,45570800
2021-06-14,397.1856689453125,397.288393406657,395.16826199483984,396.4104469975744,42358500
2021-06-15,396.4571533203125,397.37243850900103,395.5792069332303,397.3350997073947,51508500
2021-06-16,394.24346923828125,396.8212709082069,392.1980731122802,396.59712415530663,80386100
2021-06-17,394.11285400390625,395.0935248680887,391.6378044633818,393.832670472112,90949700
2021-06-18,388.79608154296875,391.5228387958726,388.5899319002041,390.8294393593685,118676300
2021-06-21,394.3620300292969,394.5494491775668,389.74243684552914,390.5576558078238,72822000
2021-06-22,396.4703674316406,397.3043454678535,393.6311417670724,394.352679752593,57700300
2021-06-23,395.99249267578125,397.35118140093033,395.908162638729,396.5453419827774,49445400
2021-06-24,398.33514404296875,398.7567942864678,397.88535518708557,398.13837392933584,45110300
2021-06-25,399.75,400.1997887962621,398.75674142988316,399.08471063989845,58129500
2021-06-28,400.555908203125,400.7245682950884,399.0753997356411,400.2748080498527,53159600
2021-06-29,400.77142333984375,401.5772628150839,400.2373044711945,400.9400834258965,35970500
2021-06-30,401.1087341308594,401.78340305544015,400.2841356012442,400.3122456149289,64827900
2021-07-01,403.3294982910156,403.48880742764095,401.8021208712644,401.8677204331776,53441000
2021-07-02,406.4123229980469,406.76840218909126,403.41378848033645,404.49140558885847,57697700
2021-07-06,405.672119140625,406.68413685470637,402.9359824093808,406.4686076794865,68710400
2021-07-07,407.1057434082031,407.38687211913964,404.34149695894274,406.35612403799763,63549500
2021-07-08,403.7886047363281,404.5476035617082,400.602651261336,401.78332881021294,97595200
2021-07-09,408.09906005859375,408.3989192878367,403.5919064673389,405.2973236629894,76238600
2021-07-12,409.560791015625,409.8138097220538,407.58365342944904,408.01468314938586,52889600
2021-07-13,408.16461181640625,410.27294851905754,407.9022421705888,408.7736811446095,52911300
2021-07-14,408.7737731933594,410.3480200189035,407.5275242441298,409.8607415696969,64130400
2021-07-15,407.3775634765625,408.1084524983558,405.47537611239835,407.4337835093042,55126400
2021-07-16,404.1822204589844,408.60504373099667,403.7886802665075,408.5582032401322,75874700
2021-07-19,398.2132263183594,404.24775614946304,395.40211100310523,399.35641435707515,147987000
2021-07-20,403.9197998046875,405.19418699140346,398.08203985333273,398.8785282705121,99608200
2021-07-21,407.1900939941406,407.33067265477706,403.8729980876093,405.1192467876088,64724400
2021-07-22,408.0428161621094,408.28645534613815,406.3842681533673,407.36814723384765,47878500
2021-07-23,412.2408142089844,412.57813441994017,409.2891479785124,409.97316793833465,63766600
2021-07-26,413.2527160644531,413.26209560038063,411.6035477215418,411.6503882088871,43719200
2021-07-27,411.36932373046875,412.2407627628377,408.5394488652319,412.21265274876606,67397100
2021-07-28,411.20062255859375,412.57807039855686,409.77633422865034,411.9971110612924,52472400
2021-07-29,412.906005859375,413.98359440615155,412.1188969574822,412.1282764931705,47435300
2021-07-30,410.90081787109375,412.35321630587856,410.20738984106623,410.33858897512397,68951200
2021-08-02,410.0387268066406,413.16843236981356,409.68264755521176,412.61558301486065,58783300
2021-08-03,413.3745422363281,413.49636182074306,408.6425090931806,410.83517582420905,58053900
2021-08-04,411.3411865234375,413.346434118997,411.10692688961086,412.09080591322396,46732200
2021-08-05,413.9461364746094,414.0304665079831,412.1844995210822,412.5030891792091,38969700
2021-08-06,414.6302490234375,415.0519278807742,413.9836900268023,414.26481879707745,46930000
2021-08-09,414.2928466796875,414.92064647614995,413.5244682278816,414.60205680992107,41222600
2021-08-10,414.80828857421875,415.52044714337615,414.0586690459545,414.74268900155386,43339300
2021-08-11,415.8389587402344,415.93266831269824,414.75199061117655,415.87644828844924,44034300
2021-08-12,417.08526611328125,417.22584478983765,414.78953854358605,415.6890876543333,38909400
2021-08-13,417.84429931640625,417.8630297953268,417.0478107219428,417.5350605392358,39470300
2021-08-16,418.828125,418.95929552799396,414.98626119675987,416.5417486330433,73740000
2021-08-17,416.0826416015625,416.94470112800127,413.0934860818038,416.2700321700211,92673900
2021-08-18,411.5286865234375,416.6355593375459,411.2850758848466,415.0706919850857,89351900
2021-08-19,412.165771484375,413.36520830572493,408.66125638495504,408.8018064511608,92812200
2021-08-20,415.44537353515625,415.7733427277286,412.02518874666305,412.51246706573465,72008700
2021-08-23,419.0998840332031,420.0088125987634,415.5203897980154,417.1320972978909,54973000
2021-08-24,419.7651672363281,420.2992860816183,419.24980746387826,419.7651672363281,38744700
2021-08-25,420.6459045410156,421.16126421394017,419.57766705673146,419.95250528737705,40529700
2021-08-26,418.162841796875,420.5991192042751,418.0691322205563,420.3648595615522,57829600
2021-08-27,421.9016418457031,422.2764515773078,418.9124863376052,418.9687063675384,77235100
2021-08-30,423.7569580078125,424.5440669661629,422.33264109600447,422.5762802722132,48357400
2021-08-31,423.1291198730469,424.0005588501911,422.5294300788062,423.6632387027082,59300200
2021-09-01,423.3540344238281,424.5815527206417,423.11977477029654,424.06619292133183,48721400
2021-09-02,424.65655517578125,425.462394702092,423.45714682758916,424.7783747777005,42501000
2021-09-03,424.5534362792969,425.068824666954,423.11976836523195,423.52271669627993,47170500
2021-09-07,423.0354309082031,424.30043871518234,422.3607619842241,424.20672913760086,51671500
2021-09-08,422.52008056640625,423.23223905655976,420.5991342695839,422.5013500889307,56181900
2021-09-09,420.7115478515625,424.0755125696742,420.467908695529,422.3232551840981,57970400
2021-09-10,417.3944396972656,423.0635112920505,417.27262011455633,422.64186111668704,89948200
2021-09-13,418.4626770019531,420.6553724465294,416.1481905625877,420.3930027876443,83738600
2021-09-14,416.2044677734375,420.1119029115105,415.314269621711,419.90575326564493,78197100
2021-09-15,419.6808776855469,420.17750702921626,415.520423766594,416.62612251723135,78792200
2021-09-16,419.01556396484375,420.1306135920383,416.0638694935535,419.15611403582216,77786700
2021-09-17,414.9339294433594,418.6658919018536,414.5767094129711,418.2428908298914,118425000
2021-09-20,408.0152587890625,410.38415094028574,403.14582633545695,408.80488950613693,166445500
2021-09-21,407.6297302246094,411.6531020580182,407.10330988661246,410.3558416937555,92526100
2021-09-22,411.6060791015625,413.64597940866713,407.74252679645014,409.90460825882724,102350100
2021-09-23,416.6071472167969,418.21463714747955,413.2418148065021,413.4768249344985,76396000
2021-09-24,417.2934265136719,418.00786655031254,414.7553054165893,414.97152508235223,62094800
2021-09-27,416.0995178222656,417.4249496091947,415.4038683828205,416.2593086333386,61371100
2021-09-28,407.71441650390625,413.655480073126,406.981185972043,413.32646012046985,130436300
2021-09-29,408.4006042480469,410.83530568589765,407.8365742138815,409.09622503378733,82329200
2021-09-30,403.40899658203125,410.58148154628566,403.07056708218,409.8764511666684,140506000
2021-10-01,408.2032165527344,409.88589724112427,401.613551525623,405.138703737529,129240100
2021-10-04,402.9389343261719,407.9399274949172,400.79561465530827,407.03749673565017,128570000
2021-10-05,407.1315612792969,409.3782432393912,403.64401892844825,404.4430304326626,90682500
2021-10-06,408.8235778808594,409.03038792327897,401.9048940758357,403.5311456620032,113032200
2021-10-07,412.3582458496094,415.1971583599053,411.9258351717762,412.1044451950091,72437500
2021-10-08,411.6060791015625,413.5143886692366,410.9762680936143,413.1289686595899,74557400
2021-10-11,408.6262512207031,413.8622842543227,408.56044149355773,410.9481526531211,65233300
2021-10-12,407.6203308105469,409.9516414282403,406.83070028385015,409.5474309242927,71181200
2021-10-13,409.0868225097656,409.90465316392994,405.6650899688843,408.645002322282,72974000
2021-10-14,415.96795654296875,416.11836647826146,412.2829848477017,412.7530051375808,70236800
2021-10-15,419.1358642578125,419.50249383265776,417.4625932709582,418.0830234599393,66260200
2021-10-18,420.376708984375,420.71510979062344,416.6917376412568,417.34977745930763,62213200
2021-10-19,423.6198425292969,423.6856235581585,421.39192256312816,422.0029718063698,46996800
2021-10-20,425.28375244140625,425.5845723051379,423.96770139728164,424.0805016742407,49571600
2021-10-21,426.3929748535156,426.618575397613,424.2496836213109,424.68209422675085,41305400
2021-10-22,425.9512023925781,427.40828257050583,424.0053114184127,425.9606119788899,58845100
2021-10-25,428.2354736328125,428.5644935725112,425.26497065295007,427.04163242690424,45214500
2021-10-26,428.6208801269531,430.99918156529145,428.2448696453988,429.78654991386077,56075100
2021-10-27,426.72198486328125,429.7489164065924,426.6467655584889,429.0814956872959,72438000
2021-10-28,430.8393859863281,430.9145766067055,428.1414742340312,428.15085513172806,51437900
2021-10-29,431.713623046875,432.0050333226642,428.2448711186631,428.5362813944523,70162400
2021-11-01,432.45623779296875,433.07666796283195,430.7265667229376,432.70062881424144,48433600
2021-11-02,434.2047424316406,434.51497189123603,432.4938616741639,432.6254811267831,48908400
2021-11-03,436.8556823730469,437.25989295856164,433.198910555134,433.6407307983925,52509800
2021-11-04,438.9143371582031,438.9989373652711,437.10944667746986,437.4572570913363,52847100
2021-11-05,440.4372253417969,442.43010684262913,438.9237737315892,441.14225579847414,66390600
2021-11-08,440.813232421875,442.0353024166088,440.1270211428771,441.53708204527277,50405200
2021-11-09,439.3561706542969,441.4148618185051,437.9461097849906,441.17985167362065,51149100
2021-11-10,435.8216247558594,439.3561866436364,434.336373208753,437.6640963262321,69429700
2021-11-11,435.9626159667969,437.3914960298939,435.94382548251065,437.31627671722447,34848500
2021-11-12,439.2527160644531,439.80733651939306,436.2821846286871,437.2316347180003,53466700
2021-11-15,439.40313720703125,440.7003977259758,438.2751057858588,440.54060690132917,46980500
2021-11-16,441.1421813964844,442.2796223088453,439.0647000337654,439.1398906471806,48857500
2021-11-17,440.070556640625,441.0575876528418,439.4501264917785,440.87897766963937,47858300
2021-11-18,441.56524658203125,441.8284567817868,438.3784954289363,441.1046072166389,50625600
2021-11-19,440.775634765625,442.70270645083684,440.4090051747564,441.4524364328998,57315600
2021-11-22,439.53472900390625,445.1467717517106,439.32791895320247,442.65567024625074,72762000
2021-11-23,440.11761474609375,440.9730551422776,436.60187205072765,439.20577420842636,73206500
2021-11-24,441.2926330566406,441.4148429167893,437.2974607646824,438.115291443818,61858800
2021-11-26,431.4504699707031,436.08486361573597,430.32240968502606,434.61840245701467,112669600
2021-11-29,436.7428894042969,438.5853610359219,434.0449773431906,436.2446690099577,86268800
2021-11-30,428.2448425292969,436.2069866122317,428.0004228222706,434.29870556860726,148559600
2021-12-01,423.48828125,436.80866888995706,423.290880760792,433.9603470803366,131939200
2021-12-02,429.9745788574219,431.5444593337186,423.3096942265421,423.7045239141556,127637800
2021-12-03,426.2331848144531,432.7006394884692,422.0030024782896,431.638417799551,137331600
2021-12-06,431.2812805175781,433.1613619164098,426.36485733203756,428.78076881460004,98977500
2021-12-07,440.20220947265625,440.7662395682255,431.1496139364449,436.56425695349,95484700
2021-12-08,441.3678283691406,441.8190581603877,438.83911699656346,440.5970169214314,72238800
2021-12-09,438.3879089355469,441.4712407407317,438.19050845590453,440.07997042228766,61272600
2021-12-10,442.51458740234375,442.6649973016301,438.5382350620276,441.09514597438505,77159800
2021-12-13,438.5946960449219,442.3454484006168,438.3126666867193,441.99763801115,87724700
2021-12-14,435.57720947265625,437.814510746309,432.6536969041149,435.32340883194223,97264100
2021-12-15,442.383056640625,442.6274476583098,433.1142425689226,435.6335728638,116899300
2021-12-16,438.48187255859375,444.5169160885959,436.9307828900091,444.23491543308455,116568600
2021-12-17,433.815185546875,438.4092618245341,432.1077368438548,435.39999504107936,135511600
2021-12-20,429.2023010253906,429.5984890492109,425.57986657914137,428.73062942371416,107134800
2021-12-21,436.824462890625,436.9659586009306,430.4568968299471,432.62657449075914,69806300
2021-12-22,441.1921691894531,441.30536576361067,436.3716706238864,436.569793417211,58890200
2021-12-23,443.9372863769531,445.4371985113299,442.0883418877811,442.19209581442925,56439700
2021-12-27,450.2199401855469,450.2670958254494,445.26738887680665,445.3145445167092,56808600
2021-12-28,449.8520202636719,451.6821081838997,449.0879146544429,450.65386765775884,47274600
2021-12-29,450.4273986816406,451.44619639288265,448.9557859939899,449.9557272102515,54503000
2021-12-30,449.1822509765625,451.8613419081985,448.72002207295793,450.8519578886304,55329000
2021-12-31,448.05023193359375,449.84257807075835,447.77668316160356,448.6917271226337,65237400
2022-01-03,450.6444396972656,450.7765215542985,447.0031490248722,449.31432242601716,72668200
2022-01-04,450.4934997558594,452.78584543871375,448.635112640116,452.06889544831097,71178700
2022-01-05,441.8430480957031,450.89914766079016,441.74870802750024,450.12559940549204,104538900
2022-01-06,441.427978515625,444.1448112867114,439.0601780901141,441.3808228754029,86858900
2022-01-07,439.68280029296875,442.61661242591146,438.3243838694435,441.43743350191716,85111600
2022-01-10,439.1357116699219,439.35266218590664,430.7305201228873,436.4849195241094,119362000
2022-01-11,443.1354675292969,443.22980760686403,435.87171338487093,438.87156663562837,74303100
2022-01-12,444.3334655761719,446.38997545502053,442.3713245554861,444.87117806328797,67605400
2022-01-13,438.211181640625,446.0881025089078,437.18294108680465,445.4371934481838,91173100
2022-01-14,438.39044189453125,438.73947426347723,433.8435208770397,435.06044163485194,95890900
2022-01-18,430.6266784667969,433.9000801446297,429.51354052849086,433.6925435130348,109709100
2022-01-19,426.1552734375,433.5699368723863,425.88169585972383,432.1738074172843,109357600
2022-01-20,421.4385070800781,432.74918102362534,419.31598522013365,428.04190842212745,122379700
2022-01-21,413.1654357910156,422.6743219055185,413.1371366485651,420.31596407281415,202271200
2022-01-24,414.9200744628906,415.42948785761394,396.92109866435106,407.5525662882195,251783900
2022-01-25,409.854248046875,414.8067989622443,402.9489701470522,408.52413091783615,167997300
2022-01-26,408.8260803222656,418.8821222815148,404.56215063672164,415.7502159505603,186391100
2022-01-27,406.8072814941406,416.5708886311564,405.11871802199556,413.4295686804275,149878300
2022-01-28,416.9104309082031,416.9575865405849,403.5809903341213,408.1656232816554,164457400
2022-01-31,424.4195251464844,424.7685575099905,414.8917534598383,416.2407272712182,152251400
2022-02-01,427.2872314453125,427.928697788192,421.61773069576964,425.14582437015105,123155400
2022-02-02,431.43798828125,432.1643521308704,427.38159553014776,429.6927977248774,117361000
2022-02-03,421.29705810546875,427.3061493870198,420.45746888036115,425.4006065808514,118024400
2022-02-04,423.278076171875,427.12690349554987,418.68397092224063,421.0612140470099,118454400
2022-02-07,421.91961669921875,425.4382678088837,420.58949956003295,424.04213853628335,84472900
2022-02-08,425.39117431640625,426.31566099325914,419.9952501952537,421.41970760411243,81012000
2022-02-09,431.6172180175781,431.93795122288446,429.23056108197864,429.4286550758493,92589900
2022-02-10,423.8629455566406,431.7775795121979,421.86306271080866,425.7684883309894,140103700
2022-02-11,415.5049133300781,426.0231836326423,414.0710421144383,423.947845988049,153214600
2022-02-14,414.146484375,416.5803257355876,410.67498861776903,414.9955162101405,123006300
2022-02-15,420.8253479003906,420.9951427431811,418.0707734780917,418.5896294380124,88482700
2022-02-16,421.29705810546875,422.6743310487677,416.90107555558865,418.7783192186944,84863600
2022-02-17,412.29754638671875,421.2687487717077,411.693821753136,418.10854352626,102259100
2022-02-18,409.62786865234375,413.80687151261105,407.3544084156553,412.55220911710694,132642900
2022-02-22,405.2319641113281,410.82598263729784,401.7321399493936,407.4205273459961,124391800
2022-02-23,398.0437316894531,408.7129425044356,397.47771993078385,408.1469307457664,132578000
2022-02-24,404.0338439941406,404.46780255410187,387.3744299437548,387.732876144503,213942900
2022-02-25,412.94842529296875,413.0333227139032,403.61874859349035,405.26959895160047,121804500
2022-02-28,411.89190673828125,413.37296233027865,406.29788900505855,407.5525226744369,145615000
2022-03-01,405.6186828613281,412.4013221597528,402.9112639395008,410.3919967190823,137785900
2022-03-02,413.08050537109375,414.806810499793,407.11857033694304,407.8732332677147,117726500
2022-03-03,411.02410888671875,416.11815704449447,409.2223196953185,415.5144322912253,105501700
2022-03-04,407.68463134765625,408.81662588103086,403.63768107861074,407.2884145484183,113978200
2022-03-07,395.66644287109375,407.80726559886233,395.6004019359383,407.09975817846976,137896600
2022-03-08,392.6665954589844,403.00562856631194,391.60061306814714,395.8456573433794,164772700
2022-03-09,403.1942443847656,405.175270488169,398.86430336951577,401.052866089248,116990800
2022-03-10,401.3736267089844,402.2697853678107,396.61916949340304,398.5813104458791,93972700
2022-03-11,396.2701416015625,404.4772092709991,395.7607282684723,403.8640420157582,95636300
2022-03-14,393.3741149902344,400.4963446455009,392.23267777731564,397.0437338622443,95729200
2022-03-15,402.0246276855469,402.6566515763055,394.7137170949515,395.9872075218258,106219100
2022-03-16,410.9390869140625,410.995685192888,400.7321084005492,405.5337497664183,144954800
2022-03-17,416.0803527832031,416.0803527832031,408.6468044640496,409.02413595065417,102676900
2022-03-18,420.6375427246094,420.95927229277345,413.72975679136624,414.4678490660908,106345500
2022-03-21,420.51458740234375,422.47335203270006,417.00389114982016,420.4672563901048,88349800
2022-03-22,425.4351806640625,426.37198236705336,421.90556943878335,421.90556943878335,74650400
2022-03-23,419.9562683105469,424.39429439850414,419.8711071405114,422.8991946168003,79426100
2022-03-24,426.286865234375,426.29633721311484,420.86473496549416,421.981331093405,64736900
2022-03-25,428.36871337890625,428.6431408824674,424.3375775189563,426.92091553706297,77101300
2022-03-28,431.41571044921875,431.41571044921875,425.88000270205794,427.77255038464375,68529800
2022-03-29,436.75262451171875,437.24470532869987,432.6174129701443,435.30482687325934,86581500
2022-03-30,434.05572509765625,436.4214091697429,431.94552450928234,435.6075988323958,79666900
2022-03-31,427.3750915527344,434.11255605182595,426.9208697553412,433.2893025074121,121699900
2022-04-01,428.5862121582031,429.09717906301364,425.0092994346501,428.9552438116774,89048800
2022-04-04,432.2577819824219,432.36188709811455,427.96172050083106,428.7849739372156,59601000
2022-04-05,426.7978210449219,433.23247058270414,425.65283796639494,430.76271011439627,74214500
2022-04-06,422.5301513671875,424.81067460735846,419.64402793365923,422.88029691792224,106898000
2022-04-07,424.65924072265625,426.47609894481815,419.70077574327007,421.6500972677455,78097200
2022-04-08,423.5237121582031,426.4193072695884,421.9812814601947,423.90221584948597,79272700
2022-04-11,416.28472900390625,421.09178658035466,415.7832051098399,420.24958914576314,89770500
2022-04-12,414.7423400878906,421.8015343492119,413.1904372386116,419.2749706687826,84363600
2022-04-13,419.49261474609375,420.2496221966037,414.3164961668285,414.4962904899716,74070400
2022-04-14,414.2691650390625,420.8363067294956,414.16505991706254,419.71968183285964,97869500
2022-04-18,414.43951416015625,416.1238802748247,412.2062931005156,413.341833148195,66002500
2022-04-19,421.1296691894531,421.8488175877449,414.1650795150678,414.33540185587515,77821000
2022-04-20,420.8173828125,423.5237406996165,419.65348460531936,422.9086685500845,65224400
2022-04-21,414.524658203125,425.8326405645599,413.61624352930863,424.44161705872466,85417300
2022-04-22,403.1504211425781,414.5435347350055,402.5826511949937,413.4364107712959,132471800
2022-04-25,405.48773193359375,405.6580542602697,396.33725301076987,400.9077709224342,119647700
2022-04-26,393.7445068359375,403.1504700703284,393.71611977901205,402.95173179386785,103996300
2022-04-27,394.8515930175781,400.19806220831515,392.71303421926314,394.8232059633786,122030000
2022-04-28,404.8253173828125,406.5570142890086,395.1638717530579,399.6018973665393,105449100
2022-04-29,389.8647766113281,402.9895886209459,389.1172122790781,400.8320856724879,145491100
2022-05-02,392.2115173339844,393.5741537158079,383.25974771045304,389.93099434604335,158312500
2022-05-03,394.0094299316406,396.4224162058567,391.1516650055243,392.71303964199615,100028200
2022-05-04,406.0082092285156,406.5759792490273,391.48290152050896,394.67183940897127,144247900
2022-05-05,391.5775451660156,402.16635092774,387.44233342518896,401.7405161814466,172929100
2022-05-06,389.240234375,392.5143334096191,383.9316525873715,389.01313791973797,151770800
2022-05-09,376.77777099609375,384.5750561979862,375.19748138207063,383.3354400955876,155586100
2022-05-10,377.6483154296875,384.2627584402979,373.60773768353124,382.75818692997774,132497200
2022-05-11,371.6490173339844,382.3324561154293,370.9014529815829,376.6832006420824,142361000
2022-05-12,371.26104736328125,374.53514652082424,364.4573366484498,368.45061311196713,125090800
2022-05-13,380.1371154785156,381.51866715299093,374.35536749244255,375.396274457315,104174400
2022-05-16,378.5946044921875,382.2661507129922,376.23839244839405,378.4905282567008,78622400
2022-05-17,386.3825378417969,386.6191062996921,380.9509064114928,384.68869959743125,83029700
2022-05-18,370.8067932128906,382.1053033485448,369.5671769928699,381.82143279357103,117674500
2022-05-19,368.5357360839844,372.96431881468,366.31198717995636,367.7408696651366,98510700
2022-05-20,368.69659423828125,375.6990132327795,360.09497051983396,372.12210011344524,131432200
2022-05-23,375.594970703125,376.3614500919125,369.4063326029317,371.72468584727085,76414900
2022-05-24,372.727783203125,373.9200684973476,366.17008413397616,371.46922293735594,91448800
2022-05-25,376.02081298828125,377.98907865192785,370.8352510778718,371.2326698997725,91472900
2022-05-26,383.5341796875,385.1712435361306,377.0427561590206,377.2509375219795,82168300
2022-05-27,392.9496154785156,393.0631636990263,385.7957888065358,385.9944981924295,84768700
2022-05-31,390.7447814941406,394.0851264101224,388.0005936135915,391.3314665518741,95937000
2022-06-01,387.58428955078125,393.8770046632853,385.06719773018256,392.8645136255513,86585800
2022-06-02,394.9652404785156,395.0125426179488,385.17130074310455,387.42343703743313,79609600
2022-06-03,388.4832763671875,391.79523485840576,387.5086154520342,390.2433318753729,71874300
2022-06-06,389.66607666015625,394.22709420031765,388.49267756993027,392.49542593941146,57508900
2022-06-07,393.4038391113281,393.8580609068562,385.71062891259504,386.17432268656637,59272400
2022-06-08,389.126708984375,393.4795741929143,388.33184246632624,391.69110286881636,64350000
2022-06-09,379.8721008300781,389.61870798841755,379.8721008300781,387.34765697732666,86289800
2022-06-10,368.857421875,374.5161481558554,368.8101197482245,373.6645077280553,132893900
2022-06-13,354.8526611328125,361.2967831487457,353.2439841844837,359.4420946590602,170004900
2022-06-14,353.7833251953125,357.6346658846879,350.679548775885,356.60323107069917,104011800
2022-06-15,358.8269958496094,363.27446487884,352.1273619331276,357.08582684228884,125666800
2022-06-16,346.9512939453125,351.01081676127995,344.5193632718366,350.60392594515343,134473300
2022-06-17,347.69915771484375,351.0444479219139,344.19235133733406,347.3665544750161,111113900
2022-06-21,356.4520263671875,357.83954577017596,353.35383919081494,353.4298843377524,76811900
2022-06-22,355.8058166503906,359.9208687301767,351.80477429485757,352.2229356289405,90059400
2022-06-23,359.2936096191406,360.0253774175742,354.380257681737,357.944112743824,79292100
2022-06-24,370.7169494628906,370.7264623574381,362.4393100729595,362.46781975387455,98050300
2022-06-27,369.30084228515625,371.933332275918,368.2079327440028,371.6387226344607,66009600
2022-06-28,361.75506591796875,373.64409647087297,361.64102718888944,370.859544492515,86548900
2022-06-29,361.46044921875,363.29463974904866,359.63577158326706,362.3062847809654,65676000
2022-06-30,358.5238952636719,361.7646316342559,354.0666972674118,357.5640208158886,112508300
2022-07-01,362.31573486328125,362.7529219458162,355.2450444294537,357.86805091376164,74839700
2022-07-05,363.00006103515625,363.01908682641243,354.3897883879628,357.2218760257325,81438000
2022-07-06,364.2259216308594,366.7158632778939,360.7571091301574,363.14249596615014,70426200
2022-07-07,369.6810302734375,370.4793302796413,364.2449625145711,366.0031367080708,64525900
2022-07-08,369.3769836425781,371.2491967887842,366.516386504775,368.04645446042775,72397800
2022-07-11,365.1573486328125,367.6662874925925,364.4635744126361,366.696929365384,58366900
2022-07-12,361.9261169433594,366.99155941529256,360.17745545859367,364.60614303529803,62219200
2022-07-13,360.025390625,362.96203282628903,356.06239989210513,356.48056122161495,84224600
2022-07-14,359.1511535644531,360.2345507004797,352.62217405237294,355.06458130752503,89704800
2022-07-15,366.0126647949219,366.12670351443825,361.6505097570627,363.56071631441466,79060400
2022-07-18,362.9905700683594,369.77613578928634,361.76459566817937,369.10138727564373,63203600
2022-07-19,372.7982482910156,373.3684709198661,366.25978635540963,366.91550902545094,78506000
2022-07-20,375.1741027832031,376.59016077722407,371.6197609648057,372.98828349436786,71843800
2022-07-21,378.99462890625,379.04213537491796,372.1900378364041,374.5944510061109,64903900
2022-07-22,375.478271484375,380.31560739398503,373.2544293512537,379.1181717855212,72197300
2022-07-25,375.9344177246094,376.78973707432243,373.6915500269605,376.1054757940071,53631500
2022-07-26,371.4867248535156,374.49935379005854,370.59338295368127,374.2902731538691,52946400
2022-07-27,381.1329040527344,382.8815653652331,374.4898588407444,374.7844685236655,82342100
2022-07-28,385.9132385253906,386.60698374585616,378.38636390787866,381.9407350618802,73966600
2022-07-29,391.53936767578125,392.52775161157655,386.5784802133014,387.3482705951752,87003700
2022-08-01,390.37994384765625,392.8889118778882,388.1275919584921,388.8403630121632,69997500
2022-08-02,387.8044128417969,392.49919977922883,386.62597416207234,388.81179345563703,63435400
2022-08-03,393.87725830078125,395.0461841555904,389.6481388511842,389.9332356443753,67820600
2022-08-04,393.6112060546875,394.4855223283824,391.9670703405135,393.8012609389681,45656600
2022-08-05,392.9459228515625,393.5921616324373,389.2680289335886,389.32504829644654,56814900
2022-08-08,392.48974609375,396.8899240250277,391.3873233872075,394.63757214293867,53886100
2022-08-09,390.9311828613281,392.26168307241494,389.85726979721653,391.75799267097744,44931800
2022-08-10,399.14227294921875,399.28485036063125,396.03460162898654,397.9923437821938,68665700
2022-08-11,399.14227294921875,403.85608634972215,398.40099222133176,401.993357133819,59489700
2022-08-12,405.8993225097656,406.00384833286853,400.1306223802401,401.08098369306896,61694500
2022-08-15,407.5719299316406,408.0946460440883,403.6279363687809,403.6849557261061,54048300
2022-08-16,408.3702697753906,410.29950209001703,405.69024389909407,406.4980568196023,59289000
2022-08-17,405.4716491699219,408.1801847177208,403.4664007169476,404.76839107782297,63563400
2022-08-18,406.65008544921875,407.3343177003201,404.3787081612712,405.671185528094,49023200
2022-08-19,401.185546875,404.1506695923492,400.3112016877868,403.8845695793236,68016900
2022-08-22,392.8318786621094,396.51928542351556,391.92902375820364,396.3481983345936,77695600
2022-08-23,391.8814697265625,394.7990857432436,391.33024395653683,392.4041568162922,49105200
2022-08-24,393.135986328125,394.50447996842576,390.9691636437866,391.6533959625738,49177800
2022-08-25,398.6861267089844,398.73363317866927,393.53515507562247,394.62806490293383,50942300
2022-08-26,385.19091796875,399.1137045548559,385.1338986136642,398.57202068154095,103087000
2022-08-29,382.64404296875,385.69469516399244,381.285033028505,382.23539449766605,65370800
2022-08-30,378.443359375,384.0410012678557,376.34306905482566,383.8034109464827,85652400
2022-08-31,375.5637512207031,381.3229380663818,375.4307157273297,380.07796715106764,76029700
2022-09-01,376.74224853515625,377.08436469022797,370.678938652205,373.3874742240931,78740100
2022-09-02,372.7697448730469,381.6271200488621,370.9545511254495,380.41065862148133,99632100
2022-09-06,371.36322021484375,374.5564205138696,369.1393780774377,373.61557203339373,76637400
2022-09-07,378.0347595214844,378.8045499413538,370.8310328137159,371.0495973756983,70964200
2022-09-08,380.5057067871094,380.9618617031352,374.5564350669581,375.7634126219765,80821700
2022-09-09,386.41693115234375,387.28176346215974,382.4824212375365,382.74852125573165,76706900
2022-09-12,390.5699768066406,391.29226066106133,388.1845607104956,388.4886832810648,69256300
2022-09-13,373.5870361328125,383.0906492168183,372.46561674955393,381.88367179340526,122947100
2022-09-14,375.0125427246094,376.5331264751755,371.70527524233233,374.8889911257345,85023700
2022-09-15,370.7549743652344,376.30508130578556,369.4814936051546,373.4539971854713,87633800
2022-09-16,367.926513671875,368.58495903524056,364.6342868550473,366.57147330224217,103084800
2022-09-19,370.77972412109375,370.77972412109375,364.7010595826664,364.77741710532587,73278500
2022-09-20,366.52374267578125,368.4609000016925,363.7659311992638,367.4493811490609,77274900
2022-09-21,360.1301574707031,371.50498233585387,360.1206054997159,368.45132204995605,106746600
2022-09-22,357.10516357421875,360.9985532046951,356.36083780125125,359.35721571534805,89472600
2022-09-23,351.1219787597656,353.6698511651654,346.6750983342068,353.63167239360894,122346900
2022-09-26,347.6484069824219,353.2785667174396,346.4269485005134,349.652370039799,92581200
2022-09-27,346.7608947753906,353.4598260291323,344.3656797923764,351.1886701822386,108294100
2022-09-28,353.58392333984375,355.27296245080464,346.01660643811806,347.71519752115427,110802200
2022-09-29,346.1979675292969,350.3203721022098,343.24929081093507,350.03410411862905,112952300
2022-09-30,340.844482421875,349.17522920833704,340.7109004194997,345.25318357199444,153711200
2022-10-03,349.84320068359375,351.6944777642895,342.7816430249758,344.56611454293574,89756500
2022-10-04,360.68359375,360.71222053913664,349.804977050176,355.3683299660365,103602800
2022-10-05,359.8439025878906,362.1055067151951,353.9847287224127,356.3131384107271,88065700
2022-10-06,356.13177490234375,361.39930818363916,355.6355383734306,358.4410803172353,82333500
2022-10-07,346.1979675292969,356.2177546608036,344.43257063889547,352.09532096602055,107789500
2022-10-10,343.5545654296875,347.55293916401916,341.31206538570666,347.3143728510966,76042800
2022-10-11,341.3788146972656,346.4268856317471,339.441657555121,341.85594728520135,92482800
2022-10-12,340.25286865234375,343.36378317495866,340.00475032937624,341.7892510895263,76991800
2022-10-13,349.23248291015625,350.7020596679561,332.1892890254387,333.2389867095814,147254500
2022-10-14,341.27386474609375,353.3262387618921,340.6344942548241,351.6944243183575,123737000
2022-10-17,350.0436096191406,351.15056087847387,340.9399103655982,347.362126415413,93168200
2022-10-18,354.15643310546875,358.2788655814361,350.711520738244,357.97349374132114,97162900
2022-10-19,351.64678955078125,354.8435843710711,348.831695054884,352.114370264022,79746900
2022-10-20,348.69805908203125,355.6260339289677,347.9346294295258,351.1982293100266,88283100
2022-10-21,357.1719665527344,357.65862205185954,346.91361459894165,348.4213409562037,131038400
2022-10-24,361.54248046875,362.67805847697105,356.0459031598392,358.698788584184,85436900
2022-10-25,367.3158264160156,367.63072116367647,361.35166805839594,361.4661752393635,78846300
2022-10-26,364.5484313964844,369.8541443090124,363.90908993272876,364.1667310883198,104087300
2022-10-27,362.60174560546875,367.39214701251325,361.9814498519805,365.55042194011406,81971800
2022-10-28,371.2282409667969,371.7053735710983,362.31540741307015,362.49672013245373,100302000
2022-10-31,368.5467834472656,370.6366267278111,367.64024890976526,368.7662749442344,96631300
2022-11-01,366.93408203125,372.5356437948338,365.76035435229414,372.29707747025043,85407600
2022-11-02,357.7254638671875,370.85616501782636,357.6205086522629,366.34247921682703,126990400
2022-11-03,354.0419616699219,357.08607016392386,351.92349163838855,354.4809155332156,87100100
2022-11-04,359.13775634765625,361.5424944523819,353.07816578614245,359.75802297669105,103505200
2022-11-07,362.5730895996094,363.16472938893213,358.3552244250396,360.435515659066,68286900
2022-11-08,364.5293884277344,367.50669186220006,360.445133617555,363.6800782301254,84641100
2022-11-09,357.01922607421875,363.7086341105511,356.5229895570527,362.5539523085774,78495500
2022-11-10,376.6389465332031,376.9729451885855,368.00285783726986,370.3026114178393,141455800
2022-11-11,380.2841796875,381.0857588460338,375.6082575799313,377.4977128890988,93839900
2022-11-14,377.0492858886719,381.8778657875463,376.77254080840333,378.5188625471577,71903500
2022-11-15,380.26513671875,383.9104368342091,376.4480758536066,382.80348568869397,93194500
2022-11-16,377.3642272949219,379.5876526465697,376.73440869768956,378.63338733958733,68508500
2022-11-17,376.20953369140625,376.88708300619,372.2970693510568,372.60241210724644,74496300
2022-11-18,377.91766357421875,379.61625454437336,375.0644198124641,379.54944898801807,92922500
2022-11-21,376.54351806640625,377.7172747970653,374.7017931399619,376.59124880158924,51243200
2022-11-22,381.6107177734375,381.772955700867,377.0779572405803,378.4902804799536,60429000
2022-11-23,384.01544189453125,384.5020973782574,381.0476617682043,381.2766761134872,68261600
2022-11-25,383.9295349121094,384.4830250793276,383.175686313319,383.45240227506304,30545400
2022-11-28,377.8030700683594,382.4789628729978,377.03964057418204,380.83762586283837,67881600
2022-11-29,377.1543273925781,379.12963465297184,375.3125730239588,377.9368028939053,52310000
2022-11-30,389.03485107421875,389.03485107421875,375.48430196447526,377.4023553187591,144566700
2022-12-01,388.74859619140625,391.24876657686235,386.2388738341099,390.0750097932602,76398200
2022-12-02,388.3000793457031,389.20661386702676,383.7482445522166,383.8531997520255,85342700
2022-12-05,381.3148193359375,386.4105918965586,379.9597790901639,385.4754306592434,77289800
2022-12-06,375.81829833984375,381.69657620844976,373.7284840801718,381.1526671084108,77972200
2022-12-07,375.178955078125,377.54554354532956,374.04337702250234,374.96901554376115,65927900
2022-12-08,378.11810302734375,379.18687558828674,375.2839336975472,377.06843441190426,60737900
2022-12-09,375.2934265136719,379.4349340954439,375.1693673749268,376.87751028175563,81447700
2022-12-12,380.70416259765625,380.70416259765625,375.41752454941917,376.08549280299235,75405800
2022-12-13,383.5860290527344,391.71635903607296,380.8186654692543,391.4587178854205,123782500
2022-12-14,381.1335754394531,386.9545999060633,378.1848989989114,383.2424937114521,108111300
2022-12-15,371.8103942871094,377.1733606249857,370.1499819805847,376.2667969393166,117705900
2022-12-16,367.4207458496094,370.59386612148,365.2829810609633,369.2517657317392,119858000
2022-12-19,364.30511474609375,367.9479918227815,362.63707790509415,367.6124594366193,79878100
2022-12-20,364.80364990234375,366.42376617165866,362.224886337841,363.5478242860952,74427200
2022-12-21,370.2582702636719,371.3894667906917,366.86465142702536,367.40149144851233,78167400
2022-12-22,364.9761657714844,370.23912957543627,359.2722031883447,367.20980089104194,100120900
2022-12-23,367.07562255859375,367.21941379519086,362.39741929068407,363.950423157118,59857300
2022-12-27,365.6280212402344,367.3056537714611,363.95038870900765,366.96055483629175,51638200
2022-12-28,361.0840759277344,367.53578243852644,360.8540099500132,365.5609421925815,70911500
2022-12-29,367.583740234375,368.4561128288235,363.4040225980941,363.9312961910967,66970900
2022-12-30,366.6154479980469,366.7592392294088,362.78085913190785,364.8994905444754,84022200
2023-01-03,365.07208251953125,370.450079987651,362.20570711462034,368.47526883215227,74850700
2023-01-04,367.8905029296875,369.92283055639075,364.28597966385496,367.3344711039099,85934100
2023-01-05,363.6916198730469,366.0498840558089,363.09726322382664,365.9348510599075,76970500
2023-01-06,372.0318298339844,373.153460042991,363.72037415912655,366.78802795358683,104189600
2023-01-09,371.8210144042969,377.4195416861986,371.63889828999316,374.22722904995936,73978100
2023-01-10,374.42840576171875,374.4955180862106,370.29663872249137,371.2361234986063,65358100
2023-01-11,379.16412353515625,379.24083169297677,375.1953394078577,376.01019536505663,68881100
2023-01-12,380.54461669921875,382.0113458697923,376.19237910493234,380.26663005159156,90157700
2023-01-13,382.0209045410156,382.59609870511895,377.07428153867187,377.3427015811747,63903900
2023-01-17,381.3210754394531,383.6793685488554,380.6404441382468,382.00173599624947,62677300
2023-01-18,375.3008117675781,383.57394241937,375.0995040316948,382.5098579883935,99632300
2023-01-19,372.56866455078125,374.90773682058955,371.24572672429906,373.2588624544161,86958900
2023-01-20,379.50927734375,379.66266441415144,372.31942298138915,373.96829741871426,91806400
2023-01-23,384.06280517578125,385.999261850418,379.3558442469694,380.31449137897374,84178800
2023-01-24,383.650634765625,384.56133208460926,381.19650018692624,382.3852133953482,59524900
2023-01-25,383.7944030761719,384.12993543916394,377.2851805542504,379.57636134944494,84800300
2023-01-26,388.0124816894531,388.1754645974599,383.4876654146606,386.4594777963223,72287400
2023-01-27,388.9040222167969,391.28147800741476,386.7566616675893,386.967565239786,68346200
2023-01-30,384.0245361328125,388.3768032673917,383.7273577965346,386.14313857209555,74202000
2023-01-31,389.6709289550781,389.71884961340345,384.19703231489694,384.5421605238492,86811800
2023-02-01,393.8122863769531,396.5636286134995,385.7117345077939,388.45345165426824,101459200
2023-02-02,399.5450134277344,401.01174260046105,395.8062948752539,397.704397771963,101654500
2023-02-03,395.29815673828125,399.7271018745294,394.09025197181745,394.5695755451013,94736800
2023-02-06,392.8823547363281,394.28200066117023,391.2239138645533,392.844029913755,60295300
2023-02-07,398.0207824707031,399.2670122823971,390.7158945853212,391.9621243970152,90990700
2023-02-08,393.6684875488281,397.388043561494,392.97826035827575,396.0459432619734,76227500
2023-02-09,390.25567626953125,397.42636769460404,389.0286090516376,397.27298063541855,78694900
2023-02-10,391.16644287109375,391.54989593055205,388.26174279369724,389.0765695741987,70769700
2023-02-13,395.7583312988281,395.8925559564968,391.358143932513,391.8183051444725,64913500
2023-02-14,395.57623291015625,397.88654714068605,391.6170149103328,394.23410329587506,88389300
2023-02-15,396.86077880859375,396.93745771221506,392.5372705702228,393.3808847880114,61555700
2023-02-16,391.3964538574219,395.8349948045501,391.2622584704852,391.8853732614953,76431500
2023-02-17,390.418701171875,390.6583629922171,387.34142233465536,389.26831273199565,89257800
2023-02-21,382.5864562988281,387.44680397324015,382.3276321215043,386.3922863433499,82655900
2023-02-22,382.0593566894531,384.54225003382606,380.6021938656125,382.998812451563,83742300
2023-02-23,384.0915832519531,385.56790810303414,379.8639456708509,384.95435986418846,96242400
2023-02-24,379.9886474609375,380.82266598812186,377.3619630409599,379.06835418151985,108194400
2023-02-27,381.28277587890625,384.69555770016393,380.3432910551879,383.3342657519672,80444700
2023-02-28,379.87359619140625,382.7687005643169,379.76812977335084,380.80348526155615,96438600
2023-03-01,378.4164123535156,380.285786224129,377.11266611466596,379.05871889408525,99706800
2023-03-02,381.3594665527344,382.20308082772186,376.1060690029621,376.4416013971857,85127800
2023-03-03,387.4756774902344,387.724935164796,382.5290536184137,383.1809267997028,90120000
2023-03-06,387.74407958984375,390.60085911261217,387.3031100177366,388.3000821585358,72795900
2023-03-07,381.8004455566406,387.9358116155142,381.1869265041094,387.69614979307676,108310600
2023-03-08,382.423583984375,383.18089426793244,380.18991944950625,381.9155020986243,74746600
2023-03-09,375.367919921875,384.8777136423342,374.3805144113086,383.2096475110798,111945300
2023-03-10,369.9515380859375,376.9017301661393,368.42729257488133,374.82145290553643,189253000
2023-03-13,369.42431640625,374.24634050095773,364.90909573022645,366.021130129731,157790000
2023-03-14,375.5309143066406,377.1797888194533,371.0444227448801,374.3517676052174,149752400
2023-03-15,373.1822509765625,373.3835587348281,367.84257804775535,369.9324515707467,172996900
2023-03-16,379.7297668457031,380.0748950855989,370.31587262158683,370.82395451887174,143254200
2023-03-17,375.2897033691406,379.5334763060183,373.9039803951704,378.3979622867853,140553400
2023-03-20,378.8983154296875,379.3121292855333,375.3666692245707,376.06913373609086,93055800
2023-03-21,383.8734130859375,384.35456598955216,380.6689183022078,382.2663494662777,91524200
2023-03-22,377.32977294921875,387.31851343521214,377.29130185553555,383.70026302343734,111746600
2023-03-23,378.349853515625,384.2391613901428,375.636143615093,380.1974645439356,119351300
2023-03-24,380.83258056640625,380.9191845780308,374.7219318967555,377.06996076940004,107682400
2023-03-27,381.5447082519531,383.8831342228275,380.64977069262744,383.1132717788515,74010400
2023-03-28,380.6882629394531,381.54470001628135,378.850254938649,380.85183851528325,62871700
2023-03-29,386.2214660644531,386.4620425314962,383.65209647484517,384.8549788100607,77497900
2023-03-30,388.48291015625,389.10840312839423,386.6160343292529,388.85819419263817,69840000
2023-03-31,393.95843505859375,394.2567475446969,389.30084855820127,389.40671748046964,112062600
2023-04-03,395.45965576171875,395.8638078292274,393.0442583450311,393.43880732243116,67391100
2023-04-04,393.265625,396.3931196515644,391.8895050342017,396.10441021722386,66601500
2023-04-05,392.2359924316406,393.2945350696006,390.5808246797177,392.5343049886221,65200200
2023-04-06,393.7659912109375,394.0450681714436,390.38828778154027,391.43719778873736,63743300
2023-04-10,394.1701354980469,394.2471364215444,390.6673570273508,391.2832175790923,63681000
2023-04-11,394.2759704589844,395.6809288356751,393.50613749381705,394.7956238624572,59297900
2023-04-12,392.6689147949219,396.63363981226826,392.0819222861502,396.3449304189456,86420400
2023-04-13,397.8846130371094,398.2406615136449,392.6111662470231,393.75631259262076,85814800
2023-04-14,396.9126892089844,399.44355846247794,394.6031608879993,397.2495021524552,78161500
2023-04-17,398.3369445800781,398.356180127704,395.59436663010166,396.82611712486937,66436400
2023-04-18,398.59674072265625,400.0498321097644,397.2206502574761,399.9150951800139,63560000
2023-04-19,398.5293884277344,399.43392897608123,396.62401213094887,396.68174813685937,55227300
2023-04-20,396.3546142578125,398.10601828904817,394.8052862710272,395.70985629299514,75840400
2023-04-21,396.6625671386719,397.12445524947367,394.70908702407195,396.65293468061344,73457400
2023-04-24,397.0763244628906,397.4997414469219,395.12284448225694,396.46043453439125,64332100
2023-04-25,390.773193359375,395.6617241074058,390.7154573508528,395.1035702020275,97766700
2023-04-26,389.11798095703125,392.46681590055556,388.55985648339924,391.38903804302885,80447000
2023-04-27,396.8645935058594,397.1340379925136,391.4083059420538,391.65851488224934,92968400
2023-04-28,400.25189208984375,400.2615245465103,395.92151547329547,395.9792514788031,89433100
2023-05-01,399.84771728515625,401.87816855347415,399.61674390903073,399.80921682792797,62122300
2023-05-02,395.3537902832031,399.1837787040956,392.4476367591756,399.13564578414,103998500
2023-05-03,392.6401062011719,398.2696024994155,392.3995296872918,395.85420490253955,91531800
2023-05-04,389.8589782714844,391.9182975436162,388.5213590280541,391.5911170748567,94901900
2023-05-05,397.0763244628906,398.125234465571,393.2367329689119,393.4965450134205,87891800
2023-05-08,397.18218994140625,397.6633429667236,395.77723133030975,397.40353090526224,50046800
2023-05-09,395.4404296875,396.55670826234115,395.2094856262401,395.63290265005054,49220100
2023-05-10,397.28802490234375,398.914324338217,393.4580365761441,398.27919887504333,96142900
2023-05-11,396.5951232910156,396.8838033054011,394.5165390857067,396.42191528238436,70157100
2023-05-12,396.07550048828125,398.0482452964263,393.65050007841785,397.8365368137777,70481500
2023-05-15,397.4419860839844,397.8461381335402,394.7667767427343,396.68175616777665,54289400
2023-05-16,394.7860107421875,397.2591440489676,394.7763782852964,396.3353092048242,57705500
2023-05-17,399.578369140625,400.18459731007454,395.16138770255606,396.8069228969932,87287000
2023-05-18,403.42755126953125,403.850968255046,399.03943829896787,399.26074988190857,97177200
2023-05-19,402.8404846191406,404.8613328497813,401.61836671819003,404.33207636027197,103793300
2023-05-22,403.00408935546875,404.54378464321184,401.61836653322445,402.8597493463277,60745400
2023-05-23,398.48126220703125,402.9367433972177,398.08671324851565,401.35854756315524,86383500
2023-05-24,395.5943298339844,397.2591296170941,394.4299479150844,396.8742131296412,89213700
2023-05-25,399.02020263671875,400.47329418750155,396.864646455889,399.1068066582074,90961600
2023-05-26,404.187744140625,404.90947362025605,399.59755522238083,399.67452677861917,93830000
2023-05-30,404.3416748046875,406.65120302721357,402.95595199772293,406.12194654378385,72216000
2023-05-31,402.0995788574219,403.41793341434715,400.53101533620446,402.5133634004825,110811800
2023-06-01,405.919921875,406.9784643429913,401.07952389464964,402.33050994129945,88865000
2023-06-02,411.7899475097656,412.579016016894,407.96959196903765,408.49884845924817,91426200
2023-06-05,411.0008850097656,413.4258854781173,410.29839108056865,412.1363990044285,65460200
2023-06-06,411.89581298828125,412.4250695118066,409.9327006351518,410.5870909976928,64022200
2023-06-07,410.4715576171875,413.42584368993704,410.0481406844761,412.2903298100494,85373300
2023-06-08,412.9543762207031,413.40666121291997,409.7691457275,410.53897877639116,61952800
2023-06-09,413.6953430175781,415.7065590310339,412.70416901348756,413.7530790281272,85742800
2023-06-12,417.4483642578125,417.52536518959647,413.95521786844915,414.676947425857,76104300
2023-06-13,420.20050048828125,420.8452289997208,418.2470206735575,418.9110140981565,95899700
2023-06-14,420.7009582519531,422.51009835206776,417.24628300428765,420.53738266663987,100612100
2023-06-15,425.9165954589844,427.167581376933,419.78671159999425,419.8829186958016,110303100
2023-06-16,424.46588134765625,428.474279953013,423.9926092848296,427.904413934663,114165800
2023-06-20,422.263671875,423.41307214231983,420.1870344889163,422.52447850076925,76160400
2023-06-21,420.1000671386719,422.0801103736596,419.51086470582334,421.2784425280354,76982300
2023-06-22,421.6165466308594,421.722779347334,418.80583057108225,419.14389467353715,70637200
2023-06-23,418.4290771484375,420.21596194306784,417.71433502111864,418.1586317913709,92074500
2023-06-26,416.7195129394531,419.7813378209466,416.4780427984246,417.8592449307871,72823600
2023-06-27,421.2880859375,421.9062340935396,417.1444505822348,417.5984155696539,72813700
2023-06-28,421.5006103515625,422.5147730975973,419.58815632826764,420.2063045276252,75636000
2023-06-29,423.16192626953125,423.3261389375307,420.67963558379535,421.08528892018165,67882300
2023-06-30,428.1555480957031,429.14073568910436,426.05957423925753,426.3783313417032,104964000
2023-07-03,428.64813232421875,428.92821645735074,427.5277073626863,427.8078209721531,32793400
2023-07-05,428.0105895996094,428.7446681415773,426.82254608716084,426.8322143236596,58418400
2023-07-06,424.6590576171875,425.0840474287703,422.1477622241082,424.42725571135543,80658300
2023-07-07,423.5868835449219,427.5373607483118,423.3454134187473,423.66417049204466,86134200
2023-07-10,424.6590576171875,424.83290904656155,422.659677750378,423.2295437531058,62443500
2023-07-11,427.36346435546875,427.85607282742535,424.44651594855435,425.4220646553444,64463800
2023-07-12,430.8020324707031,432.2122392972248,429.729919208418,431.15943303446664,91924500
2023-07-13,434.22125244140625,435.0132815571351,432.18325865422753,432.617887210663,72425200
2023-07-14,433.9507751464844,435.9597935487755,433.1877213239847,435.109843497716,69815800
2023-07-17,435.4576110839844,436.5104174127122,433.7576517763609,433.80596349270843,52680200
2023-07-18,438.69329833984375,439.3404218148386,434.69453863237396,435.12919667930265,80668200
2023-07-19,439.6688232421875,440.85683741354967,438.61598753921226,439.4853035858035,65891700
2023-07-20,436.7518615722656,439.5722457578469,436.0371193951603,438.6739839174844,70591600
2023-07-21,436.7518615722656,438.6739839174844,436.74222281063936,438.47112777830426,71275600
2023-07-24,438.70294189453125,439.5142779903244,436.867745334165,437.9012445599851,54023400
2023-07-25,439.900634765625,441.15626767500714,438.3841952460214,438.4325069587421,55191200
2023-07-26,439.96826171875,441.39774607749916,437.91093141721467,438.9637376866275,71052900
2023-07-27,437.05126953125,443.7641509737044,436.14333947921443,443.35846818342566,92194400
2023-07-28,441.33013916015625,442.16078225681895,437.05126606431355,440.3256151682766,80011800
2023-07-31,442.17047119140625,442.52784228350436,440.48981896786944,441.80343186125066,62040400
2023-08-01,440.9051513671875,441.6488687577706,439.94890960634154,440.70229523457317,55291500
2023-08-02,434.7718200683594,438.0461398306252,434.0184344125547,437.7853626915781,93933400
2023-08-03,433.5257873535156,435.40926606374575,432.10594188115226,432.75309476673715,64276100
2023-08-04,431.5650939941406,437.44730311288595,431.0435102343316,435.34169055011716,100128900
2023-08-07,435.3320007324219,435.4865451527169,432.7048045400754,433.40023969323573,58357500
2023-08-08,433.4389343261719,435.322413352219,430.07765910977645,432.791781332074,71361300
2023-08-09,430.541259765625,433.87355948928627,429.77820586959297,433.7093468244431,78789600
2023-08-10,430.69573974609375,436.2881956069427,429.52703269634964,432.8979459150622,93005500
2023-08-11,430.4447021484375,431.45889450819044,428.2231884627009,428.82202974443834,68690900
2023-08-14,432.8207092285156,432.8207092285156,429.2179937241371,429.5270825673996,47867400
2023-08-15,427.77880859375,431.4008602977152,427.2089131864871,431.04345976947155,75707500
2023-08-16,424.6396789550781,429.02475480750246,424.5334167819472,427.3634393179518,80107200
2023-08-17,421.4040832519531,426.36869453841894,420.88249943989206,426.10791737055774,95711300
2023-08-18,421.60687255859375,422.6403718520157,418.23595877170976,418.5836616313642,98852000
2023-08-21,424.3499450683594,425.09366245894176,420.4671159807588,422.6210106803204,68719000
2023-08-22,423.2005615234375,426.12717844156236,422.64036376815267,426.12717844156236,64994200
2023-08-23,427.9140625,428.5322402058597,424.1181589807745,424.2630351692306,68441000
2023-08-24,421.98358154296875,430.0293538199984,421.95457682823127,429.51743829068363,88517300
2023-08-25,424.95849609375,426.2431043443279,420.15806824986475,423.712501844876,102325100
2023-08-28,427.65325927734375,428.2714074691659,424.95844443108183,427.1509825528838,61595400
2023-08-29,433.8349304199219,434.1150440450923,427.3635186603017,427.54703833096477,83081900
2023-08-30,435.62176513671875,436.2592497912926,433.4678410527647,434.17294441532357,69053900
2023-08-31,434.9842834472656,437.3796481914474,434.80076379653127,436.23991629050073,66084600
2023-09-01,435.7956848144531,438.19107939386777,434.3371956273561,437.7081390777522,58944100
2023-09-05,433.9121398925781,435.670049450585,433.8445506606034,435.35132185994263,55166200
2023-09-06,430.9952392578125,433.2071140684911,428.6674634922226,433.1008518755981,70758500
2023-09-07,429.6719665527344,430.34806524877047,427.6436115119561,427.99131435968866,70355400
2023-09-08,430.319091796875,431.85483833340237,429.3628794853081,429.72025057240546,61659700
2023-09-11,433.14910888671875,433.45816823533755,431.2366549432054,432.9462527649071,60180100
2023-09-12,430.7730712890625,433.2264162204621,430.1935665209915,431.7003378706483,67565400
2023-09-13,431.27532958984375,432.4343685526933,429.8940980148542,430.99521597971284,60199300
2023-09-14,434.9939270019531,435.6893621396805,432.4440178145085,433.747962382289,83430800
2023-09-15,429.7529602050781,433.73674689724294,429.3167986127055,433.40719272290426,111848900
2023-09-18,430.0050354003906,431.3038771522312,428.96789063501143,429.4428320631367,55752200
2023-09-19,429.1133117675781,429.6755151492696,426.42839572285595,429.0842343223396,66514600
2023-09-20,425.1683349609375,430.79019131325117,424.9647632633325,430.3734047367829,82562600
2023-09-21,418.1409912109375,422.58031539562137,417.9859016455791,422.31861839300336,104095800
2023-09-22,417.2007751464844,420.7677463582612,416.78395900410345,419.16842775985725,100829700
2023-09-25,418.9552001953125,418.9939504024325,415.5529911707951,415.9891824335371,70874500
2023-09-26,412.8002014160156,416.6191968671865,411.9665987111882,415.91160628125357,96168400
2023-09-27,412.96490478515625,414.53517529607944,409.3204041006066,413.9729720120895,104705800
2023-09-28,415.35906982421875,417.035947852058,411.8211763569914,412.4124571151363,92258300
2023-09-29,414.35101318359375,418.5867946420908,412.8292247753013,418.41232999892884,115111300
2023-10-02,414.18621826171875,415.43660735581716,411.4237431106989,413.517407554199,83798600
2023-10-03,408.6419677734375,414.2444490832808,407.2752686675357,412.0053970277405,103760600
2023-10-04,411.6176452636719,412.3639860114544,407.64356048210016,409.1071941153402,87453000
2023-10-05,411.4625244140625,412.3057997665852,408.2348102060782,411.32680997189277,70142700
2023-10-06,416.3477783203125,417.8889419596687,407.68234534407696,409.01026454136644,113273300
2023-10-09,419.01336669921875,419.5852428633519,413.89552908801,414.44800056773454,80374400
2023-10-10,421.1942138671875,423.79189736248946,419.245936455557,419.64334789466267,78607300
2023-10-11,422.9195556640625,423.1715503152822,419.8759785243393,422.2604472219357,62451700
2023-10-12,420.34124755859375,423.90821868639375,417.9858858829249,423.5302119190894,81154200
2023-10-13,418.24755859375,423.0455435777595,416.67731756779995,421.8436069564154,95143100
2023-10-16,422.6481018066406,423.71432390212686,420.2539606569009,420.4962825158612,75433200
2023-10-17,422.62872314453125,424.68363748247594,419.1683892665842,419.51731856642147,75324700
2023-10-18,416.9971923828125,421.81455273319096,415.91159504982164,420.85496751569167,93559800
2023-10-19,413.3332824707031,419.52704410810907,412.6547989345063,417.71448112410957,121323000
2023-10-20,408.25421142578125,413.4399055549237,408.14757441721036,412.8971069121286,123919900
2023-10-23,407.5466003417969,411.4140774521023,404.96829212836195,406.7227000782813,92035100
2023-10-24,410.61932373046875,411.7727783774384,407.81806827916796,409.6694112034611,78564200
2023-10-25,404.7259826660156,408.9617938766799,404.21226147565824,408.93271643497314,94223200
2023-10-26,399.87957763671875,404.512771066671,398.9587721877273,403.65982284727204,115156800
2023-10-27,398.0669860839844,401.8666061249316,396.64213226616755,401.46919469761593,107367700
2023-10-30,402.826171875,403.882691656562,399.55967786827136,400.8585195147872,86562700
2023-10-31,405.3560791015625,405.67593098866274,401.48860153022065,403.39809925222016,79665200
2023-11-01,409.6790466308594,410.49324455803196,405.79219440086933,406.32532025886866,98068100
2023-11-02,417.5303039550781,417.68539350879695,413.4592845158063,413.4786596174057,94938900
2023-11-03,421.339599609375,422.8904655764815,419.71120365505175,419.8372157670484,100167800
2023-11-06,422.3089599609375,422.75482402000796,420.3606822201679,422.09571548393626,67831700
2023-11-07,423.5108337402344,424.15056712063193,421.1651742590875,422.30892655420246,64256100
2023-11-08,423.8209533691406,424.635151307966,421.51404441898217,424.11172778289733,61746000
2023-11-09,420.51568603515625,425.0034918992464,420.0891971681386,424.9647121167065,83174400
2023-11-10,427.0777893066406,427.38796843360757,420.5060206531149,422.59001262842264,89462200
2023-11-13,426.670654296875,427.7756266322396,424.95502612182986,425.740146607046,52236100
2023-11-14,434.94842529296875,436.23756475568536,432.3894918898645,432.612438681597,97176900
2023-11-15,435.8691711425781,437.51697163110293,435.01619345817966,436.28595764463023,77327600
2023-11-16,436.40234375,436.72219562577186,434.3571316402488,435.42335386000235,66665800
2023-11-17,436.9451599121094,437.55581582516845,435.4912285306581,436.41203399072475,83133200
2023-11-20,440.3085632324219,441.1518386514175,436.6834077524104,436.69311009341754,69936200
2023-11-21,439.3489685058594,440.18257120218567,438.0792041489343,439.2617361737396,49244600
2023-11-22,441.04522705078125,442.3634735504526,439.9499569252717,441.00647684513626,59394900
2023-11-24,441.31658935546875,441.51045868866237,440.7641179584505,441.09367216063396,29737400
2023-11-27,440.52178955078125,441.5007498020653,440.1340508901427,440.68655185927656,50506000
2023-11-28,440.9580078125,442.25684966761025,439.57193362163355,440.13410742327716,62115000
2023-11-29,440.6477966308594,444.2438747206066,440.2504147680835,443.10979527762873,63146000
2023-11-30,442.3828125,442.7317713844543,439.4167950935211,441.491084558086,79752700
2023-12-01,444.9999084472656,445.53300475365734,441.18091323402564,441.77216442546705,89183400
2023-12-04,442.6639404296875,445.01930211338146,440.3861087358581,441.60742053346644,72430900
2023-12-05,442.57672119140625,443.5363064434526,440.89984300542426,441.27787936550914,69793500
2023-12-06,440.7931823730469,444.74786226267736,440.35699117640615,444.7187848215884,69124700
2023-12-07,444.1566467285156,444.80605282503006,442.27622650644105,442.87718005735604,66995400
2023-12-08,446.0661315917969,446.5992278993257,443.16794177253433,443.4102636541943,83194400
2023-12-11,447.8011474609375,447.97564170163525,445.358553474564,445.5717979195869,65002200
2023-12-12,449.8463439941406,449.94327866221204,446.4538376737931,447.45220263628306,68327600
2023-12-13,456.0498046875,456.3018289230582,449.8657452173365,450.2243768877482,93278000
2023-12-14,457.513427734375,459.1806035101216,454.83818462019093,457.98836917003774,119026000
2023-12-15,456.7601013183594,458.0934340813363,454.9109942306135,456.9158196636758,141553700
2023-12-18,459.32940673828125,460.31236579340026,457.30512766166345,458.36593103885957,70375300
2023-12-19,462.12255859375,462.2004326198957,459.79658439176796,459.8744287176748,55761800
2023-12-20,455.71881103515625,463.15417688283,455.2905929826461,461.26613266046417,102921000
2023-12-21,460.0398864746094,460.31238616429494,456.28325178797456,458.7065536605437,86667500
2023-12-22,460.9643859863281,462.64806267235934,459.0666299982645,461.1687533111456,67160400
2023-12-26,462.910888671875,463.81597380070593,461.2953440901739,461.3732181207506,55387000
2023-12-27,463.74786376953125,463.893840449239,462.1712562282074,462.70651395388256,68000300
2023-12-28,463.9230041503906,464.75995685713684,463.5045277970175,464.1079178321579,77158100
2023-12-29,462.5799865722656,464.2539217843669,460.62380998189565,463.72837604213146,122283100
2024-01-02,459.9912109375,460.9839117212058,457.8890577311239,459.5143439023402,123623700
2024-01-03,456.2345886230469,458.57030441924957,455.6311985932203,457.8306496986943,103585900
2024-01-04,454.7650451660156,458.3464782249613,454.5411944622418,455.7577162648923,84232200
2024-01-05,455.3879089355469,457.84040614563645,453.93779478135224,454.96940287212124,86118900
2024-01-08,461.8890380859375,462.0350147729897,455.75774992757283,455.8842729564319,74879100
2024-01-09,461.1882629394531,462.21012932199153,458.72602412321226,459.2320864754785,65931400
2024-01-10,463.7965087890625,464.66268658164086,461.1785514545196,461.4607928330298,67310600
2024-01-11,463.5921630859375,465.31474737264404,459.61170706620095,464.79894328451786,77940700
2024-01-12,463.9132385253906,465.7818289024957,462.50209119029734,465.04217421360715,58026400
2024-01-16,462.2101135253906,463.84511156166917,460.3902018147457,462.531291886232,85014900
2024-01-17,459.6408386230469,460.1274473065962,457.28563952656407,459.1834252725011,68843900
2024-01-18,463.7283630371094,464.28310409945385,459.7673906749951,461.314802822399,91856200
2024-01-19,469.5093078613281,469.79154925027024,463.7770722736198,464.85732943436926,110834500
2024-01-22,470.50201416015625,472.2245984500442,469.84994536440996,471.04701358634367,75844900
2024-01-23,471.8741760253906,472.1174803762762,469.956966252641,471.0469649925702,49945300
2024-01-24,472.3899841308594,475.6794338281553,471.89363377790727,474.745153487513,81765000
2024-01-25,474.9593200683594,475.23181977158964,472.39004139507995,474.52136032734217,72525000
2024-01-26,474.35589599609375,476.02008943226616,473.5092016110277,474.53106799985125,76641600
2024-01-29,478.112548828125,478.25855521279726,474.1223808525455,474.6673802745829,61322800
2024-01-30,477.74273681640625,478.4531665594372,476.9835986796224,477.4215584200377,58618400
2024-01-31,469.9472351074219,475.98116532447904,469.9277517507619,475.5334936248827,126011100
2024-02-01,476.0979919433594,476.1271872790658,470.8425939142762,471.65038103588824,91891600
2024-02-02,481.11004638671875,482.7644982110768,476.1952805049677,476.53591254829524,99228200
2024-02-05,479.35821533203125,481.13921979443177,477.10037355108614,480.47743909484853,75757100
2024-02-06,480.74993896484375,481.0808293147646,478.871606822303,480.3022375794468,55918600
2024-02-07,484.75958251953125,485.1780588645302,482.092946704362,482.99806143919835,70556500
2024-02-08,484.9737243652344,485.3532637246949,483.9421162494583,484.759615339305,52343600
2024-02-09,487.77655029296875,488.21448028265473,485.1391098762786,485.4797418906366,63979400
2024-02-12,487.5624694824219,490.01496666720067,486.84226840178366,487.7473831666172,56502300
2024-02-13,480.84722900390625,483.7766228154562,477.57723287028176,481.2851887040555,113099200
2024-02-14,485.217041015625,485.70364975049426,481.1587110987094,483.4847151074999,68387800
2024-02-15,488.5648498535156,488.74976352545775,485.4408007855907,485.91769748176387,61683000
2024-02-16,486.1318359375,489.4018321652925,485.39218120492103,488.26318443249403,75532900
2024-02-20,483.4555358886719,485.06133882722617,481.20740583464766,484.3898163747004,71736700
2024-02-21,483.8934631347656,484.0491814982397,480.3412252124708,482.15142520014626,59293400
2024-02-22,493.9078369140625,494.87131264849836,489.54781221335594,490.51131764803023,76402500
2024-02-23,494.24847412109375,496.4674086571224,493.51856105397593,495.6304262293698,61321800
2024-02-26,492.43829345703125,495.12438315275733,492.3117704350963,494.6864234153272,50386700
2024-02-27,493.35308837890625,493.57693907250416,491.23148157958644,493.1292673855463,48854500
2024-02-28,492.7010498046875,493.28495648375826,491.4358493661455,491.7959350516518,56506600
2024-02-29,494.4722900390625,496.0878345083775,491.815425510208,494.46257806109645,83924800
2024-03-01,499.1144714355469,499.5426894260458,494.93939057853515,495.348154915006,76844800
2024-03-04,498.57928466796875,500.4284215717115,498.2873313148722,498.3165563504212,49799300
2024-03-05,493.59637451171875,497.02211863397577,491.3871817921508,496.57441726330285,72855600
2024-03-06,496.09759521484375,498.3554668272533,494.8032290742474,496.8761572948693,68382400
2024-03-07,501.02203369140625,502.0731250869525,496.15594682375195,499.39677730974256,58652100
2024-03-08,498.01483154296875,504.3407152276024,497.4406368151398,501.6546849790431,86532500
2024-03-11,497.58660888671875,498.17054528765857,494.88106560592894,496.8080468189585,62557200
2024-03-12,502.9393005371094,503.5232071984046,497.17781094345105,499.6984700657358,73114400
2024-03-13,502.1509704589844,503.43562459877114,500.7106276661075,503.2604525888654,55104100
2024-03-14,501.1582946777344,503.27990140830235,498.1121195690471,503.1241533654222,110171800
2024-03-15,497.717041015625,499.5426370968139,496.0476768950372,498.0880174407595,107646300
2024-03-18,500.6750793457031,503.23282668542583,500.26507469946,501.78800868482955,88893300
2024-03-19,503.45745849609375,503.74054704284674,498.9764843892814,499.982041601448,60755300
2024-03-20,508.1140441894531,508.2507322695581,502.84237700936313,503.515985878407,69594600
2024-03-21,509.7932434082031,511.6578381638752,509.51009528309675,510.95497299473493,60256100
2024-03-22,508.82666015625,510.1933619854548,508.59231223392965,509.70524142108957,79070800
2024-03-25,507.4209289550781,508.57288646937474,507.26469698888116,507.45018520809214,48512100
2024-03-26,506.48370361328125,509.1879108526766,506.0834709315648,508.84619067556724,65463700
2024-03-27,510.7401123046875,510.7792000886694,507.1475516955064,509.31483823022427,82999800
2024-03-28,510.6424865722656,512.1458765547503,510.35939807768415,510.77917463931885,96294900
2024-04-01,509.754150390625,511.9214371433278,508.5924208160107,511.38451632490194,62477500
2024-04-02,506.5129699707031,506.64959844316473,504.20899563809337,505.9271895464683,74230300
2024-04-03,507.0694274902344,508.5728771082824,505.3707772955882,505.41957743973774,59155800
2024-04-04,500.8800964355469,511.42348983220387,500.57746403679687,511.08182923475704,96858100
2024-04-05,506.11279296875,508.0750476043747,501.79782291081136,502.23714343274935,74546500
2024-04-08,506.3959045410156,507.821238419121,505.5856670896349,506.81574077299297,48401800
2024-04-09,506.9815979003906,508.3776156958321,502.12964804913753,508.1335553906493,68049200
2024-04-10,501.9051513671875,503.89666208515973,499.92341259541246,501.2803426609476,82652800
2024-04-11,505.69293212890625,507.1377500106354,499.9136010169566,503.4280454371211,70099000
2024-04-12,498.7128601074219,503.5647804243456,496.98489398756476,502.1492186619509,92561100
2024-04-15,492.46484375,503.05703604323185,491.6154889518728,502.89109173702786,92101400
2024-04-16,491.5667419433594,494.4661795680653,490.27809637848605,492.94324564322153,73484000
2024-04-17,488.6575622558594,494.1928634388067,487.2615443714678,494.0268893119992,75910300
2024-04-18,487.6520690917969,492.1525572135463,486.7148857364247,490.05364426668797,74548100
2024-04-19,483.3955993652344,488.569665842459,482.12646792132756,487.5739105371773,102212600
2024-04-22,487.8473205566406,490.4441260798556,483.65923689240304,486.00221013520326,67961000
2024-04-23,493.63641357421875,494.0659621350047,487.66182151013055,489.8583644626642,64633600
2024-04-24,493.4021301269531,495.3155547761666,491.1763011044947,494.52480168874854,55928100
2024-04-25,491.5277099609375,492.2891769636512,485.67026231159537,487.32011244956163,69122400
2024-04-26,496.1843566894531,497.765862650216,493.68518162682494,494.3197324417275,64306100
2024-04-29,497.9416198730469,498.61522873285696,495.1983842873063,497.97090591945084,46415400
2024-04-30,490.0535888671875,497.45348436502843,490.0535888671875,496.4772431240589,77483600
2024-05-01,488.4623718261719,496.11610053527534,487.99376524672886,489.46789923813583,80242800
2024-05-02,493.0310974121094,493.8706803453591,487.6812848525579,492.1720003799534,62550200
2024-05-03,499.14239501953125,500.372438730604,496.47724569258963,499.01547889074567,72756700
2024-05-06,504.2969055175781,504.3359337135483,501.10457784231613,501.54389828336633,47264700
2024-05-07,504.8533630371094,506.2493807325828,504.1797542596401,505.26336763664636,52561300
2024-05-08,504.9022216796875,505.43914245784595,502.90093900562147,503.018083190491,42047200
2024-05-09,507.81146240234375,507.8505501920074,504.43370535896906,505.087770400338,43643700
2024-05-10,508.46563720703125,510.2228599489975,507.24533536051985,509.4125628390996,52233200
2024-05-13,508.53375244140625,510.2519464031073,507.391566976992,510.1445741767588,36716400
2024-05-14,510.8670959472656,511.38453247311674,508.19220413260575,508.72912496798625,57535900
2024-05-15,517.1930541992188,517.4859146210695,512.7023092523975,513.336889820599,59504900
2024-05-16,516.1290283203125,518.891807952925,515.9825682875961,517.290757880065,50244800
2024-05-17,516.8709716796875,516.9393157213522,514.7915729298934,516.246162943074,59187600
2024-05-20,517.4664916992188,518.9308537358257,516.5976225904213,516.9881429675341,37764200
2024-05-21,518.7355346679688,518.8917666350982,516.4999636631139,516.7049957755823,33437000
2024-05-22,517.2418823242188,518.7550442398426,515.064823969773,518.0424072439434,48390000
2024-05-23,513.4639282226562,520.404990006262,512.253338882305,520.2976177568495,57211200
2024-05-24,516.8612060546875,517.6715030328614,514.3620306627067,515.3089561408403,41291100
2024-05-28,517.2223510742188,517.9057318355667,514.5864879004678,517.6714434796838,36269600
2024-05-29,513.6004028320312,514.7816759767405,512.8877659185017,513.1903982666469,45190300
2024-05-30,510.19342041015625,512.7219114405311,508.94386260650384,512.0580745471788,46377600
2024-05-31,514.8403930664062,514.9673092079909,506.0444490191236,511.15023176853157,90785800
2024-06-03,515.2601928710938,516.7343269011582,510.1837257344974,516.4512383491438,46835700
2024-06-04,515.836181640625,516.578134600827,512.4876809576447,513.9520429838191,34632700
2024-06-05,521.9669799804688,521.9865238759579,516.1681035996744,518.1596742180576,47610400
2024-06-06,521.9570922851562,522.6990451286446,520.0241537818829,522.2694966184689,30808500
2024-06-07,521.3224487304688,524.1340274844372,519.8873435236419,520.9807286407386,43224500
2024-06-10,522.933349609375,523.255525898201,519.916797584573,520.5122904328304,35686100
2024-06-11,524.1927490234375,524.2513211148034,519.4091430834137,521.3811694677967,36383400
2024-06-12,528.4979248046875,531.1923600659605,527.4631115100716,528.7615289974312,63251300
2024-06-13,529.5621337890625,530.4212309464041,526.770097820224,530.2455146530901,44760900
2024-06-14,529.88427734375,529.9135335983043,527.0238379218912,528.0293950539849,40089900
2024-06-17,534.1015625,535.4976399183048,528.7420075865693,529.2008719569648,55839500
2024-06-18,535.4586181640625,535.5855343086499,533.7404238235347,534.1602004613839,41376400
2024-06-20,534.0039672851562,537.0498352385172,532.2272010481894,536.385998334327,70328200
2024-06-21,533.2880249023438,534.4045446160707,531.828742363983,533.1803062748603,64338600
2024-06-24,531.554443359375,535.6776992949467,531.4369212698475,533.1117007115007,45528700
2024-06-25,533.6014404296875,533.9638101987721,531.260682360104,532.7787259572508,37936200
2024-06-26,534.2673950195312,534.9823310545671,531.8385253727439,532.4848968900385,38550600
2024-06-27,535.1096801757812,535.6875469780335,533.3859430174333,534.1302894973802,35041500
2024-06-28,533.0040283203125,538.9391939081404,531.76024266257,535.883439640916,76144500
2024-07-01,534.1010131835938,534.6298627037072,531.3391239129029,534.3850150000353,40297800
2024-07-02,537.6953125,537.6953125,532.4457925507478,532.4947501316359,40434800
2024-07-03,540.0947875976562,540.457157354787,537.3427022712717,537.3818563773293,32789900
2024-07-05,543.2092895507812,543.6108134486142,539.7618150479054,540.3984429341523,41488400
2024-07-08,543.8359985351562,544.7859786497875,542.7684365626419,543.9926747169111,36110500
2024-07-09,544.364990234375,545.6969473479489,544.0711849559792,544.7959245684453,27289700
2024-07-10,549.75146484375,550.0942275967576,545.2952501684,545.5890553534423,38701200
2024-07-11,545.0113525390625,550.7408243676441,544.3747844096212,549.869152242232,53054200
2024-07-12,548.448974609375,552.0531251206323,545.667538567234,546.1376269625789,53084400
2024-07-15,549.9572143554688,553.1989947445371,548.0963483653211,550.4469096394806,40584300
2024-07-16,553.2186279296875,553.5124331903285,550.51549997726,551.2696499606263,36475300
2024-07-17,545.4618530273438,548.9582849622979,545.1386373621594,547.2835053633577,57119000
2024-07-18,541.27001953125,547.9886849352189,539.0859974733345,546.9994907975359,56270400
2024-07-19,537.6757202148438,542.6608454522978,536.6179614633988,541.0350233261719,65509100
2024-07-22,543.2190551757812,543.826272604696,539.6638622867013,541.6030366708314,43346700
2024-07-23,542.3671264648438,545.2660852990191,541.8774310101761,543.1114133430258,34439600
2024-07-24,530.0756225585938,537.8519873002513,529.1549928867055,537.5483785668235,74515300
2024-07-25,527.3136596679688,536.1771923025162,526.373482961852,530.1930703849662,61158300
2024-07-26,533.219482421875,535.9128068838628,530.3302678617441,531.1040247828195,53763800
2024-07-29,533.5328369140625,535.775619885458,531.534841817287,534.7668786438925,39515800
2024-07-30,530.8297729492188,536.059745722708,527.4215123549488,535.0019870020752,46853600
2024-07-31,539.4583129882812,542.0928769675253,536.2948994293768,537.6660108579595,65663400
2024-08-01,531.8189697265625,543.4345294348678,528.3127341764186,541.1819427118934,76428700
2024-08-02,521.9172973632812,525.9229716163323,517.705869778205,524.7085367838448,82789100
2024-08-05,506.7171936035156,512.7894282399624,499.75370979338373,501.0955002341847,146267400
2024-08-06,511.3887939453125,518.8321381322015,507.196973744527,508.5191270615222,84826300
2024-08-07,507.9707336425781,520.6343074860769,507.3733196862517,517.5785536304185,70698300
2024-08-08,519.713623046875,520.3403875727178,511.08519462973396,513.1124804789883,63276600
2024-08-09,522.0054931640625,523.4941863094633,517.66679909137,518.8910375919244,45619600
2024-08-12,522.2797241210938,524.6889871074426,520.0075304089534,523.2003538167259,42542100
2024-08-13,530.8689575195312,531.1040615199245,525.2277168327499,525.4725645280489,52333100
2024-08-14,532.5436401367188,533.7287242856177,528.9884474672805,531.6621646835201,42446900
2024-08-15,541.671630859375,541.9556326474029,537.5679813653051,538.1751988274788,60846800
2024-08-16,542.8860473632812,543.5814362683599,539.8989177341498,540.0555939415091,44430700
2024-08-19,548.0767822265625,548.0767822265625,542.4452860411917,543.2973511166235,39121800
2024-08-20,547.1856079101562,549.2815184001456,545.8438474042439,547.6263456901657,33732300
2024-08-21,549.0659790039062,550.5252615016209,543.2973537542563,548.2335208659752,41514600
2024-08-22,544.7567138671875,551.5732952522009,543.5422788578662,550.9660777475402,56121500
2024-08-23,550.544921875,551.4851585059275,545.8046443878154,547.9985298599797,50639400
2024-08-26,549.2325439453125,552.2882384520825,547.5284135216066,551.5733022984582,35788600
2024-08-27,549.9866943359375,550.4763897351174,546.8134777136145,547.9593482100599,32693900
2024-08-28,546.7938232421875,550.0748179978751,543.6009999526875,549.6438836929623,41066000
2024-08-29,546.8427124023438,552.0628809883677,545.6968421488655,548.7623394799141,38715200
2024-08-30,552.06298828125,552.5722906161151,545.6577940930898,549.212987410433,62700100
2024-09-03,540.7019653320312,549.2520259222431,538.1849243812507,548.919006824782,60600100
2024-09-04,539.5953369140625,543.0035975400444,538.1360542845994,538.8607938634791,47224900
2024-09-05,538.282958984375,542.3866087950116,535.8246785314534,539.5366078915503,44264300
2024-09-06,529.2235717773438,540.2319142524223,528.3225490242058,538.6061519080256,68493800
2024-09-09,535.1488037109375,536.4220593419303,531.495695817922,533.4251264283236,40445800
2024-09-10,537.4799194335938,537.8325455941908,532.1814408784411,537.0587885128602,36394600
2024-09-11,542.9938354492188,543.9144652005341,528.8318826121556,537.3917487162622,75248600
2024-09-12,547.5675659179688,547.8711746400817,541.3483991843773,543.5716351743016,51819600
2024-09-13,550.4273071289062,551.4263046450518,547.920069645679,548.1747207597754,39310500
2024-09-16,551.2402954101562,551.5046902542234,548.360884321784,550.1629297590999,36656100
2024-09-17,551.465576171875,554.9032473896473,549.2325364902464,553.4537083801224,49321000
2024-09-18,549.8300170898438,556.969754476821,549.2717571625421,552.1217580784818,59044900
2024-09-19,559.2124633789062,561.0733295553275,556.3722663136862,559.2418737919741,75315500
2024-09-20,558.2457885742188,559.2871245583524,555.219996107625,557.843033129673,77503100
2024-09-23,559.6407470703125,560.2891611214185,558.0983802646348,559.3166000053709,44116900
2024-09-24,561.2420654296875,561.3010067117204,557.6071931426925,560.4364946014963,46805700
2024-09-25,560.0043334960938,561.8217999280521,558.8942225290759,561.0850037974096,38428600
2024-09-26,562.2245483398438,564.5921534543987,559.8668367278948,564.2679463720303,48336000
2024-09-27,561.4091186523438,564.1107043094071,560.3776161208616,563.295359810012,42100900
2024-09-30,563.6588134765625,564.2678934162012,558.078818569817,560.3775886747461,63557400
2024-10-01,558.6093139648438,563.9535439565005,556.035444442894,563.3051897855821,72668800
2024-10-02,558.8450927734375,559.866821742494,555.3183290115846,557.715374727311,38097800
2024-10-03,557.8234252929688,559.7685478192003,555.5344286086627,557.3715020969081,40846500
2024-10-04,562.8925170898438,563.2658318866675,558.0984259775333,562.2736036088263,42939100
2024-10-07,557.8037109375,561.8905065573382,556.6543259021896,561.2420924631317,49964700
2024-10-08,563.0791625976562,563.6784689445017,559.5032914013763,560.3775771285751,37398700
2024-10-09,566.9793701171875,567.5393423690588,562.4701514366566,563.0693978961492,37912200
2024-10-10,565.9871215820312,567.4116060358193,564.3759797176003,565.6334738441669,44138100
2024-10-11,569.3762817382812,570.113077691751,565.7708503676648,565.9084000028585,42268000
2024-10-14,574.0328979492188,574.9661849382893,570.5060744728205,570.9874382986001,36217200
2024-10-15,569.5728759765625,574.6027324678581,568.3546560789198,574.2981924836022,54203600
2024-10-16,572.0485229492188,572.5692210133667,568.7673576490918,569.5729286407808,30725400
2024-10-17,572.0975341796875,575.8011814159861,571.9108767867559,575.5948569414992,34393700
2024-10-18,574.2981567382812,575.0840605235142,572.3235337539761,573.787292295603,37416800
2024-10-21,573.35498046875,574.5534731315854,570.3782959703608,573.5710785054149,36439000
2024-10-22,573.0504760742188,574.2096946097226,570.1622332957213,570.8204209471064,34183800
2024-10-23,567.8143310546875,571.4688706983893,564.3071746074978,571.0267810694698,49314600
2024-10-24,569.0423583984375,569.8479293354313,566.4193810527883,569.7693209618997,34979900
2024-10-25,568.8458251953125,574.1704478252901,567.9027646254573,571.2723713678375,47268200
2024-10-28,570.6043701171875,572.4512770786239,570.299830137409,572.3235609618828,30174700
2024-10-29,571.5278930664062,572.64777766843,568.2466677584584,569.641651710168,42899700
2024-10-30,569.798828125,573.0505525749719,569.0914726763393,571.0562623128328,41435800
2024-10-31,558.6289672851562,565.4958970216722,558.4324763422399,565.4271221936206,60182500
2024-11-01,560.9866943359375,565.4173043933644,560.5741053167588,561.2617936558026,45667500
2024-11-04,559.7783203125,562.4209644478059,557.892139281839,561.1241962515347,38217000
2024-11-05,566.547119140625,566.5863933486033,560.4759261934032,560.6920242782184,39478300
2024-11-06,580.6346435546875,581.5089893813079,575.0841485043231,578.8270705681771,68182000
2024-11-07,585.1241455078125,586.145874462509,582.5601095007273,582.6387178727699,47233200
2024-11-08,587.65869140625,589.0831757216504,585.674234913322,585.674234913322,46444900
2024-11-11,588.21875,589.6039003558736,586.4897254702406,589.2502526004109,37586800
2024-11-12,586.3914184570312,588.739296212128,583.9059310932324,588.1400498376755,43006100
2024-11-13,586.6763305664062,588.6803942959151,584.4856094336134,586.8531544283672,47388600
2024-11-14,582.9039306640625,587.2854330583992,582.2163022724781,586.804069200042,38904100
2024-11-15,575.4376831054688,579.8093514182389,573.580942771995,579.3377611991996,75988800
2024-11-18,577.7955322265625,579.1119076957027,575.0350052053479,575.8994574754852,37001700
2024-11-19,579.9075317382812,580.6344941628126,573.7479582489347,574.4159793947367,49412000
2024-11-20,580.1041259765625,580.3889988810581,574.3374733314436,579.9862433981077,50032600
2024-11-21,583.21826171875,584.6427460672937,577.1077952881657,582.953055915256,46750300
2024-11-22,585.02587890625,585.6546259064262,582.7074417987914,583.2084127301733,38226400
2024-11-25,587.0103149414062,590.2816460152659,584.7213185752529,588.965270737662,42441400
2024-11-26,590.075439453125,590.7434606979054,587.5408441710033,588.2579731618996,45621300
2024-11-27,588.287353515625,590.2717497615803,586.7646539336328,589.8886614517024,34000200
2024-11-29,591.9419555664062,592.7278593888155,588.8277809402925,589.1028202958577,30177400
2024-12-02,593.0028686523438,593.680723337865,591.8632573163846,592.3544546258752,31746000
2024-12-03,593.278076171875,593.5236748962523,591.7357689481371,592.7672715983962,26906600
2024-12-04,596.9619140625,597.2075127280552,594.2996629026728,594.9676840777096,42787600
2024-12-05,595.9796142578125,597.7675800229049,595.6259665136723,596.9620090763937,28762200
2024-12-06,597.1093139648438,598.3471408675985,596.3332437457798,596.7458327264936,31241500
2024-12-09,594.0344848632812,597.1584931551176,593.445071963169,596.9915028268559,34742700
2024-12-10,592.1875610351562,595.134745373381,591.529373321926,594.7123228135097,37234500
2024-12-11,596.7655639648438,597.7184581352288,594.8400485801485,595.115147903942,28677700
2024-12-12,593.690673828125,596.4708079758578,593.690673828125,595.9010621562538,31543800
2024-12-13,593.57275390625,596.4413297893211,592.1973772710232,595.7242008087076,35904700
2024-12-16,596.1072998046875,597.0799209921157,594.5551592425911,595.3312295236393,43695200
2024-12-17,593.6513061523438,594.5158183353977,592.2759894688432,593.5530906608857,55773500
2024-12-18,575.9584350585938,595.7339866328443,575.5752867073982,593.3467745348553,108248700
2024-12-19,575.7815551757812,582.5601031255708,575.5359564813775,580.948961299734,85919500
2024-12-20,582.697265625,587.231466902458,572.6036351958548,573.4513839180992,125716700
2024-12-23,586.1866455078125,586.7879087972127,579.2571372355378,582.4409930028329,57635800
2024-12-24,592.7021484375,592.7416149913781,586.9554933157183,587.5370835235541,33160100
2024-12-26,592.7415771484375,593.8652307760627,589.5281816588665,590.9278604962976,41219100
2024-12-27,586.5020141601562,589.2324254266508,582.31278453499,588.9958066290322,64969300
2024-12-30,579.80908203125,583.2787692142718,576.0535631828352,579.4838439796579,56578800
2024-12-31,577.69970703125,582.1945015590405,576.0634095440413,581.4748988586764,57052700
2025-01-02,576.2803344726562,582.6775253068124,572.1995172748154,580.9624149327,50204000
2025-01-03,583.4857788085938,584.1264484268344,578.044689478734,579.1289967873591,37888500
2025-01-06,586.8471069335938,591.1250770135647,585.1122630331895,587.7441288005318,47679400
2025-01-07,580.2133178710938,589.2029082453815,578.3897946667151,588.8776099950986,60393100
2025-01-08,581.0609130859375,582.1353537217743,576.832277161694,580.2822309005052,47304700
2025-01-10,572.1895751953125,577.5715244203626,570.2773128109467,577.5025181295064,73105000
2025-01-13,573.0768432617188,573.4316812597856,567.1231694250464,567.5372072518853,47910100
2025-01-14,573.8653564453125,576.6351742776535,570.0802375478183,576.0043111010004,48420600
2025-01-15,584.3040161132812,585.4474030923216,580.7751887912287,581.8890360172194,56900200
2025-01-16,583.1802978515625,585.8515097161563,582.4804283105531,585.6740907119066,43319700
2025-01-17,589.035400390625,590.7899174222187,587.0935375428814,588.4242703969026,58070600
2025-01-21,594.427001953125,594.4368685895419,590.1096265717592,592.081028657774,42532900
2025-01-22,597.7686157226562,599.1288881406504,596.7040416210903,597.2560318658977,48196000
2025-01-23,601.0313720703125,601.0313720703125,596.8618747927997,597.1378398743527,41152100
2025-01-24,599.2766723632812,602.0465502262632,598.1234189150732,601.0903888692611,34604700
2025-01-27,590.7996826171875,591.115114198888,586.1373355152499,586.3048878621954,70361100
2025-01-28,595.8760986328125,596.7139205737208,588.7100317776161,592.0318399526346,44433300
2025-01-29,593.204833984375,595.4916679771449,590.6518414168764,595.0874967960807,37177400
2025-01-30,596.3886108398438,597.9263022497843,592.130374590218,595.3240968992558,39281300
2025-01-31,593.2146606445312,601.2382822731704,592.4556515232641,598.8134358374799,66566900
2025-02-03,589.2225341796875,591.7064599079472,582.0466016788057,584.1954227420036,65857200
2025-02-04,593.1752319335938,593.6877555909119,588.7395770202528,589.2817005882882,33457800
2025-02-05,595.580322265625,595.7282015036632,590.021013481686,592.0515554519985,30653100
2025-02-06,597.6503295898438,597.778475552574,594.013089933138,597.3250313642651,35771500
2025-02-07,592.1796875,599.4344333824486,591.4699514014874,598.2121736064561,50788500
2025-02-10,596.2012939453125,596.8420237335293,594.1214790365186,595.3930719758379,26048700
2025-02-11,596.65478515625,597.1969087784863,593.8159609148958,593.93424024475,30056700
2025-02-12,594.7326049804688,595.9055917033094,589.9519786805068,590.6321148502618,45076100
2025-02-13,601.0116577148438,601.2186766543514,594.5750592605841,595.8367256890687,40921300
2025-02-14,600.9819946289062,602.2535274358258,600.360998100256,601.2185532755497,26910400
2025-02-18,602.746337890625,602.746337890625,599.6808220007749,602.1450746766837,26749000
2025-02-19,604.1658325195312,604.4615308486234,600.8440242708047,601.3566081495158,31011100
2025-02-20,601.6522827148438,602.9336821985821,598.3403412349714,602.7956695963146,36554000
2025-02-21,591.361572265625,601.5734221193063,590.8982614234848,601.435409514207,76519800
2025-02-24,588.6705932617188,594.4073810554311,587.9608571639533,593.4118132885562,50737200
2025-02-25,585.7430419921875,589.3408752561445,581.129967827771,588.6114660308307,58266500
2025-02-26,586.038818359375,591.0067913230648,583.3971461439291,587.4089575799121,43321600
2025-02-27,576.6844482421875,589.4690234968429,576.290203877955,588.3157098294636,74196700
2025-02-28,585.6839599609375,586.2162169760591,574.1118369424444,577.1872200213395,88744100
2025-03-03,575.4227905273438,588.798762606637,571.6081318173137,587.6553155599406,74249200
2025-03-04,568.6116333007812,577.0196942059655,564.0675647801556,571.420918082598,109648200
2025-03-05,574.722900390625,576.5168836727693,564.8856223320056,568.4439889843314,71230500
2025-03-06,564.52099609375,571.874289065213,561.9680033325571,567.2513477016495,80094900
2025-03-07,567.68505859375,569.1340707451673,557.5422141835529,562.7368791286215,81158800
2025-03-10,552.564453125,561.396298293426,547.6458132504099,559.4742288830657,99326600
2025-03-11,547.9710083007812,555.9552243228402,544.1268096197261,551.4012894751355,88102100
2025-03-12,550.8787841796875,555.0581473332891,545.7728595599632,554.1315858671662,69588200
2025-03-13,543.5353393554688,551.1153839968962,541.8202288918889,550.5042540653316,74079400
2025-03-14,554.762451171875,555.7678855775432,543.6043071486545,548.1582415612112,62660300
2025-03-17,559.0404663085938,561.5638590041749,554.3090523622551,554.7427633019219,49008700
2025-03-18,552.9981079101562,556.9409127203818,551.0661118946721,556.7240271713574,66041400
2025-03-19,559.020751953125,562.7861379289428,553.5993951050114,554.7822486316311,66556000
2025-03-20,557.4042358398438,562.4116154449966,554.5555445552985,555.2751474371241,62958200
2025-03-21,557.5880737304688,558.4877939738346,551.7055567482902,552.9413897854555,83763000
2025-03-24,567.5736083984375,568.6314886589248,563.7375780431137,564.3307537296456,58766800
2025-03-25,568.93798828125,569.8771730865459,567.1880294433175,568.7797678649376,38355700
2025-03-26,562.1458129882812,569.7980806984394,560.7616559941828,568.6709866041082,51848300
2025-03-27,560.6529541015625,564.4296669577193,558.5371935416607,560.7517966033342,42164200
2025-03-28,549.3623657226562,559.8521624781242,548.7790863172526,559.120558969836,71662700
2025-03-31,553.0501098632812,554.3551567474991,540.6719872727307,543.5984615291653,95328200
2025-04-01,554.6121215820312,556.559825628618,547.4047657676659,551.1320571376683,54609600
2025-04-02,558.1220092773438,560.9891058051336,548.5220362276616,548.7593065231022,76014500
2025-04-03,530.6172485351562,541.7594774009829,530.6172485351562,538.9319060881811,125986000
2025-04-04,499.5533447265625,519.9099817661254,499.3358369172059,517.7349036725598,217965100
2025-04-07,498.6635437011719,517.2405628900261,476.33944038650816,483.64569927250346,256611400
2025-04-08,490.8531188964844,519.0300819148135,483.6160734043612,515.9454474877983,165816600
2025-04-09,542.4021606445312,542.4021606445312,487.46196103833506,487.84755542038147,241867300
2025-04-10,518.6346435546875,527.4535310578508,503.5475844453038,526.1385878330984,162331200
2025-04-11,527.8884887695312,530.3502582115377,514.1756919605745,517.0823733080597,97866300
2025-04-14,533.0098266601562,538.111379094838,527.8094317224818,537.8839447885014,68034000
2025-04-15,531.516845703125,537.0731451747598,530.7259247754906,533.5534957548979,56892900
2025-04-16,519.7023315429688,531.7937621429162,514.3931980244283,525.6541223320015,83484800
2025-04-17,520.44384765625,525.1499093262158,517.9721816819745,521.6599483491107,79868100
2025-04-21,508.05584716796875,515.7872249375157,502.6972625032136,515.2533065114334,69368100
2025-04-22,521.2744140625,523.3011683263503,513.3057644566182,514.2450097037921,75948100
2025-04-23,529.3516845703125,539.2482437222484,527.8291602174767,534.3049123051696,90590700
2025-04-24,540.4940795898438,541.2256831290485,529.3814780255258,530.6370434198044,64150400
2025-04-25,544.3992919921875,544.804618673288,537.5280483044934,540.454522631326,61119600
2025-04-28,544.6068725585938,547.2762839575454,538.8429907853031,545.1407910444296,47613800
2025-04-29,548.0375366210938,549.1547344204944,542.3329124899421,542.6888178923871,47775100
2025-04-30,548.2550659179688,550.2126665027023,535.3826699025942,541.3640897959557,93101500
2025-05-01,552.1405029296875,557.6770710508032,551.5374308999284,554.0189932525213,63186100
2025-05-02,560.3365478515625,561.9381825044319,556.006184429092,558.3295262045715,60717300
2025-05-05,557.1233520507812,560.2277786911415,555.3338684753841,556.1940033222468,38659200
2025-05-06,552.4667358398438,556.9651555946843,550.6476235760448,551.6066009560054,48264700
2025-05-07,554.7901611328125,557.4298834610689,549.738030089525,553.8014947566288,55588000
2025-05-08,558.6558227539062,563.8463212534109,555.333918196641,558.8337754612519,65130800
2025-05-09,557.9439697265625,561.068128702691,556.381860066797,560.0596697605964,37603400
2025-05-12,576.3826293945312,576.3925257137258,570.5000520977247,574.8798371188,78993600
2025-05-13,580.1890258789062,582.4036289948938,576.234360216526,576.7978469712151,67947200
2025-05-14,580.9305419921875,582.3047424874353,578.9037275086155,581.1480196448847,66283500
2025-05-15,583.7679443359375,584.2721134769878,578.4686469334371,578.9234551699535,71268100
2025-05-16,587.4655151367188,587.7621029517821,582.6012939394769,584.5489375445604,76052100
2025-05-19,588.108154296875,588.7903364922698,581.4346564328234,581.4346564328234,68168500
2025-05-20,586.130859375,587.3172711404261,582.9176935296509,586.3681900028125,60614500
2025-05-21,576.254150390625,585.8640202940028,575.2259589387613,581.7709264399082,95197700
2025-05-22,576.4814453125,579.971405887537,574.8204328669485,576.0562657117097,70860400
2025-05-23,572.5465698242188,575.2159811048424,569.0763411937487,569.4520392436427,76029000
2025-05-27,584.4501953125,584.6083553931982,571.8743267058999,579.4277528567243,72588500
2025-05-28,581.0689086914062,586.051826179252,580.3373051792158,584.8555180607121,68445500
2025-05-29,583.362548828125,586.4768718669775,579.4276761926377,586.3384441000501,69973300
2025-05-30,582.7101440429688,584.4304140423015,576.6298211275496,582.2553357440712,90601200
2025-06-02,585.9924926757812,586.0715425417425,578.429170462151,581.0985818518681,61630500
2025-06-03,589.3341674804688,590.3129375391912,585.1421713516531,585.6266685650614,63606200
2025-06-04,589.1759033203125,591.173028564345,588.7408877328025,590.1942585782981,57314200
2025-06-05,586.3285522460938,592.2111289512687,584.3512195951713,590.8566609128592,92278700
2025-06-06,592.3495483398438,594.0203968199735,590.0953601848463,591.8749474768216,66588700
2025-06-09,592.8834228515625,594.4356362447949,591.7069074945726,592.9229477814916,53016400
2025-06-10,596.244873046875,596.6304070325093,592.3001042710282,593.4172416440205,66247000
2025-06-11,594.54443359375,598.2025114763902,592.4781545343917,597.3423765043648,73658200
2025-06-12,596.9072875976562,596.9072875976562,592.7252483956809,593.2096852350186,64129000
2025-06-13,590.2338256835938,595.0288334634262,588.731033484191,591.7168252456129,89506000
2025-06-16,595.8494262695312,597.5993850121447,593.4172853343232,593.5952983788304,79984100
2025-06-17,590.7578735351562,594.9300168530282,589.9965810836336,593.4074922933922,82209400
2025-06-18,590.6688842773438,594.4060120669617,589.7098464455568,591.6575507239553,76605000
2025-06-20,589.2816162109375,594.4180406328666,587.8735160730708,593.3471074282096,94051400
2025-06-23,595.1022338867188,595.4889076465048,586.9116980815279,590.0351674928282,87426000
2025-06-24,601.6764526367188,602.737399696003,598.3347417480489,599.2470472798032,67735300
2025-06-25,602.0136108398438,603.4910690166892,600.4468830082857,602.7969444947229,62114800
2025-06-26,606.7236328125,607.1599344481853,603.2530708764845,603.8678512919777,78548400
2025-06-27,609.738037109375,611.2056301568862,605.6923970890058,607.7251426738447,86258400
2025-06-30,612.6533813476562,614.0118537505704,609.867018033134,612.1873634601734,92502500
2025-07-01,612.455078125,613.625146088841,610.3429883405835,611.1758893553448,70030100
2025-07-02,615.2315063476562,615.2711481262035,611.4237773441516,612.0484833566157,66510400
2025-07-03,620.0803833007812,621.0124795190609,617.194824993195,617.214676143094,51065800
2025-07-07,615.4595336914062,618.7813935886118,612.6731706581298,618.1169852960921,74814500
2025-07-08,615.1224365234375,616.8775081543645,614.3093261623386,616.1238907210633,59024600
2025-07-09,618.8110961914062,619.4655183729625,615.6875662931247,617.5319680301938,66113300
2025-07-10,620.5563354492188,621.5974919629854,617.7699723301522,618.9499658515675,57529000
2025-07-11,618.3748168945312,619.6043777491163,616.3024294765994,617.5022136064131,63670200
2025-07-14,619.5547485351562,619.901780492049,616.5700558274259,617.9186024028506,51898500
2025-07-15,616.9072875976562,622.5791484786782,616.8279435196437,622.2420420602726,74317300
2025-07-16,618.9697265625,619.4754466932056,612.8516386863737,618.4937831556223,88987500
2025-07-17,622.7576293945312,623.1146474859103,618.9301097920578,619.1482908768893,68885700
2025-07-18,622.301513671875,624.175571102461,621.1909387049365,624.007017899032,65621600
2025-07-21,623.4815063476562,626.2281670376054,623.0551302914085,623.4815063476562,63375000
2025-07-22,623.5707397460938,624.4334174667899,620.9232136557434,623.8087114591411,60046300
2025-07-23,628.8757934570312,628.8757934570312,624.4334327911965,626.2381323551606,70511000
2025-07-24,629.083984375,630.7994747941685,628.6576082944551,629.2624631630094,71307100
2025-07-25,631.741455078125,632.2174590489252,629.5005143245561,629.7484116245431,56865400
2025-07-28,631.5828247070312,632.6735486135409,630.1945756243812,632.1182610848412,54917100
2025-07-29,629.9168701171875,633.2981621509475,629.0046251365209,632.980846392065,60556300
2025-07-30,629.1236572265625,632.3165451544952,626.2281734095909,630.5713386132512,80418900
2025-07-31,626.7637329101562,634.4683400166905,625.464753449126,634.0816662163586,103385200
2025-08-01,616.49072265625,621.0719198033348,614.0811684978922,621.032217506902,140103600
2025-08-04,625.8612670898438,625.9108344398344,620.3183179857707,620.4075271113948,73218000
2025-08-05,622.6881713867188,627.2891592865192,621.7660007962415,626.4760489706393,68051400
2025-08-06,627.457763671875,628.1121858315174,622.8468502662965,623.7590952688204,64357500
2025-08-07,626.9321899414062,631.6223868787783,623.8185857342208,630.8886206499576,74205800
2025-08-08,631.8207397460938,632.2868180975779,628.4096707981653,628.7269865749256,64051600
2025-08-11,630.5713500976562,633.5758942477272,629.3219380955197,632.0984361099556,58742300
2025-08-12,637.2844848632812,637.4431125105409,631.434084195598,632.9214680410968,64730800
2025-08-13,639.4659423828125,640.7549961752953,637.2745085703324,639.4857330110176,60092800
2025-08-14,639.525390625,640.1897383639256,636.9373576458678,637.3835243153912,59327500
2025-08-15,638.0281372070312,640.6558727131268,637.11589211782,640.5566774831647,68592500
2025-08-18,637.8892822265625,638.5834067295413,636.7787072305159,637.4529805837014,43804900
2025-08-19,634.4286499023438,638.6924711313014,633.1098193903536,637.7108075589789,69750700
2025-08-20,632.742919921875,634.2798709561484,627.6263466835007,634.0221086228163,88890300
2025-08-21,630.2044677734375,632.604096553562,628.4791123479844,630.9283690027011,54805800
2025-08-22,639.8824462890625,641.0624398986112,631.8902394824283,632.3959596753498,84083200
2025-08-25,637.0662231445312,639.8625116828326,636.9472372936925,638.6230253017661,51274300
2025-08-26,639.733642578125,640.0807351008626,636.1738713484165,636.7985773675441,51581600
2025-08-27,641.1912841796875,641.9250504526357,638.9998504138363,639.148612992103,48341100
2025-08-28,643.4619750976562,644.0172625669782,639.9121297324674,641.7961126896905,61519500
2025-08-29,639.6245727539062,642.3911452321481,637.7306640961879,642.0242015644989,74522200
2025-09-02,634.884765625,635.1028861742022,629.5797276837342,632.13804448044,81983500
2025-09-03,638.3255615234375,638.7916398746721,635.0731807265284,637.2645539172183,70820900
2025-09-04,643.6602783203125,643.6900550422279,638.09747828346,638.999797688006,65219200
2025-09-05,641.796142578125,646.7243720544352,637.9190556866993,646.0004708304714,85178900
2025-09-08,643.3727416992188,644.3742563254497,641.7861629025881,643.1644862104067,63133100
2025-09-09,644.8601684570312,645.3856792185645,641.7762803015634,643.5115612591451,66133900
2025-09-10,646.724365234375,649.0446498954948,645.1576374702139,648.122479271532,78034500
2025-09-11,652.0988159179688,652.7929404681626,648.092817304151,648.6778210448584,69934400
2025-09-12,651.880615234375,653.5663289422531,651.374955591632,652.0690195991697,72780100
2025-09-15,655.3511352539062,655.4800466805781,653.7943936028013,654.0918582328915,63772400
2025-09-16,654.4488525390625,656.213910313041,653.6655188822047,655.9064595692537,61169000
2025-09-17,653.6357421875,656.1543568928759,648.7967821934204,654.4587781451693,101952200
2025-09-18,656.6898193359375,659.2977035594738,654.7165666735059,656.3229362038169,90459200
2025-09-19,659.9423217773438,660.7874850308027,656.6311583459587,658.5800832029405,97945600
2025-09-22,663.0645141601562,663.5119177999496,658.4209110544651,658.4507703315647,69452200
2025-09-23,659.4551391601562,663.5617612775759,658.2320617574377,662.9452156846509,81708900
2025-09-24,657.3569946289062,660.8471316064555,655.9350982101993,660.7477220570149,68082200
2025-09-25,654.3242797851562,655.6765652531099,650.7048739536411,654.2149171420698,89622100
2025-09-26,658.072998046875,658.619871988132,654.1553026157394,655.7760789419195,69179200
2025-09-29,659.9224243164062,661.5134019828115,658.112721358766,660.5985670660314,73499000
2025-09-30,662.4082641601562,662.8756347075731,657.8641309647478,659.1766647693167,86288000
2025-10-01,664.6654663085938,665.5802405756418,659.3059681646932,659.4153308150761,72545400
2025-10-02,665.4309692382812,666.7733621981591,663.004842335434,666.6540464714482,56896000
2025-10-03,665.421142578125,668.8714672806448,664.377038831869,666.1966948783695,70494400
2025-10-06,667.8074951171875,668.7024238148077,665.669704301124,667.8174482099862,54623300
2025-10-07,665.3316040039062,669.1796881705657,663.8898014056139,668.7322238208072,72020100
2025-10-08,669.2990112304688,669.398481470165,665.6299006256374,666.4552183740389,60702200
2025-10-09,667.3600463867188,670.1243359074817,665.4211353124821,669.7166839203261,66501900
2025-10-10,649.32275390625,670.1342452495495,649.14378031214,668.324542434099,159422600
2025-10-13,659.2860107421875,661.3642043859337,656.0345659370097,656.9095884512618,79560500
2025-10-14,658.4805908203125,662.0602448848334,649.4718888267987,653.4492417720955,88779600
2025-10-15,661.4039916992188,666.4353410824248,655.1993304017814,663.0446741742268,81702600
2025-10-16,656.899658203125,664.9239754340409,653.3896149312258,663.0446615126489,110563300
2025-10-17,660.62841796875,661.9906565438909,654.4138037793879,655.7660892614911,96500900
2025-10-20,667.499267578125,668.4041493887289,663.4921159142255,663.5418206897375,60493400
2025-10-21,667.4892578125,669.1796448635298,666.1866772188026,667.6384328159621,56249000
2025-10-22,664.0191040039062,668.1953369980629,659.5445816579371,668.1953369980629,80564000
2025-10-23,667.9566650390625,668.9012985038863,664.019063764971,664.3372592841532,65604500
2025-10-24,673.4155883789062,674.628651928334,671.8246714345047,672.6300829996666,74356500
2025-10-27,681.3603515625,681.658640907831,678.2580209918731,678.8645527756448,63339800
2025-10-28,683.1700439453125,685.0095454543999,680.9526890414517,683.1600908523567,61738100
2025-10-29,683.4981689453125,685.795087823854,679.0037407351697,684.8205950917289,85657100
2025-10-30,675.98095703125,682.0563488815194,675.98095703125,680.0279207971732,76335800
2025-10-31,678.1983642578125,681.2012852815519,675.3943230278239,681.1614729090464,87164100
2025-11-03,679.4711303710938,681.9171636388411,676.0903560257897,681.7878948104295,57315000
2025-11-04,671.4169921875,676.1103005794487,670.7607556049009,672.2820616639051,78427000
2025-11-05,673.7437133789062,677.0051112074705,670.3529860359731,671.1583975728993,74402400
2025-11-06,666.514892578125,673.5448715272548,664.9338680034818,672.6399897028363,85035300
2025-11-07,667.1710815429688,667.2805048704689,657.4663915648358,664.1284090392404,100592400
2025-11-10,677.5819091796875,678.317709828293,671.2082272333661,673.4056760856186,75842900
2025-11-11,679.1329956054688,679.6997756663966,674.8871520395073,676.1002762110339,58953400
2025-11-12,679.5108642578125,681.081935653801,677.0946296424269,680.9128544582501,62312500
2025-11-13,668.2350463867188,677.0051169124795,666.723693536663,676.6471697129602,103457800
2025-11-14,668.125732421875,671.8345948923219,659.5147893727298,661.6128286383953,96846700
2025-11-17,661.901123046875,669.8956413839408,658.4209391867944,665.9083353081996,90456100
2025-11-18,656.3428344726562,661.3542775984923,652.1466953365565,658.351356546523,114467500
2025-11-19,658.87841796875,663.561773390439,655.020380360944,657.0389163187169,94703000
2025-11-20,648.8355712890625,671.7351497651099,648.1991802397498,669.1001291109939,165293500
2025-11-21,655.2987670898438,660.7874729698119,647.1650267848305,651.3412595795126,123956200
2025-11-24,664.9437866210938,666.2662734630499,657.8442577670318,658.9380055466532,80437900
2025-11-25,671.1981811523438,672.3814460202411,660.7178178396566,664.8443455838128,81077100
2025-11-26,675.8318481445312,677.8404309302599,672.8885849296569,673.7934667684052,71879600
2025-11-28,679.5208129882812,679.7991961322198,676.6471609574353,677.0051081523229,49212000
2025-12-01,676.4185180664062,679.1230890446475,674.8971513739515,674.9667623359846,61201200
2025-12-02,677.67138671875,679.9483994968172,675.4838303983408,678.0591325179204,62953800
2025-12-03,680.0180053710938,681.0321891246488,675.8417725523884,676.7167950740063,57238500
2025-12-04,680.51513671875,681.4895687361658,677.4824173401821,681.4199577792665,61970300
2025-12-05,681.8078002929688,684.4925257185774,680.7040993957534,681.5890143183475,79241000
2025-12-08,679.7594604492188,682.7524282821314,677.7111260885928,682.7027235077143,55231500
2025-12-09,679.1727294921875,681.5094606319436,678.7253258622812,679.2821528162136,58310100
2025-12-10,683.6771850585938,685.0692222502689,677.4526176554032,678.6955405173951,85671300
2025-12-11,685.26806640625,685.3476304583654,678.3076987410943,681.2609148661827,86173700
2025-12-12,677.9000244140625,684.9797075791527,675.3246617594549,684.2737056052856,113160300
2025-12-15,676.8758544921875,681.8774049984522,675.4042533093998,681.8574988128718,90811000
2025-12-16,675.0264282226562,677.2239376857725,671.1584377196804,675.3843754405706,122030600
2025-12-17,667.5986938476562,676.5874893555698,667.3998140691156,676.0406154817738,110625200
2025-12-18,672.6399536132812,676.8857972779194,671.0788959983324,673.7635606688432,108650100
2025-12-19,678.7363891601562,679.2350273728672,674.6275542880097,674.747283458469,103599500
2025-12-22,682.96484375,683.4933686131409,678.7364013691785,682.0772531068674,69556700
2025-12-23,686.0863037109375,686.325640311278,682.0074163952171,682.0572680421344,64840000
2025-12-24,688.4996948242188,688.9484813838191,685.9267046355759,686.0763204450832,39445600
2025-12-26,688.4298706054688,689.7761694005526,687.392725060237,688.758988861415,41613300
2025-12-29,685.9765625,687.322922191004,684.2014421207446,685.6674092439482,62559500
2025-12-30,685.138916015625,686.6846823672308,684.7100944386586,685.5777200962995,47160700
2025-12-31,680.062744140625,685.4879304984822,679.8533550408816,685.2685588951464,74144800
2026-01-02,681.309326171875,684.999261161205,677.9684744567207,683.842447277036,89377200
2026-01-05,685.846923828125,687.5522884526621,684.5106074856512,684.6701449336617,71927200
2026-01-06,689.92578125,690.4344019511112,685.9067890249802,686.0563439630641,69273800
2026-01-07,687.701904296875,692.0699799720542,687.4426026835383,690.3047811958188,75588300
2026-01-08,687.632080078125,688.7390423054183,685.6175622141362,686.9439569075789,64019200
2026-01-09,692.1796264648438,693.4162394407576,687.3029303433501,688.7489932725086,80125500
2026-01-12,693.2666625976562,694.1941832506386,688.7490319805348,688.7988836287034,63976000
2026-01-13,691.8804931640625,694.194181802135,689.467040360938,693.595779418591,78309700
2026-01-14,688.479736328125,689.8360176539858,684.1714948792828,689.1180078469732,94676700
2026-01-15,690.3546142578125,693.5558934557131,689.3673203481677,692.678285342935,77862000
2026-01-16,689.7761840820312,692.359156800422,688.22043529661,691.7707369284135,79289200
2026-01-20,675.7345581054688,682.9049778344743,674.7272992054969,679.6338820353151,111623300
2026-01-21,683.5332641601562,686.8641332264262,676.2830453044572,677.7989248999835,127844500
2026-01-22,687.103515625,689.2476843606095,685.0491285530771,687.9711412752974,77112200
2026-01-23,687.352783203125,689.0781127396581,685.2884137823622,686.2757685331861,63059600
2026-01-26,690.84326171875,692.2394730275811,688.0409174669724,688.609372319757,60473800
2026-01-27,693.5957641601562,694.6329705879123,691.6810104865692,692.2893344912051,55506100
2026-01-28,693.5259399414062,695.9393926651097,692.0499903412962,695.1515053497095,61172200
2026-01-29,692.1497192382812,695.1615135683285,682.9648421722587,694.4933553961189,97486200
2026-01-30,690.0853271484375,692.3192774332931,685.2485609149509,689.9058246991844,101835100
2026-02-02,693.5159912109375,695.0318708971434,687.5423149981101,687.7019133171445,79286500
2026-02-03,687.6520385742188,695.0617950648859,682.1670182684101,694.3138377504575,107904600
2026-02-04,684.3211059570312,689.5667896413613,679.9031787408285,688.4697490630058,105204600
2026-02-05,675.7744750976562,681.8279505601881,673.9494421186707,679.0854402743204,113610800
2026-02-06,688.739013671875,690.4244132010324,678.995603890688,679.6039887472712,89127600
2026-02-09,692.0599975585938,693.9747512796714,686.4652913399738,687.5423060693106,73885200
2026-02-10,690.2349243164062,694.64286887948,689.7761552680904,693.0572335194393,65185700
2026-02-11,690.075439453125,695.2413241987686,687.3029816841566,694.4933668556342,76353900
2026-02-12,679.41455078125,693.4561594586687,678.5169776231163,692.3491972008484,118829000
2026-02-13,679.8931884765625,684.410879804094,675.6747287653898,679.833354327075,96267500
2026-02-17,680.9901733398438,683.074507822494,673.9394826742099,678.287593220413,81354700
2026-02-18,684.4208374023438,687.2730943282486,680.9702998190471,682.157061237011,73570300
2026-02-19,682.61572265625,684.311104689823,679.6937101433548,681.9775120282383,58649400
2026-02-20,687.5523071289062,688.1805961724377,679.8732661615737,680.4616860592505,100034000
2026-02-23,680.531494140625,688.1207533479937,678.5169762252317,685.9566804858357,90558100
2026-02-24,685.4779052734375,686.4751816677359,678.1479481229125,680.0427976196477,73798700
2026-02-25,691.26220703125,691.7907319065998,688.2204651135966,688.3002642742074,56369500
2026-02-26,687.422607421875,691.4117130049051,682.486077089091,691.391808867856,71671000
2026-02-27,684.1216430664062,684.9892686841309,679.7835149777827,681.2295779636313,83308900
2026-03-02,684.5106201171875,686.744509644098,676.1734035367807,676.8515442239554,87477200
2026-03-03,678.4771118164062,680.7508704958498,667.8361281509542,673.221445388408,105003100
2026-03-04,683.2639770507812,685.2186606854194,677.7689744100875,679.7735096903759,79182200
2026-03-05,679.4544067382812,683.6629449535216,673.7699188745959,680.2223290726917,106606500
2026-03-06,670.5487060546875,674.2685275228549,667.9358467743081,671.5758690877306,100687000
2026-03-09,676.4227294921875,678.0681991431876,660.5859743093405,664.5750801817165,102667700
2026-03-10,675.3356323242188,681.4987932365287,672.9222404542279,675.87413967305,81505300
2026-03-11,674.4879760742188,678.2277626375325,671.5061293267642,675.7345715953234,68441700
2026-03-12,664.2459106445312,669.8207124533001,664.0564256954588,669.3319958917509,108882200
2026-03-13,660.4862060546875,670.5088831921612,659.5587462493693,667.4472371497842,97200200
2026-03-16,667.2078857421875,670.239584206393,665.3030536555561,666.5596317087426,82023100
2026-03-17,668.9630126953125,672.60309589337,667.8760155087483,670.5586914524959,87128000
2026-03-18,659.6285400390625,667.8959397089973,659.3892034355257,666.5396583763402,82062600
2026-03-19,658.0029907226562,661.1743225351036,653.3855958813168,655.1806813207687,111272500
2026-03-20,648.5700073242188,656.6900024414062,644.719970703125,656.510009765625,163617500
2026-03-23,655.3800048828125,662.6199951171875,653.9400024414062,658.0700073242188,134802700
2026-03-24,653.1799926757812,657.030029296875,649.8800048828125,651.3200073242188,96457500
2026-03-25,656.8200073242188,660.8900146484375,654.239990234375,658.6699829101562,90653800
2026-03-26,645.0900268554688,654.8499755859375,644.8200073242188,652.0599975585938,96494400
2026-03-27,634.0900268554688,642.6599731445312,633.1099853515625,642.5,103649400
2026-03-30,631.969970703125,640.3699951171875,629.280029296875,640.1099853515625,99275900
2026-03-31,650.3400268554688,651.5399780273438,637.97998046875,638.9400024414062,152534100
